<?xml version="1.0" encoding="UTF-8"?>
<!DOCTYPE beans PUBLIC "-//SPRING//DTD BEAN//EN" "http://www.springframework.org/dtd/spring-beans.dtd">

<beans >
	<bean id="memcachedPool" class="gov.df.fap.service.util.memcache.SockIOPool" factory-method="getInstance"  
        init-method="initialize" destroy-method="shutDown">  
        <constructor-arg><value>default</value></constructor-arg>
        <property name="servers">  
            <list>  
                <value>127.0.0.1:11211</value>  
           </list>  
        </property>  
        <property name="initConn"><value>20</value></property>  
        <property name="minConn"><value>10</value></property>  
        <property name="maxConn"><value>50</value></property>  
        <property name="maintSleep"><value>30</value></property>  
        <property name="nagle"><value>false</value></property>  
        <property name="socketTO"><value>3000</value></property>  
    </bean>  
       
    <bean id="memcachedClient" class="gov.df.fap.service.util.memcache.MemCachedClient">  
     	<property name="compressEnable"><value>true</value></property>  
        <property name="compressThreshold"><value>30720</value></property>   
    </bean>  
	
</beans>
