<?xml version="1.0" encoding="UTF-8"?>
<beans xmlns="http://www.springframework.org/schema/beans" xmlns:xsi="http://www.w3.org/2001/XMLSchema-instance"   
       xmlns:mybatis="http://mybatis.org/schema/mybatis-spring"  
       xmlns:context="http://www.springframework.org/schema/context"  
       xsi:schemaLocation="http://www.springframework.org/schema/beans http://www.springframework.org/schema/beans/spring-beans.xsd  
       http://mybatis.org/schema/mybatis-spring http://mybatis.org/schema/mybatis-spring.xsd  
       http://www.springframework.org/schema/context http://www.springframework.org/schema/context/spring-context.xsd">      

      <!-- 自动扫描 -->  
    <context:component-scan base-package="gov.df.fap" />  
    <!-- 引入配置文件 -->
	<bean id="dataSource" class="org.springframework.jndi.JndiObjectFactoryBean">
		<property name="jndiName">
			<value>dfdatasource</value>
		</property>
		<!-- 如果你不想使用 'java:comp/env/'前缀的话请设置下面的值为true, 默认值为false -->
		<property name="resourceRef">
			<value>false</value>
		</property>
		<!-- <property name="jndiEnvironment">
			<props>
				<prop key="java.naming.provider.url">t3://localhost:7001</prop>
				<prop key="java.naming.factory.initial">weblogic.jndi.WLInitialContextFactory
				</prop>
			</props>
		</property> -->
	</bean>  
    
    <!-- spring和MyBatis整合，不需要mybatis的配置映射文件 -->  
    <bean id="sqlSessionFactory" class="org.mybatis.spring.SqlSessionFactoryBean">  
        <property name="dataSource" ref="dataSource" />  
        <!-- 自动扫描mapping.xml文件 -->  
        <property name="mapperLocations" value="classpath:gov/df/fap/service/portal/sqlMap/*.xml"></property>  
    </bean>
  
    <!-- DAO接口所在包名，Spring会自动查找其下的类 -->  
    <bean class="org.mybatis.spring.mapper.MapperScannerConfigurer">  
        <property name="basePackage" value="gov.df.fap.service.portal.dao" />  
        <property name="sqlSessionFactoryBeanName" value="sqlSessionFactory"></property>  
    </bean>  
    
        <!-- mybatis spring sqlSessionTemplate,使用时直接让spring注入即可 -->
    <bean id="sqlSessionTemplate" class="org.mybatis.spring.SqlSessionTemplate">
        <constructor-arg index="0" ref="sqlSessionFactory"></constructor-arg>
    </bean>

    <!-- 门户所用bean -->
       <bean id="df.fap.portal.service.getBaseService" class="gov.df.fap.service.portal.impl.BaseServiceImpl"></bean>
       <bean id="df.fap.portal.service.getBaseDao" class="gov.df.fap.service.portal.dao.BaseDao"></bean>  
       <!-- 配置Jdbc模板 -->
	   <bean id="jdbcTemplate" class="org.springframework.jdbc.core.JdbcTemplate">
	       <property name="dataSource" ref="dataSource"></property>
	   </bean>
	   <bean id="multipartResolver"  class="org.springframework.web.multipart.commons.CommonsMultipartResolver"> 
		    <!-- 设置上传文件的最大尺寸为50MB -->
			<property name="maxUploadSize">
				<value>52428800</value>
			</property>
			<property name="defaultEncoding">
				<value>utf-8</value>
			</property>
			<!-- <property name="uploadTempDir">
				<value>d:/upload/temp/</value>
			</property> -->
			<property name="maxInMemorySize">
				<value>52428800</value>
			</property>
       </bean> 
</beans>