<?xml version="1.0" encoding="UTF-8"?>
<beans xmlns="http://www.springframework.org/schema/beans"
	xmlns:xsi="http://www.w3.org/2001/XMLSchema-instance"
	xmlns:distributed="http://www.springframework.org/schema/fasp2/distributed"
	xmlns:dic="http://www.springframework.org/schema/fasp2/dic"
	xsi:schemaLocation="http://www.springframework.org/schema/beans
        http://www.springframework.org/schema/beans/spring-beans.xsd
        http://www.springframework.org/schema/fasp2/dic
        http://www.springframework.org/schema/fasp2/dic/dic.xsd
        http://www.springframework.org/schema/fasp2/distributed
        http://www.springframework.org/schema/fasp2/distributed/distributed.xsd
        http://www.springframework.org/schema/context http://www.springframework.org/schema/context/spring-context.xsd"
	xmlns:context="http://www.springframework.org/schema/context "
>
	<bean id="redisPoll" class="gov.df.fap.service.redis.pool.RedisConnect"
        init-method="initialize" destroy-method="shutDown"/>  
	<!-- redis配置文件 -->
	<!-- <context:property-placeholder ignore-unresolvable="true" location="classpath:redis.properties" /> -->
	<bean id="propertyConfigurer" class="org.springframework.beans.factory.config.PropertyPlaceholderConfigurer">
        <property name="locations">
            <list>
                <value>classpath:redis.properties</value>
            </list>
        </property>
        <property name="systemPropertiesMode" value="2"></property> 
    </bean>
	<!-- redis连接池 -->
	<bean id="jedisConfig" class="redis.clients.jedis.JedisPoolConfig">
		<property name="maxActive" value="${redis_max_active}"></property>
		<property name="maxIdle" value="${redis_max_idle}"></property>
		<property name="maxWait" value="${redis_max_wait}"></property>
		<property name="testOnBorrow" value="${redis_test_on_borrow}"></property>
	</bean>
	<!-- redis连接工厂 -->
	<bean id="connectionFactory"
		class="org.springframework.data.redis.connection.jedis.JedisConnectionFactory">
		<property name="hostName" value="${redis_addr}"></property>
		<property name="port" value="${redis_port}"></property>
	<!-- 	<property name="password" value="${redis_auth}"></property> -->
		<property name="poolConfig" ref="jedisConfig"></property>
	</bean>
	<!-- redis操作模板，这里采用尽量面向对象的模板 -->
	<bean id="redisTemplate" class="org.springframework.data.redis.core.StringRedisTemplate">
		<property name="connectionFactory" ref="connectionFactory" />
		<!-- 如果不配置Serializer，那么存储的时候只能使用String，如果用对象类型存储，那么会提示错误 can't cast to 
			String！！！ -->
		<property name="keySerializer">
			<bean
				class="org.springframework.data.redis.serializer.StringRedisSerializer" />
		</property>
		<property name="valueSerializer">
			<bean
				class="org.springframework.data.redis.serializer.JdkSerializationRedisSerializer" />
		</property>
	</bean>

</beans>