<beans xmlns="http://www.springframework.org/schema/beans"
	xmlns:xsi="http://www.w3.org/2001/XMLSchema-instance"
	xmlns:distributed="http://www.springframework.org/schema/fasp2/distributed"
	xmlns:dic="http://www.springframework.org/schema/fasp2/dic"
	xmlns:aop="http://www.springframework.org/schema/aop"
    xmlns:tx="http://www.springframework.org/schema/tx" 
    xmlns:context="http://www.springframework.org/schema/context"
	xsi:schemaLocation="http://www.springframework.org/schema/beans
        http://www.springframework.org/schema/beans/spring-beans.xsd
        http://www.springframework.org/schema/fasp2/dic
        http://www.springframework.org/schema/fasp2/dic/dic.xsd
        http://www.springframework.org/schema/fasp2/distributed
        http://www.springframework.org/schema/fasp2/distributed/distributed.xsd
        http://www.springframework.org/schema/tx http://www.springframework.org/schema/tx/spring-tx-3.0.xsd
     http://www.springframework.org/schema/aop http://www.springframework.org/schema/aop/spring-aop-3.0.xsd
     http://www.springframework.org/schema/context http://www.springframework.org/schema/context/spring-context-3.1.xsd
        ">
	
	<bean id="sys.objectMapper" class="com.fasterxml.jackson.databind.ObjectMapper"></bean>
	
	<!-- 事务管理器 -->
	<bean id="transactionManager"
		class="org.springframework.jdbc.datasource.DataSourceTransactionManager">
		<property name="dataSource" ref="multiDataSource" />
	</bean>
	
	

	<!-- 配置流程引擎配置对象 -->
	<bean id="processEngineConfiguration" class="org.activiti.spring.SpringProcessEngineConfiguration">
		<!-- 注入数据源 -->
		<property name="dataSource" ref="multiDataSource"></property>
		<!-- 注入事务管理器 -->
		<property name="transactionManager" ref="transactionManager"></property>
		<!-- 注入自动建表设置 -->
		<property name="databaseSchemaUpdate" value="true"></property>
		
	</bean>

	<!-- 提供工厂bean，创建流程引擎对象 -->
	<bean id="processEngine" class="org.activiti.spring.ProcessEngineFactoryBean">
		<property name="processEngineConfiguration" ref="processEngineConfiguration"></property>
	</bean>
	
	<!-- 配置Service -->
	<bean id="repositoryService" factory-bean="processEngine" factory-method="getRepositoryService"></bean>
	
	
</beans>