begin
insert into SYS_ENUMERATE (chr_id, field_code, enu_code, enu_name, create_date, create_user, latest_op_date, latest_op_user, is_deleted, last_ver)
values ('{8B6F933F-E967-11DB-B53B-85C94935F4FE}', 'IS_REFORM', '1', '集中支付单位', '2007-04-13 10:34:46', '3869', '2007-04-13 10:34:46', '3869', 0, '2007-04-13 10:34:46');
insert into SYS_ENUMERATE (chr_id, field_code, enu_code, enu_name, create_date, create_user, latest_op_date, latest_op_user, is_deleted, last_ver)
values ('{8B71DD30-E967-11DB-B53B-85C94935F4FE}', 'IS_REFORM', '2', '实拨单位', '2007-04-13 10:34:46', '3869', '2007-04-13 10:34:46', '3869', 0, '2007-04-13 10:34:46');
insert into SYS_ENUMERATE (chr_id, field_code, enu_code, enu_name, create_date, create_user, latest_op_date, latest_op_user, is_deleted, last_ver)
values ('{8B6F933E-E967-11DB-B53B-85C94935F4FE}', 'IS_REFORM', '0', '转支单位', '2007-04-13 10:34:46', '3869', '2007-04-13 10:34:46', '3869', 0, '2007-04-13 10:34:46');
insert into SYS_ENUMERATE (chr_id, field_code, enu_code, enu_name, create_date, create_user, latest_op_date, latest_op_user, is_deleted, last_ver)
values ('{13D18401-E968-11DB-B53B-85C94935F4FE}', 'SECRET_DEGREE', '1', '涉密', '2007-04-13 10:38:35', '3869', '2007-04-13 10:38:35', '3869', 0, '2007-04-13 10:38:35');
insert into SYS_ENUMERATE (chr_id, field_code, enu_code, enu_name, create_date, create_user, latest_op_date, latest_op_user, is_deleted, last_ver)
values ('{13D18402-E968-11DB-B53B-85C94935F4FE}', 'SECRET_DEGREE', '2', '半涉密', '2007-04-13 10:38:35', '3869', '2007-04-13 10:38:35', '3869', 0, '2007-04-13 10:38:35');
insert into SYS_ENUMERATE (chr_id, field_code, enu_code, enu_name, create_date, create_user, latest_op_date, latest_op_user, is_deleted, last_ver)
values ('{13D3F503-E968-11DB-B53B-85C94935F4FE}', 'SECRET_DEGREE', '3', '非涉密', '2007-04-13 10:38:35', '3869', '2007-04-13 10:38:35', '3869', 0, '2007-04-13 10:38:35');
insert into SYS_ENUMERATE (chr_id, field_code, enu_code, enu_name, create_date, create_user, latest_op_date, latest_op_user, is_deleted, last_ver)
values ('{16151E0A-4EA3-11DB-9415-D9BF6C55AE5B}', 'SET_TYPE', '3', '社保基金账', '2006-09-28 11:40:29', '{20FB16A8-BD71-49B2-9248-EDD5FA5BFA1D}', '2006-09-28 11:40:29', '{20FB16A8-BD71-49B2-9248-EDD5FA5BFA1D}', 0, '2006-09-28 11:40:29');
insert into SYS_ENUMERATE (chr_id, field_code, enu_code, enu_name, create_date, create_user, latest_op_date, latest_op_user, is_deleted, last_ver)
values ('{16106319-4EA3-11DB-9415-D9BF6C55AE5B}', 'SET_TYPE', '0', '指标账', '2006-09-28 11:40:29', '{20FB16A8-BD71-49B2-9248-EDD5FA5BFA1D}', '2006-09-28 11:40:29', '{20FB16A8-BD71-49B2-9248-EDD5FA5BFA1D}', 0, '2006-09-28 11:40:29');
insert into SYS_ENUMERATE (chr_id, field_code, enu_code, enu_name, create_date, create_user, latest_op_date, latest_op_user, is_deleted, last_ver)
values ('{160DF218-4EA3-11DB-9415-D9BF6C55AE5B}', 'SET_TYPE', '1', '预算内账', '2006-09-28 11:40:29', '{20FB16A8-BD71-49B2-9248-EDD5FA5BFA1D}', '2006-09-28 11:40:29', '{20FB16A8-BD71-49B2-9248-EDD5FA5BFA1D}', 0, '2006-09-28 11:40:29');
insert into SYS_ENUMERATE (chr_id, field_code, enu_code, enu_name, create_date, create_user, latest_op_date, latest_op_user, is_deleted, last_ver)
values ('{1606ED37-4EA3-11DB-9415-D9BF6C55AE5B}', 'SET_TYPE', '2', '预算外账', '2006-09-28 11:40:29', '{20FB16A8-BD71-49B2-9248-EDD5FA5BFA1D}', '2006-09-28 11:40:29', '{20FB16A8-BD71-49B2-9248-EDD5FA5BFA1D}', 0, '2006-09-28 11:40:29');
insert into SYS_ENUMERATE (chr_id, field_code, enu_code, enu_name, create_date, create_user, latest_op_date, latest_op_user, is_deleted, last_ver)
values ('{35EC6B8A-38A4-11DB-965D-F3806F75CD06}', 'USER_TYPE', '3', '路由用户', '2006-08-31 11:53:06', '{20FB16A8-BD71-49B2-9248-EDD5FA5BFA1D}', '2006-08-31 11:53:06', '{20FB16A8-BD71-49B2-9248-EDD5FA5BFA1D}', 0, '2006-08-31 11:53:06');
insert into SYS_ENUMERATE (chr_id, field_code, enu_code, enu_name, create_date, create_user, latest_op_date, latest_op_user, is_deleted, last_ver)
values ('{35E7D7A9-38A4-11DB-965D-F3806F75CD06}', 'USER_TYPE', '2', '超级用户', '2006-08-31 11:53:06', '{20FB16A8-BD71-49B2-9248-EDD5FA5BFA1D}', '2006-08-31 11:53:06', '{20FB16A8-BD71-49B2-9248-EDD5FA5BFA1D}', 0, '2006-08-31 11:53:06');
insert into SYS_ENUMERATE (chr_id, field_code, enu_code, enu_name, create_date, create_user, latest_op_date, latest_op_user, is_deleted, last_ver)
values ('{35E4CA68-38A4-11DB-965D-F3806F75CD06}', 'USER_TYPE', '1', '系统管理员', '2006-08-31 11:53:06', '{20FB16A8-BD71-49B2-9248-EDD5FA5BFA1D}', '2006-08-31 11:53:06', '{20FB16A8-BD71-49B2-9248-EDD5FA5BFA1D}', 0, '2006-08-31 11:53:06');
insert into SYS_ENUMERATE (chr_id, field_code, enu_code, enu_name, create_date, create_user, latest_op_date, latest_op_user, is_deleted, last_ver)
values ('{35DEAFE7-38A4-11DB-965D-F3806F75CD06}', 'USER_TYPE', '0', '普通用户', '2006-08-31 11:53:06', '{20FB16A8-BD71-49B2-9248-EDD5FA5BFA1D}', '2006-08-31 11:53:06', '{20FB16A8-BD71-49B2-9248-EDD5FA5BFA1D}', 0, '2006-08-31 11:53:06');
insert into SYS_ENUMERATE (chr_id, field_code, enu_code, enu_name, create_date, create_user, latest_op_date, latest_op_user, is_deleted, last_ver)
values ('{0C4C8EFD-6022-11DB-97A0-D475D164589F}', 'VIEW_TYPE', '004', '明细视图', '2006-10-20 18:02:08', '{20FB16A8-BD71-49B2-9248-EDD5FA5BFA1D}', '2006-10-20 18:02:08', '{20FB16A8-BD71-49B2-9248-EDD5FA5BFA1D}', 0, '2006-10-20 18:02:08');
insert into SYS_ENUMERATE (chr_id, field_code, enu_code, enu_name, create_date, create_user, latest_op_date, latest_op_user, is_deleted, last_ver)
values ('{0C4A1DFC-6022-11DB-97A0-D475D164589F}', 'VIEW_TYPE', '003', '查询视图', '2006-10-20 18:02:08', '{20FB16A8-BD71-49B2-9248-EDD5FA5BFA1D}', '2006-10-20 18:02:08', '{20FB16A8-BD71-49B2-9248-EDD5FA5BFA1D}', 0, '2006-10-20 18:02:08');
insert into SYS_ENUMERATE (chr_id, field_code, enu_code, enu_name, create_date, create_user, latest_op_date, latest_op_user, is_deleted, last_ver)
values ('{0C47D40B-6022-11DB-97A0-D475D164589F}', 'VIEW_TYPE', '002', '列表视图', '2006-10-20 18:02:08', '{20FB16A8-BD71-49B2-9248-EDD5FA5BFA1D}', '2006-10-20 18:02:08', '{20FB16A8-BD71-49B2-9248-EDD5FA5BFA1D}', 0, '2006-10-20 18:02:08');
insert into SYS_ENUMERATE (chr_id, field_code, enu_code, enu_name, create_date, create_user, latest_op_date, latest_op_user, is_deleted, last_ver)
values ('{0C42F20A-6022-11DB-97A0-D475D164589F}', 'VIEW_TYPE', '001', '录入视图', '2006-10-20 18:02:08', '{20FB16A8-BD71-49B2-9248-EDD5FA5BFA1D}', '2006-10-20 18:02:08', '{20FB16A8-BD71-49B2-9248-EDD5FA5BFA1D}', 0, '2006-10-20 18:02:08');
insert into SYS_ENUMERATE (chr_id, field_code, enu_code, enu_name, create_date, create_user, latest_op_date, latest_op_user, is_deleted, last_ver)
values ('{5A198CA9-1567-11DB-A6A2-8A8EC36584E6}', 'ORG_TYPE', '006', '下级财政', '2006-07-17 15:39:17', '{20FB16A8-BD71-49B2-9248-EDD5FA5BFA1D}', '2006-07-17 15:39:17', '{20FB16A8-BD71-49B2-9248-EDD5FA5BFA1D}', 0, '2006-08-29 16:45:00');
insert into SYS_ENUMERATE (chr_id, field_code, enu_code, enu_name, create_date, create_user, latest_op_date, latest_op_user, is_deleted, last_ver)
values ('{5A198CA8-1567-11DB-A6A2-8A8EC36584E6}', 'ORG_TYPE', '005', '业务处室', '2006-07-17 15:39:17', '{20FB16A8-BD71-49B2-9248-EDD5FA5BFA1D}', '2006-07-17 15:39:17', '{20FB16A8-BD71-49B2-9248-EDD5FA5BFA1D}', 0, '2006-08-29 16:45:00');
insert into SYS_ENUMERATE (chr_id, field_code, enu_code, enu_name, create_date, create_user, latest_op_date, latest_op_user, is_deleted, last_ver)
values ('{5A171BA7-1567-11DB-A6A2-8A8EC36584E6}', 'ORG_TYPE', '004', '清算银行', '2006-07-17 15:39:17', '{20FB16A8-BD71-49B2-9248-EDD5FA5BFA1D}', '2006-07-17 15:39:17', '{20FB16A8-BD71-49B2-9248-EDD5FA5BFA1D}', 0, '2006-08-29 16:45:00');
insert into SYS_ENUMERATE (chr_id, field_code, enu_code, enu_name, create_date, create_user, latest_op_date, latest_op_user, is_deleted, last_ver)
values ('{5A14AAA6-1567-11DB-A6A2-8A8EC36584E6}', 'ORG_TYPE', '003', '代理银行', '2006-07-17 15:39:17', '{20FB16A8-BD71-49B2-9248-EDD5FA5BFA1D}', '2006-07-17 15:39:17', '{20FB16A8-BD71-49B2-9248-EDD5FA5BFA1D}', 0, '2006-08-29 16:45:00');
insert into SYS_ENUMERATE (chr_id, field_code, enu_code, enu_name, create_date, create_user, latest_op_date, latest_op_user, is_deleted, last_ver)
values ('{5A1260B5-1567-11DB-A6A2-8A8EC36584E6}', 'ORG_TYPE', '002', '预算单位', '2006-07-17 15:39:17', '{20FB16A8-BD71-49B2-9248-EDD5FA5BFA1D}', '2006-07-17 15:39:17', '{20FB16A8-BD71-49B2-9248-EDD5FA5BFA1D}', 0, '2006-08-29 16:45:00');
insert into SYS_ENUMERATE (chr_id, field_code, enu_code, enu_name, create_date, create_user, latest_op_date, latest_op_user, is_deleted, last_ver)
values ('{5A1260B4-1567-11DB-A6A2-8A8EC36584E6}', 'ORG_TYPE', '001', '财政用户', '2006-07-17 15:39:17', '{20FB16A8-BD71-49B2-9248-EDD5FA5BFA1D}', '2006-07-17 15:39:17', '{20FB16A8-BD71-49B2-9248-EDD5FA5BFA1D}', 0, '2006-08-29 16:45:00');
insert into SYS_ENUMERATE (chr_id, field_code, enu_code, enu_name, create_date, create_user, latest_op_date, latest_op_user, is_deleted, last_ver)
values ('{AF7DBA5F-422F-11DB-A19D-BA49AA8877DA}', 'ACTION_TYPE', 'HANG', '挂起', '2006-09-12 15:24:11', '{20FB16A8-BD71-49B2-9248-EDD5FA5BFA1D}', '2006-09-12 15:24:11', '{20FB16A8-BD71-49B2-9248-EDD5FA5BFA1D}', 0, '2006-09-12 15:24:11');
insert into SYS_ENUMERATE (chr_id, field_code, enu_code, enu_name, create_date, create_user, latest_op_date, latest_op_user, is_deleted, last_ver)
values ('{AF78D85E-422F-11DB-A19D-BA49AA8877DA}', 'ACTION_TYPE', 'DISCARD', '作废', '2006-09-12 15:24:11', '{20FB16A8-BD71-49B2-9248-EDD5FA5BFA1D}', '2006-09-12 15:24:11', '{20FB16A8-BD71-49B2-9248-EDD5FA5BFA1D}', 0, '2006-09-12 15:24:11');
insert into SYS_ENUMERATE (chr_id, field_code, enu_code, enu_name, create_date, create_user, latest_op_date, latest_op_user, is_deleted, last_ver)
values ('{AF741D6D-422F-11DB-A19D-BA49AA8877DA}', 'ACTION_TYPE', 'DELETE', '删除', '2006-09-12 15:24:11', '{20FB16A8-BD71-49B2-9248-EDD5FA5BFA1D}', '2006-09-12 15:24:11', '{20FB16A8-BD71-49B2-9248-EDD5FA5BFA1D}', 0, '2006-09-12 15:24:11');
insert into SYS_ENUMERATE (chr_id, field_code, enu_code, enu_name, create_date, create_user, latest_op_date, latest_op_user, is_deleted, last_ver)
values ('{AF6F627C-422F-11DB-A19D-BA49AA8877DA}', 'ACTION_TYPE', 'RECALL', '撤消', '2006-09-12 15:24:11', '{20FB16A8-BD71-49B2-9248-EDD5FA5BFA1D}', '2006-09-12 15:24:11', '{20FB16A8-BD71-49B2-9248-EDD5FA5BFA1D}', 0, '2006-09-12 15:24:11');
insert into SYS_ENUMERATE (chr_id, field_code, enu_code, enu_name, create_date, create_user, latest_op_date, latest_op_user, is_deleted, last_ver)
values ('{AF6AA78B-422F-11DB-A19D-BA49AA8877DA}', 'ACTION_TYPE', 'BACK', '退回', '2006-09-12 15:24:11', '{20FB16A8-BD71-49B2-9248-EDD5FA5BFA1D}', '2006-09-12 15:24:11', '{20FB16A8-BD71-49B2-9248-EDD5FA5BFA1D}', 0, '2006-09-12 15:24:11');
insert into SYS_ENUMERATE (chr_id, field_code, enu_code, enu_name, create_date, create_user, latest_op_date, latest_op_user, is_deleted, last_ver)
values ('{AF65C58A-422F-11DB-A19D-BA49AA8877DA}', 'ACTION_TYPE', 'NEXT', '审核', '2006-09-12 15:24:11', '{20FB16A8-BD71-49B2-9248-EDD5FA5BFA1D}', '2006-09-12 15:24:11', '{20FB16A8-BD71-49B2-9248-EDD5FA5BFA1D}', 0, '2006-09-12 15:24:11');
insert into SYS_ENUMERATE (chr_id, field_code, enu_code, enu_name, create_date, create_user, latest_op_date, latest_op_user, is_deleted, last_ver)
values ('{AF610A99-422F-11DB-A19D-BA49AA8877DA}', 'ACTION_TYPE', 'EDIT', '修改', '2006-09-12 15:24:11', '{20FB16A8-BD71-49B2-9248-EDD5FA5BFA1D}', '2006-09-12 15:24:11', '{20FB16A8-BD71-49B2-9248-EDD5FA5BFA1D}', 0, '2006-09-12 15:24:11');
insert into SYS_ENUMERATE (chr_id, field_code, enu_code, enu_name, create_date, create_user, latest_op_date, latest_op_user, is_deleted, last_ver)
values ('{AF5C4FA8-422F-11DB-A19D-BA49AA8877DA}', 'ACTION_TYPE', 'INPUT', '录入', '2006-09-12 15:24:11', '{20FB16A8-BD71-49B2-9248-EDD5FA5BFA1D}', '2006-09-12 15:24:11', '{20FB16A8-BD71-49B2-9248-EDD5FA5BFA1D}', 0, '2006-09-12 15:24:11');
insert into SYS_ENUMERATE (chr_id, field_code, enu_code, enu_name, create_date, create_user, latest_op_date, latest_op_user, is_deleted, last_ver)
values ('{AF5794B7-422F-11DB-A19D-BA49AA8877DA}', 'ACTION_TYPE', 'STRIDE_DISCARD', '跨节点作废', '2006-09-12 15:24:11', '{20FB16A8-BD71-49B2-9248-EDD5FA5BFA1D}', '2006-09-12 15:24:11', '{20FB16A8-BD71-49B2-9248-EDD5FA5BFA1D}', 0, '2006-09-12 15:24:11');
insert into SYS_ENUMERATE (chr_id, field_code, enu_code, enu_name, create_date, create_user, latest_op_date, latest_op_user, is_deleted, last_ver)
values ('{AF52B2B6-422F-11DB-A19D-BA49AA8877DA}', 'ACTION_TYPE', 'STRIDE_DELETE', '跨节点删除', '2006-09-12 15:24:10', '{20FB16A8-BD71-49B2-9248-EDD5FA5BFA1D}', '2006-09-12 15:24:10', '{20FB16A8-BD71-49B2-9248-EDD5FA5BFA1D}', 0, '2006-09-12 15:24:10');
insert into SYS_ENUMERATE (chr_id, field_code, enu_code, enu_name, create_date, create_user, latest_op_date, latest_op_user, is_deleted, last_ver)
values ('{AF4DF7C5-422F-11DB-A19D-BA49AA8877DA}', 'ACTION_TYPE', 'STRIDE_HANG', '跨节点挂起', '2006-09-12 15:24:10', '{20FB16A8-BD71-49B2-9248-EDD5FA5BFA1D}', '2006-09-12 15:24:10', '{20FB16A8-BD71-49B2-9248-EDD5FA5BFA1D}', 0, '2006-09-12 15:24:10');
insert into SYS_ENUMERATE (chr_id, field_code, enu_code, enu_name, create_date, create_user, latest_op_date, latest_op_user, is_deleted, last_ver)
values ('{AF493CD4-422F-11DB-A19D-BA49AA8877DA}', 'ACTION_TYPE', 'DISTILL', '提取', '2006-09-12 15:24:10', '{20FB16A8-BD71-49B2-9248-EDD5FA5BFA1D}', '2006-09-12 15:24:10', '{20FB16A8-BD71-49B2-9248-EDD5FA5BFA1D}', 0, '2006-09-12 15:24:10');
insert into SYS_ENUMERATE (chr_id, field_code, enu_code, enu_name, create_date, create_user, latest_op_date, latest_op_user, is_deleted, last_ver)
values ('{644FBEBF-D7A9-4189-9EE3-E089E2BD6F5B}', 'ACCOUNT_TYPE', '11', '直接支付财政零余额账户', '2009-04-26 15:18:00', null, '2009-04-26 15:18:00', null, 0, null);
insert into SYS_ENUMERATE (chr_id, field_code, enu_code, enu_name, create_date, create_user, latest_op_date, latest_op_user, is_deleted, last_ver)
values ('{0B72FEEE-4666-4C23-8946-7333996D8AD1}', 'ACCOUNT_TYPE', '12', '授权支付预算单位零余额账户', '2009-04-26 15:18:00', null, '2009-04-26 15:18:00', null, 0, null);
insert into SYS_ENUMERATE (chr_id, field_code, enu_code, enu_name, create_date, create_user, latest_op_date, latest_op_user, is_deleted, last_ver)
values ('{E0A0DF62-7FDD-4F54-8F22-E5BECD03F923}', 'ACCOUNT_TYPE', '21', '国库清算账户', '2009-04-26 15:18:00', null, '2009-04-26 15:18:00', null, 0, null);
insert into SYS_ENUMERATE (chr_id, field_code, enu_code, enu_name, create_date, create_user, latest_op_date, latest_op_user, is_deleted, last_ver)
values ('{7881E01B-93C7-4D8A-9B60-A69585F59FED}', 'ACCOUNT_TYPE', '22', '国库实拨付款账户', '2009-04-26 15:18:00', null, '2009-04-26 15:18:00', null, 0, null);
insert into SYS_ENUMERATE (chr_id, field_code, enu_code, enu_name, create_date, create_user, latest_op_date, latest_op_user, is_deleted, last_ver)
values ('{3F56ECDF-6A88-4ACB-B3D8-29E2E1543D79}', 'ACCOUNT_TYPE', '31', '代理银行清算账户', '2009-04-26 15:18:00', null, '2009-04-26 15:18:00', null, 0, null);
insert into SYS_ENUMERATE (chr_id, field_code, enu_code, enu_name, create_date, create_user, latest_op_date, latest_op_user, is_deleted, last_ver)
values ('{EAF6509C-5E7B-4B55-80F4-FE431C0F3700}', 'ACCOUNT_TYPE', '61', '预算单位工资统发账户', '2009-04-26 15:18:00', null, '2009-04-26 15:18:00', null, 0, null);
insert into SYS_ENUMERATE (chr_id, field_code, enu_code, enu_name, create_date, create_user, latest_op_date, latest_op_user, is_deleted, last_ver)
values ('{904D3E7F-E462-4AA6-B963-1049351C4E82}', 'ACCOUNT_TYPE', '62', '预算单位实拨收款账户', '2009-04-26 15:18:00', null, '2009-04-26 15:18:00', null, 0, null);

insert into SYS_EXPIMP_CONFIG_FIELD (config_table_code, config_field_code, config_field_name, is_must, is_enumerate, field_index)
values ('BAP', 'CHR_NAME', '显示名', 1, 0, 2);
insert into SYS_EXPIMP_CONFIG_FIELD (config_table_code, config_field_code, config_field_name, is_must, is_enumerate, field_index)
values ('BAP', 'ACCOUNT_NO', '帐号', 1, 0, 3);
insert into SYS_EXPIMP_CONFIG_FIELD (config_table_code, config_field_code, config_field_name, is_must, is_enumerate, field_index)
values ('BAP', 'ACCOUNT_NAME', '帐号名称', 0, 0, 4);
insert into SYS_EXPIMP_CONFIG_FIELD (config_table_code, config_field_code, config_field_name, is_must, is_enumerate, field_index)
values ('BAP', 'BANK_CODE', '开户行', 1, 0, 5);
insert into SYS_EXPIMP_CONFIG_FIELD (config_table_code, config_field_code, config_field_name, is_must, is_enumerate, field_index)
values ('BAP', 'ACCOUNT_TYPE', '账户类型', 1, 1, 6);
insert into SYS_EXPIMP_CONFIG_FIELD (config_table_code, config_field_code, config_field_name, is_must, is_enumerate, field_index)
values ('AGENT_ACCOUNT', 'CHR_CODE', '编码', 1, 0, 1);
insert into SYS_EXPIMP_CONFIG_FIELD (config_table_code, config_field_code, config_field_name, is_must, is_enumerate, field_index)
values ('AGENT_ACCOUNT', 'CHR_NAME', '显示名', 1, 0, 2);
insert into SYS_EXPIMP_CONFIG_FIELD (config_table_code, config_field_code, config_field_name, is_must, is_enumerate, field_index)
values ('AGENT_ACCOUNT', 'ACCOUNT_NO', '帐号', 1, 0, 3);
insert into SYS_EXPIMP_CONFIG_FIELD (config_table_code, config_field_code, config_field_name, is_must, is_enumerate, field_index)
values ('AGENT_ACCOUNT', 'ACCOUNT_NAME', '帐号名', 0, 0, 4);
insert into SYS_EXPIMP_CONFIG_FIELD (config_table_code, config_field_code, config_field_name, is_must, is_enumerate, field_index)
values ('AGENT_ACCOUNT', 'BANK_CODE', '开户行', 1, 0, 5);
insert into SYS_EXPIMP_CONFIG_FIELD (config_table_code, config_field_code, config_field_name, is_must, is_enumerate, field_index)
values ('AGENT_ACCOUNT', 'ACCOUNT_TYPE', '账户类型', 0, 1, 6);
insert into SYS_EXPIMP_CONFIG_FIELD (config_table_code, config_field_code, config_field_name, is_must, is_enumerate, field_index)
values ('BAP', 'CHR_CODE', '编码', 1, 0, 1);
insert into SYS_EXPIMP_CONFIG_FIELD (config_table_code, config_field_code, config_field_name, is_must, is_enumerate, field_index)
values ('BAP', 'OWNER_CODE', '账户所属', 0, 0, 7);
insert into SYS_EXPIMP_CONFIG_FIELD (config_table_code, config_field_code, config_field_name, is_must, is_enumerate, field_index)
values ('BAC', 'CHR_CODE', '编码', 1, 0, 1);
insert into SYS_EXPIMP_CONFIG_FIELD (config_table_code, config_field_code, config_field_name, is_must, is_enumerate, field_index)
values ('BAC', 'CHR_NAME', '显示名', 1, 0, 2);
insert into SYS_EXPIMP_CONFIG_FIELD (config_table_code, config_field_code, config_field_name, is_must, is_enumerate, field_index)
values ('BAC', 'ACCOUNT_NO', '帐号', 1, 0, 3);
insert into SYS_EXPIMP_CONFIG_FIELD (config_table_code, config_field_code, config_field_name, is_must, is_enumerate, field_index)
values ('BAC', 'ACCOUNT_NAME', '账户名称', 0, 0, 4);
insert into SYS_EXPIMP_CONFIG_FIELD (config_table_code, config_field_code, config_field_name, is_must, is_enumerate, field_index)
values ('BAC', 'BANK_CODE', '开户行', 1, 0, 5);
insert into SYS_EXPIMP_CONFIG_FIELD (config_table_code, config_field_code, config_field_name, is_must, is_enumerate, field_index)
values ('BAC', 'ACCOUNT_TYPE', '账户类型', 1, 1, 6);
insert into SYS_EXPIMP_CONFIG_FIELD (config_table_code, config_field_code, config_field_name, is_must, is_enumerate, field_index)
values ('AS', 'CHR_CODE', '编码', 1, 0, 1);
insert into SYS_EXPIMP_CONFIG_FIELD (config_table_code, config_field_code, config_field_name, is_must, is_enumerate, field_index)
values ('AS', 'CHR_NAME', '名称', 1, 0, 2);
insert into SYS_EXPIMP_CONFIG_FIELD (config_table_code, config_field_code, config_field_name, is_must, is_enumerate, field_index)
values ('PB', 'CHR_CODE', '编码', 1, 0, 1);
insert into SYS_EXPIMP_CONFIG_FIELD (config_table_code, config_field_code, config_field_name, is_must, is_enumerate, field_index)
values ('PB', 'CHR_NAME', '银行名称', 1, 0, 2);
insert into SYS_EXPIMP_CONFIG_FIELD (config_table_code, config_field_code, config_field_name, is_must, is_enumerate, field_index)
values ('PB', 'BANK_CHARGE', '银行负责人', 0, 0, 3);
insert into SYS_EXPIMP_CONFIG_FIELD (config_table_code, config_field_code, config_field_name, is_must, is_enumerate, field_index)
values ('PB', 'FINANCE_CHARGE', '业务负责人', 0, 0, 4);
insert into SYS_EXPIMP_CONFIG_FIELD (config_table_code, config_field_code, config_field_name, is_must, is_enumerate, field_index)
values ('PB', 'DISTRICT_number', '电话区号', 0, 0, 5);
insert into SYS_EXPIMP_CONFIG_FIELD (config_table_code, config_field_code, config_field_name, is_must, is_enumerate, field_index)
values ('PB', 'TELEPHONE', '电话号码', 0, 0, 6);
insert into SYS_EXPIMP_CONFIG_FIELD (config_table_code, config_field_code, config_field_name, is_must, is_enumerate, field_index)
values ('PB', 'EXTENSION_number', '分机号', 0, 0, 7);
insert into SYS_EXPIMP_CONFIG_FIELD (config_table_code, config_field_code, config_field_name, is_must, is_enumerate, field_index)
values ('PB', 'ADDRESS', '银行地址', 0, 0, 8);
insert into SYS_EXPIMP_CONFIG_FIELD (config_table_code, config_field_code, config_field_name, is_must, is_enumerate, field_index)
values ('CB', 'CHR_CODE', '编码', 1, 0, 1);
insert into SYS_EXPIMP_CONFIG_FIELD (config_table_code, config_field_code, config_field_name, is_must, is_enumerate, field_index)
values ('CB', 'CHR_NAME', '银行名称', 1, 0, 2);
insert into SYS_EXPIMP_CONFIG_FIELD (config_table_code, config_field_code, config_field_name, is_must, is_enumerate, field_index)
values ('CB', 'BANK_CHARGE', '银行负责人', 0, 0, 3);
insert into SYS_EXPIMP_CONFIG_FIELD (config_table_code, config_field_code, config_field_name, is_must, is_enumerate, field_index)
values ('CB', 'FINANCE_CHARGE', '业务负责人', 0, 0, 4);
insert into SYS_EXPIMP_CONFIG_FIELD (config_table_code, config_field_code, config_field_name, is_must, is_enumerate, field_index)
values ('CB', 'DISTRICT_number', '电话区号', 0, 0, 5);
insert into SYS_EXPIMP_CONFIG_FIELD (config_table_code, config_field_code, config_field_name, is_must, is_enumerate, field_index)
values ('CB', 'TELEPHONE', '电话号码', 0, 0, 6);
insert into SYS_EXPIMP_CONFIG_FIELD (config_table_code, config_field_code, config_field_name, is_must, is_enumerate, field_index)
values ('CB', 'EXTENSION_number', '分机号', 0, 0, 7);
insert into SYS_EXPIMP_CONFIG_FIELD (config_table_code, config_field_code, config_field_name, is_must, is_enumerate, field_index)
values ('CB', 'ADDRESS', '银行地址', 0, 0, 8);
insert into SYS_EXPIMP_CONFIG_FIELD (config_table_code, config_field_code, config_field_name, is_must, is_enumerate, field_index)
values ('BIS', 'CHR_CODE', '编码', 1, 0, 1);
insert into SYS_EXPIMP_CONFIG_FIELD (config_table_code, config_field_code, config_field_name, is_must, is_enumerate, field_index)
values ('BIS', 'CHR_NAME', '名称', 1, 0, 2);
insert into SYS_EXPIMP_CONFIG_FIELD (config_table_code, config_field_code, config_field_name, is_must, is_enumerate, field_index)
values ('PAYKIND', 'CHR_CODE', '编码', 1, 0, 1);
insert into SYS_EXPIMP_CONFIG_FIELD (config_table_code, config_field_code, config_field_name, is_must, is_enumerate, field_index)
values ('PAYKIND', 'CHR_NAME', '名称', 1, 0, 2);
insert into SYS_EXPIMP_CONFIG_FIELD (config_table_code, config_field_code, config_field_name, is_must, is_enumerate, field_index)
values ('BGTSOURCE', 'CHR_CODE', '编码', 1, 0, 1);
insert into SYS_EXPIMP_CONFIG_FIELD (config_table_code, config_field_code, config_field_name, is_must, is_enumerate, field_index)
values ('BGTSOURCE', 'CHR_NAME', '名称', 1, 0, 2);
insert into SYS_EXPIMP_CONFIG_FIELD (config_table_code, config_field_code, config_field_name, is_must, is_enumerate, field_index)
values ('BGTTYPE', 'CHR_CODE', '编码', 1, 0, 1);
insert into SYS_EXPIMP_CONFIG_FIELD (config_table_code, config_field_code, config_field_name, is_must, is_enumerate, field_index)
values ('BGTTYPE', 'CHR_NAME', '名称', 1, 0, 2);
insert into SYS_EXPIMP_CONFIG_FIELD (config_table_code, config_field_code, config_field_name, is_must, is_enumerate, field_index)
values ('BP', 'CHR_CODE', '编码', 1, 0, 1);
insert into SYS_EXPIMP_CONFIG_FIELD (config_table_code, config_field_code, config_field_name, is_must, is_enumerate, field_index)
values ('BP', 'CHR_NAME', '名称', 1, 0, 2);
insert into SYS_EXPIMP_CONFIG_FIELD (config_table_code, config_field_code, config_field_name, is_must, is_enumerate, field_index)
values ('EXPFUNC', 'CHR_CODE', '编码', 1, 0, 1);
insert into SYS_EXPIMP_CONFIG_FIELD (config_table_code, config_field_code, config_field_name, is_must, is_enumerate, field_index)
values ('EXPFUNC', 'CHR_NAME', '名称', 1, 0, 2);
insert into SYS_EXPIMP_CONFIG_FIELD (config_table_code, config_field_code, config_field_name, is_must, is_enumerate, field_index)
values ('IN_BS', 'CHR_CODE', '编码', 1, 0, 1);
insert into SYS_EXPIMP_CONFIG_FIELD (config_table_code, config_field_code, config_field_name, is_must, is_enumerate, field_index)
values ('IN_BS', 'CHR_NAME', '名称', 1, 0, 2);
insert into SYS_EXPIMP_CONFIG_FIELD (config_table_code, config_field_code, config_field_name, is_must, is_enumerate, field_index)
values ('EXPECO', 'CHR_CODE', '编码', 1, 0, 1);
insert into SYS_EXPIMP_CONFIG_FIELD (config_table_code, config_field_code, config_field_name, is_must, is_enumerate, field_index)
values ('EXPECO', 'CHR_NAME', '名称', 1, 0, 2);
insert into SYS_EXPIMP_CONFIG_FIELD (config_table_code, config_field_code, config_field_name, is_must, is_enumerate, field_index)
values ('BUDGET_SUMMARY', 'CHR_CODE', '编码', 1, 0, 1);
insert into SYS_EXPIMP_CONFIG_FIELD (config_table_code, config_field_code, config_field_name, is_must, is_enumerate, field_index)
values ('BUDGET_SUMMARY', 'CHR_NAME', '名称', 1, 0, 2);
insert into SYS_EXPIMP_CONFIG_FIELD (config_table_code, config_field_code, config_field_name, is_must, is_enumerate, field_index)
values ('BGTDIR', 'CHR_CODE', '编码', 1, 0, 1);
insert into SYS_EXPIMP_CONFIG_FIELD (config_table_code, config_field_code, config_field_name, is_must, is_enumerate, field_index)
values ('BGTDIR', 'CHR_NAME', '名称', 1, 0, 2);
insert into SYS_EXPIMP_CONFIG_FIELD (config_table_code, config_field_code, config_field_name, is_must, is_enumerate, field_index)
values ('EDITOR', 'CHR_CODE', '编码', 1, 0, 1);
insert into SYS_EXPIMP_CONFIG_FIELD (config_table_code, config_field_code, config_field_name, is_must, is_enumerate, field_index)
values ('EDITOR', 'CHR_NAME', '名称', 1, 0, 2);
insert into SYS_EXPIMP_CONFIG_FIELD (config_table_code, config_field_code, config_field_name, is_must, is_enumerate, field_index)
values ('AGENCY', 'CHR_CODE', '编码', 1, 0, 1);
insert into SYS_EXPIMP_CONFIG_FIELD (config_table_code, config_field_code, config_field_name, is_must, is_enumerate, field_index)
values ('AGENCY', 'CHR_NAME', '单位名称', 1, 0, 2);
insert into SYS_EXPIMP_CONFIG_FIELD (config_table_code, config_field_code, config_field_name, is_must, is_enumerate, field_index)
values ('AGENCY', 'EN_PROPERTY', '基本性质', 0, 0, 3);
insert into SYS_EXPIMP_CONFIG_FIELD (config_table_code, config_field_code, config_field_name, is_must, is_enumerate, field_index)
values ('AGENCY', 'SORT_PROPERTY', '分类含义', 0, 0, 4);
insert into SYS_EXPIMP_CONFIG_FIELD (config_table_code, config_field_code, config_field_name, is_must, is_enumerate, field_index)
values ('AGENCY', 'EN_CHARGE', '单位负责人', 0, 0, 5);
insert into SYS_EXPIMP_CONFIG_FIELD (config_table_code, config_field_code, config_field_name, is_must, is_enumerate, field_index)
values ('AGENCY', 'CLERK', '办事员', 0, 0, 6);
insert into SYS_EXPIMP_CONFIG_FIELD (config_table_code, config_field_code, config_field_name, is_must, is_enumerate, field_index)
values ('AGENCY', 'ADDRESS', '地址', 0, 0, 7);
insert into SYS_EXPIMP_CONFIG_FIELD (config_table_code, config_field_code, config_field_name, is_must, is_enumerate, field_index)
values ('AGENCY', 'IS_REFORM', '改革单位属性', 0, 1, 8);
insert into SYS_EXPIMP_CONFIG_FIELD (config_table_code, config_field_code, config_field_name, is_must, is_enumerate, field_index)
values ('AGENCY', 'START_DATE', '启用时间', 0, 0, 9);
insert into SYS_EXPIMP_CONFIG_FIELD (config_table_code, config_field_code, config_field_name, is_must, is_enumerate, field_index)
values ('AGENCY', 'END_DATE', '停用时间', 0, 0, 10);
insert into SYS_EXPIMP_CONFIG_FIELD (config_table_code, config_field_code, config_field_name, is_must, is_enumerate, field_index)
values ('AGENCY', 'SECRETDEGREE', '涉密级别', 0, 0, 11);
insert into SYS_EXPIMP_CONFIG_FIELD (config_table_code, config_field_code, config_field_name, is_must, is_enumerate, field_index)
values ('AGENCY', 'ISBUDGET', '是否预算编制', 0, 0, 12);
insert into SYS_EXPIMP_CONFIG_FIELD (config_table_code, config_field_code, config_field_name, is_must, is_enumerate, field_index)
values ('AGENCY', 'LULOAD_MOD', '上报模式', 0, 0, 13);
insert into SYS_EXPIMP_CONFIG_FIELD (config_table_code, config_field_code, config_field_name, is_must, is_enumerate, field_index)
values ('AGENCY', 'EN_CF_MOD', '控制模式', 0, 0, 14);
insert into SYS_EXPIMP_CONFIG_FIELD (config_table_code, config_field_code, config_field_name, is_must, is_enumerate, field_index)
values ('AGENCY', 'EXPFUNC_ID', '基本科目', 0, 0, 15);
insert into SYS_EXPIMP_CONFIG_FIELD (config_table_code, config_field_code, config_field_name, is_must, is_enumerate, field_index)
values ('IN_BIS', 'CHR_CODE', '编码', 1, 0, 1);
insert into SYS_EXPIMP_CONFIG_FIELD (config_table_code, config_field_code, config_field_name, is_must, is_enumerate, field_index)
values ('IN_BIS', 'CHR_NAME', '名称', 1, 0, 2);
insert into SYS_EXPIMP_CONFIG_FIELD (config_table_code, config_field_code, config_field_name, is_must, is_enumerate, field_index)
values ('FUNDTYPE', 'CHR_CODE', '编码', 1, 0, 1);
insert into SYS_EXPIMP_CONFIG_FIELD (config_table_code, config_field_code, config_field_name, is_must, is_enumerate, field_index)
values ('FUNDTYPE', 'CHR_NAME', '资金性质名称', 1, 0, 2);
insert into SYS_EXPIMP_CONFIG_FIELD (config_table_code, config_field_code, config_field_name, is_must, is_enumerate, field_index)
values ('PAYEE_ACCOUNT', 'CHR_CODE', '编码', 1, 0, 1);
insert into SYS_EXPIMP_CONFIG_FIELD (config_table_code, config_field_code, config_field_name, is_must, is_enumerate, field_index)
values ('PAYEE_ACCOUNT', 'CHR_NAME', '显示名', 1, 0, 2);
insert into SYS_EXPIMP_CONFIG_FIELD (config_table_code, config_field_code, config_field_name, is_must, is_enumerate, field_index)
values ('PAYEE_ACCOUNT', 'ACCOUNT_NO', '帐号', 0, 0, 3);
insert into SYS_EXPIMP_CONFIG_FIELD (config_table_code, config_field_code, config_field_name, is_must, is_enumerate, field_index)
values ('PAYEE_ACCOUNT', 'ACCOUNT_NAME', '帐号名称', 0, 0, 4);
insert into SYS_EXPIMP_CONFIG_FIELD (config_table_code, config_field_code, config_field_name, is_must, is_enumerate, field_index)
values ('PAYEE_ACCOUNT', 'PAYEE_NAME', '收款人', 0, 0, 5);
insert into SYS_EXPIMP_CONFIG_FIELD (config_table_code, config_field_code, config_field_name, is_must, is_enumerate, field_index)
values ('PAYEE_ACCOUNT', 'BANK_CODE', '开户行', 0, 0, 6);
insert into SYS_EXPIMP_CONFIG_FIELD (config_table_code, config_field_code, config_field_name, is_must, is_enumerate, field_index)
values ('PAYEE_ACCOUNT', 'ACCOUNT_TYPE', '账户类型', 1, 1, 7);
insert into SYS_EXPIMP_CONFIG_FIELD (config_table_code, config_field_code, config_field_name, is_must, is_enumerate, field_index)
values ('PA', 'CHR_CODE', '编码', 1, 0, 1);
insert into SYS_EXPIMP_CONFIG_FIELD (config_table_code, config_field_code, config_field_name, is_must, is_enumerate, field_index)
values ('PA', 'CHR_NAME', '名称', 1, 0, 2);
insert into SYS_EXPIMP_CONFIG_FIELD (config_table_code, config_field_code, config_field_name, is_must, is_enumerate, field_index)
values ('PF', 'CHR_CODE', '编码', 1, 0, 1);
insert into SYS_EXPIMP_CONFIG_FIELD (config_table_code, config_field_code, config_field_name, is_must, is_enumerate, field_index)
values ('PF', 'CHR_NAME', '名称', 1, 0, 2);
insert into SYS_EXPIMP_CONFIG_FIELD (config_table_code, config_field_code, config_field_name, is_must, is_enumerate, field_index)
values ('SETMODE', 'CHR_CODE', '编码', 1, 0, 1);
insert into SYS_EXPIMP_CONFIG_FIELD (config_table_code, config_field_code, config_field_name, is_must, is_enumerate, field_index)
values ('SETMODE', 'CHR_NAME', '名称', 1, 0, 2);
insert into SYS_EXPIMP_CONFIG_FIELD (config_table_code, config_field_code, config_field_name, is_must, is_enumerate, field_index)
values ('PAY_SUMMARY', 'CHR_CODE', '编码', 1, 0, 1);
insert into SYS_EXPIMP_CONFIG_FIELD (config_table_code, config_field_code, config_field_name, is_must, is_enumerate, field_index)
values ('PAY_SUMMARY', 'CHR_NAME', '名称', 1, 0, 2);
insert into SYS_EXPIMP_CONFIG_FIELD (config_table_code, config_field_code, config_field_name, is_must, is_enumerate, field_index)
values ('PL', 'CHR_CODE', '编码', 1, 0, 1);
insert into SYS_EXPIMP_CONFIG_FIELD (config_table_code, config_field_code, config_field_name, is_must, is_enumerate, field_index)
values ('PL', 'CHR_NAME', '名称', 1, 0, 2);
insert into SYS_EXPIMP_CONFIG_FIELD (config_table_code, config_field_code, config_field_name, is_must, is_enumerate, field_index)
values ('RG', 'CHR_CODE', '编码', 1, 0, 1);
insert into SYS_EXPIMP_CONFIG_FIELD (config_table_code, config_field_code, config_field_name, is_must, is_enumerate, field_index)
values ('RG', 'CHR_NAME', '名称', 1, 0, 2);
insert into SYS_EXPIMP_CONFIG_FIELD (config_table_code, config_field_code, config_field_name, is_must, is_enumerate, field_index)
values ('FILE', 'CHR_NAME', '名称', 1, 0, 2);
insert into SYS_EXPIMP_CONFIG_FIELD (config_table_code, config_field_code, config_field_name, is_must, is_enumerate, field_index)
values ('FILE', 'CHR_CODE', '编码', 1, 0, 1);
insert into SYS_EXPIMP_CONFIG_FIELD (config_table_code, config_field_code, config_field_name, is_must, is_enumerate, field_index)
values ('MB', 'CHR_CODE', '编码', 1, 0, 1);

insert into SYS_EXPIMP_CONFIG_FIELD (config_table_code, config_field_code, config_field_name, is_must, is_enumerate, field_index)
values ('MB', 'CHR_NAME', '名称', 1, 0, 2);
insert into SYS_EXPIMP_CONFIG_FIELD (config_table_code, config_field_code, config_field_name, is_must, is_enumerate, field_index)
values ('YHGL', 'BELONG_TYPE', '所属类型', 1, 1, 1);
insert into SYS_EXPIMP_CONFIG_FIELD (config_table_code, config_field_code, config_field_name, is_must, is_enumerate, field_index)
values ('YHGL', 'BELONG_ORG', '用户所属名称', 0, 0, 3);
insert into SYS_EXPIMP_CONFIG_FIELD (config_table_code, config_field_code, config_field_name, is_must, is_enumerate, field_index)
values ('YHGL', 'USER_CODE', '用户编码', 1, 0, 4);
insert into SYS_EXPIMP_CONFIG_FIELD (config_table_code, config_field_code, config_field_name, is_must, is_enumerate, field_index)
values ('YHGL', 'USER_NAME', '用户姓名', 1, 0, 5);
insert into SYS_EXPIMP_CONFIG_FIELD (config_table_code, config_field_code, config_field_name, is_must, is_enumerate, field_index)
values ('YHGL', 'ENABLED', '是否启用', 1, 1, 6);
insert into SYS_EXPIMP_CONFIG_FIELD (config_table_code, config_field_code, config_field_name, is_must, is_enumerate, field_index)
values ('YHGL', 'NICKNAME', '昵称', 0, 0, 7);
insert into SYS_EXPIMP_CONFIG_FIELD (config_table_code, config_field_code, config_field_name, is_must, is_enumerate, field_index)
values ('YHGL', 'GENDER', '性别', 0, 1, 8);
insert into SYS_EXPIMP_CONFIG_FIELD (config_table_code, config_field_code, config_field_name, is_must, is_enumerate, field_index)
values ('YHGL', 'TELEPHONE', '电话', 0, 0, 9);
insert into SYS_EXPIMP_CONFIG_FIELD (config_table_code, config_field_code, config_field_name, is_must, is_enumerate, field_index)
values ('YHGL', 'MOBILE', '移动电话', 0, 0, 10);
insert into SYS_EXPIMP_CONFIG_FIELD (config_table_code, config_field_code, config_field_name, is_must, is_enumerate, field_index)
values ('YHGL', 'ADDRESS', '地址', 0, 0, 11);
insert into SYS_EXPIMP_CONFIG_FIELD (config_table_code, config_field_code, config_field_name, is_must, is_enumerate, field_index)
values ('YHGL', 'SET_YEAR', '年度', 1, 0, 12);
insert into SYS_EXPIMP_CONFIG_FIELD (config_table_code, config_field_code, config_field_name, is_must, is_enumerate, field_index)
values ('YHGL', 'is_edit_pwd', '是否修改过密码', 0, 0, 13);
insert into SYS_EXPIMP_CONFIG_FIELD (config_table_code, config_field_code, config_field_name, is_must, is_enumerate, field_index)
values ('YHGL', 'is_three_security', '是否启用三级安全', 0, 0, 14);
insert into SYS_EXPIMP_CONFIG_FIELD (config_table_code, config_field_code, config_field_name, is_must, is_enumerate, field_index)
values ('YHGL', 'is_ever_locked', '是否永久锁定', 0, 0, 15);
insert into SYS_EXPIMP_CONFIG_FIELD (config_table_code, config_field_code, config_field_name, is_must, is_enumerate, field_index)
values ('YHGL', 'locked_date', '自动锁定日期', 0, 0, 16);
insert into SYS_EXPIMP_CONFIG_FIELD (config_table_code, config_field_code, config_field_name, is_must, is_enumerate, field_index)
values ('TB', 'CHR_CODE', '编码', 1, 0, 1);
insert into SYS_EXPIMP_CONFIG_FIELD (config_table_code, config_field_code, config_field_name, is_must, is_enumerate, field_index)
values ('TB', 'CHR_NAME', '银行名称', 1, 0, 2);
insert into SYS_EXPIMP_CONFIG_FIELD (config_table_code, config_field_code, config_field_name, is_must, is_enumerate, field_index)
values ('TB', 'BANK_CHARGE', '银行负责人', 0, 0, 3);
insert into SYS_EXPIMP_CONFIG_FIELD (config_table_code, config_field_code, config_field_name, is_must, is_enumerate, field_index)
values ('TB', 'FINANCE_CHARGE', '业务负责人', 0, 0, 4);
insert into SYS_EXPIMP_CONFIG_FIELD (config_table_code, config_field_code, config_field_name, is_must, is_enumerate, field_index)
values ('TB', 'DISTRICT_NUMBER', '电话区号', 0, 0, 5);
insert into SYS_EXPIMP_CONFIG_FIELD (config_table_code, config_field_code, config_field_name, is_must, is_enumerate, field_index)
values ('TB', 'TELEPHONE', '电话号码', 0, 0, 6);
insert into SYS_EXPIMP_CONFIG_FIELD (config_table_code, config_field_code, config_field_name, is_must, is_enumerate, field_index)
values ('TB', 'EXTENSION_NUMBER', '分机号', 0, 0, 7);
insert into SYS_EXPIMP_CONFIG_FIELD (config_table_code, config_field_code, config_field_name, is_must, is_enumerate, field_index)
values ('TB', 'ADDRESS', '银行地址', 0, 0, 8);

insert into SYS_EXPIMP_CONFIG_TABLE (config_table_code, config_table_name, table_code, config_table_type, where_sql)
values ('BAP', '支付账户', 'ELE_ACCOUNT', 1, 'account_type like ''1%''');
insert into SYS_EXPIMP_CONFIG_TABLE (config_table_code, config_table_name, table_code, config_table_type, where_sql)
values ('AGENT_ACCOUNT', '划款账户', 'ELE_ACCOUNT', 1, 'account_type like ''3%''');
insert into SYS_EXPIMP_CONFIG_TABLE (config_table_code, config_table_name, table_code, config_table_type, where_sql)
values ('BAC', '清算账户', 'ELE_ACCOUNT', 1, 'account_type like ''2%''');
insert into SYS_EXPIMP_CONFIG_TABLE (config_table_code, config_table_name, table_code, config_table_type, where_sql)
values ('AS', '总会科目', 'ELE_ACCOUNTANT_SUBJECT', 1, null);
insert into SYS_EXPIMP_CONFIG_TABLE (config_table_code, config_table_name, table_code, config_table_type, where_sql)
values ('CB', '清算银行', 'ELE_BANK', 1, 'clearflag=1');
insert into SYS_EXPIMP_CONFIG_TABLE (config_table_code, config_table_name, table_code, config_table_type, where_sql)
values ('PB', '代理银行', 'ELE_BANK', 1, 'agentflag=1');
insert into SYS_EXPIMP_CONFIG_TABLE (config_table_code, config_table_name, table_code, config_table_type, where_sql)
values ('BIS', '预算项目', 'ELE_BUDGET_ITEM_SUMMARY', 1, null);
insert into SYS_EXPIMP_CONFIG_TABLE (config_table_code, config_table_name, table_code, config_table_type, where_sql)
values ('PAYKIND', '支出类型代码', 'ELE_BUDGET_KIND', 1, null);
insert into SYS_EXPIMP_CONFIG_TABLE (config_table_code, config_table_name, table_code, config_table_type, where_sql)
values ('BGTSOURCE', '预算单位收入来源代码', 'ELE_BUDGET_LABEL', 1, null);
insert into SYS_EXPIMP_CONFIG_TABLE (config_table_code, config_table_name, table_code, config_table_type, where_sql)
values ('BGTTYPE', '预算类型', 'ELE_BUDGET_ORIGIN', 1, null);
insert into SYS_EXPIMP_CONFIG_TABLE (config_table_code, config_table_name, table_code, config_table_type, where_sql)
values ('BP', '指标类型', 'ELE_BUDGET_PURPOSE', 1, null);
insert into SYS_EXPIMP_CONFIG_TABLE (config_table_code, config_table_name, table_code, config_table_type, where_sql)
values ('EXPFUNC', '支出功能分类科目代码', 'ELE_BUDGET_SUBJECT', 1, null);
insert into SYS_EXPIMP_CONFIG_TABLE (config_table_code, config_table_name, table_code, config_table_type, where_sql)
values ('IN_BS', '收入分类', 'ELE_BUDGET_SUBJECT_INCOME', 1, null);
insert into SYS_EXPIMP_CONFIG_TABLE (config_table_code, config_table_name, table_code, config_table_type, where_sql)
values ('EXPECO', '支出经济分类科目代码', 'ELE_BUDGET_SUBJECT_ITEM', 1, null);
insert into SYS_EXPIMP_CONFIG_TABLE (config_table_code, config_table_name, table_code, config_table_type, where_sql)
values ('BUDGET_SUMMARY', '指标摘要', 'ELE_BUDGET_SUMMARY', 1, null);
insert into SYS_EXPIMP_CONFIG_TABLE (config_table_code, config_table_name, table_code, config_table_type, where_sql)
values ('BGTDIR', '指标流向代码', 'ELE_BUDGET_TARGET', 1, null);
insert into SYS_EXPIMP_CONFIG_TABLE (config_table_code, config_table_name, table_code, config_table_type, where_sql)
values ('EDITOR', '编制机构', 'ELE_EDITOR', 1, null);
insert into SYS_EXPIMP_CONFIG_TABLE (config_table_code, config_table_name, table_code, config_table_type, where_sql)
values ('AGENCY', '预算单位', 'ELE_ENTERPRISE', 1, null);
insert into SYS_EXPIMP_CONFIG_TABLE (config_table_code, config_table_name, table_code, config_table_type, where_sql)
values ('FILE', '指标文号', 'ELE_FILE_NO', 1, null);
insert into SYS_EXPIMP_CONFIG_TABLE (config_table_code, config_table_name, table_code, config_table_type, where_sql)
values ('IN_BIS', '预算收入项目', 'ELE_INCOME_ITEM', 1, null);
insert into SYS_EXPIMP_CONFIG_TABLE (config_table_code, config_table_name, table_code, config_table_type, where_sql)
values ('MB', '业务处(科)室', 'ELE_MANAGE_BRANCH', 1, null);
insert into SYS_EXPIMP_CONFIG_TABLE (config_table_code, config_table_name, table_code, config_table_type, where_sql)
values ('FUNDTYPE', '资金性质代码', 'ELE_MONEY_KIND', 1, null);
insert into SYS_EXPIMP_CONFIG_TABLE (config_table_code, config_table_name, table_code, config_table_type, where_sql)
values ('PAYEE_ACCOUNT', '收款人账户', 'ELE_PAYEE_ACCOUNT', 1, null);
insert into SYS_EXPIMP_CONFIG_TABLE (config_table_code, config_table_name, table_code, config_table_type, where_sql)
values ('PA', '支付调整类型', 'ELE_PAY_ADJUST', 1, null);
insert into SYS_EXPIMP_CONFIG_TABLE (config_table_code, config_table_name, table_code, config_table_type, where_sql)
values ('PF', '支付管理类型', 'ELE_PAY_FASHION', 1, null);
insert into SYS_EXPIMP_CONFIG_TABLE (config_table_code, config_table_name, table_code, config_table_type, where_sql)
values ('SETMODE', '资金支付结算方式代码', 'ELE_PAY_MODE', 1, null);
insert into SYS_EXPIMP_CONFIG_TABLE (config_table_code, config_table_name, table_code, config_table_type, where_sql)
values ('PAY_SUMMARY', '支付摘要', 'ELE_PAY_SUMMARY', 1, null);
insert into SYS_EXPIMP_CONFIG_TABLE (config_table_code, config_table_name, table_code, config_table_type, where_sql)
values ('PL', '计划调整类型', 'ELE_PLAN_ADJUST', 1, null);
insert into SYS_EXPIMP_CONFIG_TABLE (config_table_code, config_table_name, table_code, config_table_type, where_sql)
values ('RG', '区划', 'ELE_REGION', 1, null);
insert into SYS_EXPIMP_CONFIG_TABLE (config_table_code, config_table_name, table_code, config_table_type, where_sql)
values ('TB', '工资代发银行', 'ELE_BANK', 1, 'salaryflag=1');

insert into SYS_LOG (log_type, log_typename, is_defalutlog, searchlogclass, last_ver)
values ('0', '用户访问日志', 1, null, '2006-11-22 12:20:21');
insert into SYS_LOG (log_type, log_typename, is_defalutlog, searchlogclass, last_ver)
values ('1', '功能操作日志', 1, null, '2006-11-22 12:20:21');
insert into SYS_LOG (log_type, log_typename, is_defalutlog, searchlogclass, last_ver)
values ('2', '工作流日志', 1, null, '2006-11-22 12:20:21');
insert into SYS_LOG (log_type, log_typename, is_defalutlog, searchlogclass, last_ver)
values ('3', '监控日志', 1, null, '2006-11-22 12:20:21');

insert into SYS_MENU (menu_id, menu_code, menu_name, icon, enabled, level_num, is_leaf, tips, disp_order, user_sys_id, last_ver, step_shortcut, direct_shortcut_letter, direct_shortcut_function1, direct_shortcut_function2, is_offline, screentype)
values (1000600030020, '001002012', '用户权限报表', 'images/ui/report.png', 1, 3, 1, '用户权限报表', 2, '000', '2008-07-21 12:00:00', null, null, null, null, 0, '0-系统');
insert into SYS_MENU (menu_id, menu_code, menu_name, icon, enabled, level_num, is_leaf, tips, disp_order, user_sys_id, last_ver, step_shortcut, direct_shortcut_letter, direct_shortcut_function1, direct_shortcut_function2, is_offline, screentype)
values (1000600060, '001002011', '操作日志', 'images/ui/steponepanel3_03.png', 1, 2, 1, '操作日志', 6, '000', '2006-08-29 16:45:00', null, null, null, null, 0, '0-系统');
insert into SYS_MENU (menu_id, menu_code, menu_name, icon, enabled, level_num, is_leaf, tips, disp_order, user_sys_id, last_ver, step_shortcut, direct_shortcut_letter, direct_shortcut_function1, direct_shortcut_function2, is_offline, screentype)
values (900999001, '900999001', '用户信息', 'images/ui/any.png', 1, 2, 1, null, null, '900', '2009-06-14 16:03:26', null, null, null, null, 0, '0-系统');
insert into SYS_MENU (menu_id, menu_code, menu_name, icon, enabled, level_num, is_leaf, tips, disp_order, user_sys_id, last_ver, step_shortcut, direct_shortcut_letter, direct_shortcut_function1, direct_shortcut_function2, is_offline, screentype)
values (1000100045, '000100045', '风格切换', 'images/ui/any.png', 1, 2, 1, '风格切换', null, '000', '2009-08-18 17:35:26', null, null, null, null, 0, '0-系统');
insert into SYS_MENU (menu_id, menu_code, menu_name, icon, enabled, level_num, is_leaf, tips, disp_order, user_sys_id, last_ver, step_shortcut, direct_shortcut_letter, direct_shortcut_function1, direct_shortcut_function2, is_offline, screentype)
values (1000100015, '000100015', '切换账套', 'images/ui/any.png', 1, 2, 1, '切换账套', 3, '000', '2010-08-12 15:23:03', null, null, null, null, 0, '0-系统');
insert into SYS_MENU (menu_id, menu_code, menu_name, icon, enabled, level_num, is_leaf, tips, disp_order, user_sys_id, last_ver, step_shortcut, direct_shortcut_letter, direct_shortcut_function1, direct_shortcut_function2, is_offline, screentype)
values (1000100010, '000100010', '重新登录', 'images/ui/any.png', 1, 2, 1, '重新登录', 2, '000', '2007-12-12 09:44:14', null, null, null, null, 0, '0-系统');
insert into SYS_MENU (menu_id, menu_code, menu_name, icon, enabled, level_num, is_leaf, tips, disp_order, user_sys_id, last_ver, step_shortcut, direct_shortcut_letter, direct_shortcut_function1, direct_shortcut_function2, is_offline, screentype)
values (1000100, '000100', '系统功能', 'images/ui/any.png', 1, 1, 0, '系统功能', null, '000', '2006-08-29 16:45:00', 'F', null, null, null, 0, '0-系统');
insert into SYS_MENU (menu_id, menu_code, menu_name, icon, enabled, level_num, is_leaf, tips, disp_order, user_sys_id, last_ver, step_shortcut, direct_shortcut_letter, direct_shortcut_function1, direct_shortcut_function2, is_offline, screentype)
values (1000100020, '000100020', '切换角色', 'images/ui/any.png', 1, 2, 1, '切换角色', 3, '000', '2006-08-29 16:45:00', null, null, null, null, 0, '0-系统');
insert into SYS_MENU (menu_id, menu_code, menu_name, icon, enabled, level_num, is_leaf, tips, disp_order, user_sys_id, last_ver, step_shortcut, direct_shortcut_letter, direct_shortcut_function1, direct_shortcut_function2, is_offline, screentype)
values (1000100040, '000100040', '修改密码', 'images/ui/any.png', 1, 2, 1, '修改密码', 4, '000', '2007-12-11 14:28:10', null, null, null, null, 0, '0-系统');
insert into SYS_MENU (menu_id, menu_code, menu_name, icon, enabled, level_num, is_leaf, tips, disp_order, user_sys_id, last_ver, step_shortcut, direct_shortcut_letter, direct_shortcut_function1, direct_shortcut_function2, is_offline, screentype)
values (1000100030, '000100030', '切换业务年度', 'images/ui/steponepanel_07.png', 1, 2, 1, '切换业务年度', 3, '000', '2008-07-21 12:00:00', null, null, null, null, 0, '0-系统');
insert into SYS_MENU (menu_id, menu_code, menu_name, icon, enabled, level_num, is_leaf, tips, disp_order, user_sys_id, last_ver, step_shortcut, direct_shortcut_letter, direct_shortcut_function1, direct_shortcut_function2, is_offline, screentype)
values (1001002, '001001', '系统管理', 'images/ui/manage.png', 1, 1, 0, '系统管理', null, '001', '2007-12-18 16:16:54', 'I', 'null', null, null, 0, '0-系统');

insert into SYS_MENU_BUTTON (btn_id, btn_name, menu_id, btn_code, remark, last_ver)
values ('9e8516de-8e44-44d6-bd64-35242ff6b896', '231', '998979B58FFF5E03F99EF1250F2AE6D8', '123', '1', null);
insert into SYS_MENU_BUTTON (btn_id, btn_name, menu_id, btn_code, remark, last_ver)
values ('d83b2273-a49f-4c42-bef1-0329a6eaff49', '123', '998979B58FFF5E03F99EF1250F2AE6D8', '4342', '1', null);

insert into SYS_MENU_MODULE (menu_id, module_id, display_order, display_title, last_ver)
values (1000600030020, 1000600030020, 1, '用户权限报表', '2007-03-17 15:00:58');
insert into SYS_MENU_MODULE (menu_id, module_id, display_order, display_title, last_ver)
values (1000600060, 1000600060, 1, '操作日志', '2007-03-17 15:00:58');
insert into SYS_MENU_MODULE (menu_id, module_id, display_order, display_title, last_ver)
values (900999001, 900999001, 1, '用户信息', '2009-06-14 16:03:26');
insert into SYS_MENU_MODULE (menu_id, module_id, display_order, display_title, last_ver)
values (1000100045, 1000100045, 1, '风格切换', '2009-08-18 17:35:26');
insert into SYS_MENU_MODULE (menu_id, module_id, display_order, display_title, last_ver)
values (1000100015, 1000100015, 1, '切换账套', '2015-02-11 16:31:07');
insert into SYS_MENU_MODULE (menu_id, module_id, display_order, display_title, last_ver)
values (1000100010, 1000100010, 1, '重新登录', '2007-03-17 15:00:58');
insert into SYS_MENU_MODULE (menu_id, module_id, display_order, display_title, last_ver)
values (1000100020, 1000100020, 1, '切换角色', '2007-03-17 15:00:58');
insert into SYS_MENU_MODULE (menu_id, module_id, display_order, display_title, last_ver)
values (1000100030, 1000100030, 1, '切换业务年度', '2007-03-17 15:00:58');
insert into SYS_MENU_MODULE (menu_id, module_id, display_order, display_title, last_ver)
values (1000100040, 1000100040, 1, '修改密码', '2007-03-17 15:00:58');

insert into SYS_MENU_VIEW (menu_guid, ui_id, disp_order, remark, last_ver, key_value, RG_CODE, set_year, menuview_id)
values ('998979B58FFF5E03F99EF1250F2AE6D8', '{C2DBFA76-1594-41A8-909F-694F2EE03F76}', 1, null, null, null, '8700', 2016, '43738f72-c4ac-4f93-9603-cd4c421e59f3');

insert into SYS_METADATA (chr_id, field_code, field_name, field_disptype, default_value, tips, field_valueset, remark, is_system, create_date, create_user, latest_op_date, latest_op_user, is_deleted, source, last_ver)
values ('{4AA90C61-FA3A-B5E9-E050-007F01004EB9}', 'TB_ID', '工资代发银行ID', 1, null, null, null, null, 0, '2017-03-14 11:04:20', null, '2017-03-14 11:04:20', null, 0, null, '2017-03-14 11:04:20');
insert into SYS_METADATA (chr_id, field_code, field_name, field_disptype, default_value, tips, field_valueset, remark, is_system, create_date, create_user, latest_op_date, latest_op_user, is_deleted, source, last_ver)
values ('{4AA90C61-FA3B-B5E9-E050-007F01004EB9}', 'AGENCYEXP_ID', '预算单位支出结构代码ID', 1, null, null, null, null, 0, '2017-03-14 11:04:20', null, '2017-03-14 11:04:20', null, 0, null, '2017-03-14 11:04:20');
insert into SYS_METADATA (chr_id, field_code, field_name, field_disptype, default_value, tips, field_valueset, remark, is_system, create_date, create_user, latest_op_date, latest_op_user, is_deleted, source, last_ver)
values ('{4AA90C61-FA3C-B5E9-E050-007F01004EB9}', 'BIS_ID', '预算项目ID', 1, null, null, null, null, 0, '2017-03-14 11:04:20', null, '2017-03-14 11:04:20', null, 0, null, '2017-03-14 11:04:20');
insert into SYS_METADATA (chr_id, field_code, field_name, field_disptype, default_value, tips, field_valueset, remark, is_system, create_date, create_user, latest_op_date, latest_op_user, is_deleted, source, last_ver)
values ('{4AA90C61-FA3D-B5E9-E050-007F01004EB9}', 'BGTTYPE_ID', '核算类型ID', 1, null, null, null, null, 0, '2017-03-14 11:04:20', null, '2017-03-14 11:04:20', null, 0, null, '2017-03-14 11:04:20');
insert into SYS_METADATA (chr_id, field_code, field_name, field_disptype, default_value, tips, field_valueset, remark, is_system, create_date, create_user, latest_op_date, latest_op_user, is_deleted, source, last_ver)
values ('{4AA90C61-FA3E-B5E9-E050-007F01004EB9}', 'FILE_ID', '指标文号ID', 1, null, null, null, null, 0, '2017-03-14 11:04:20', null, '2017-03-14 11:04:20', null, 0, null, '2017-03-14 11:04:20');
insert into SYS_METADATA (chr_id, field_code, field_name, field_disptype, default_value, tips, field_valueset, remark, is_system, create_date, create_user, latest_op_date, latest_op_user, is_deleted, source, last_ver)
values ('{4AA90C61-FA3F-B5E9-E050-007F01004EB9}', 'SETMODE_ID', '资金支付结算方式代码ID', 1, null, null, null, null, 0, '2017-03-14 11:04:20', null, '2017-03-14 11:04:20', null, 0, null, '2017-03-14 11:04:20');
insert into SYS_METADATA (chr_id, field_code, field_name, field_disptype, default_value, tips, field_valueset, remark, is_system, create_date, create_user, latest_op_date, latest_op_user, is_deleted, source, last_ver)
values ('{4AA90C61-FA40-B5E9-E050-007F01004EB9}', 'BGTDIR_ID', '指标流向代码ID', 1, null, null, null, null, 0, '2017-03-14 11:04:20', null, '2017-03-14 11:04:20', null, 0, null, '2017-03-14 11:04:20');
insert into SYS_METADATA (chr_id, field_code, field_name, field_disptype, default_value, tips, field_valueset, remark, is_system, create_date, create_user, latest_op_date, latest_op_user, is_deleted, source, last_ver)
values ('{4AA90C61-FA41-B5E9-E050-007F01004EB9}', 'EE_ID', '基础数据ID', 1, null, null, null, null, 0, '2017-03-14 11:04:20', null, '2017-03-14 11:04:20', null, 0, null, '2017-03-14 11:04:20');
insert into SYS_METADATA (chr_id, field_code, field_name, field_disptype, default_value, tips, field_valueset, remark, is_system, create_date, create_user, latest_op_date, latest_op_user, is_deleted, source, last_ver)
values ('{4AA90C61-FA42-B5E9-E050-007F01004EB9}', 'AE_ID', '授权标识ID', 1, null, null, null, null, 0, '2017-03-14 11:04:20', null, '2017-03-14 11:04:20', null, 0, null, '2017-03-14 11:04:20');
insert into SYS_METADATA (chr_id, field_code, field_name, field_disptype, default_value, tips, field_valueset, remark, is_system, create_date, create_user, latest_op_date, latest_op_user, is_deleted, source, last_ver)
values ('{4AA90C61-FA43-B5E9-E050-007F01004EB9}', 'IN_BS_CODE', '收入分类编码', 1, null, null, null, null, 0, '2017-03-14 11:04:20', null, '2017-03-14 11:04:20', null, 0, null, '2017-03-14 11:04:20');
insert into SYS_METADATA (chr_id, field_code, field_name, field_disptype, default_value, tips, field_valueset, remark, is_system, create_date, create_user, latest_op_date, latest_op_user, is_deleted, source, last_ver)
values ('{4AA90C61-FA44-B5E9-E050-007F01004EB9}', 'IN_BIS_CODE', '预算收入项目编码', 1, null, null, null, null, 0, '2017-03-14 11:04:20', null, '2017-03-14 11:04:20', null, 0, null, '2017-03-14 11:04:20');
insert into SYS_METADATA (chr_id, field_code, field_name, field_disptype, default_value, tips, field_valueset, remark, is_system, create_date, create_user, latest_op_date, latest_op_user, is_deleted, source, last_ver)
values ('{4AA90C61-FA45-B5E9-E050-007F01004EB9}', 'DIR_CODE', '采购目录编码', 1, null, null, null, null, 0, '2017-03-14 11:04:20', null, '2017-03-14 11:04:20', null, 0, null, '2017-03-14 11:04:20');
insert into SYS_METADATA (chr_id, field_code, field_name, field_disptype, default_value, tips, field_valueset, remark, is_system, create_date, create_user, latest_op_date, latest_op_user, is_deleted, source, last_ver)
values ('{4AA90C61-FA46-B5E9-E050-007F01004EB9}', 'BP_CODE', '指标类型编码', 1, null, null, null, null, 0, '2017-03-14 11:04:20', null, '2017-03-14 11:04:20', null, 0, null, '2017-03-14 11:04:20');
insert into SYS_METADATA (chr_id, field_code, field_name, field_disptype, default_value, tips, field_valueset, remark, is_system, create_date, create_user, latest_op_date, latest_op_user, is_deleted, source, last_ver)
values ('{4AA90C61-FA47-B5E9-E050-007F01004EB9}', 'BGTSOURCE_CODE', '预算单位收入来源代码编码', 1, null, null, null, null, 0, '2017-03-14 11:04:20', null, '2017-03-14 11:04:20', null, 0, null, '2017-03-14 11:04:20');
insert into SYS_METADATA (chr_id, field_code, field_name, field_disptype, default_value, tips, field_valueset, remark, is_system, create_date, create_user, latest_op_date, latest_op_user, is_deleted, source, last_ver)
values ('{4AA90C61-FA48-B5E9-E050-007F01004EB9}', 'AS_CODE', '总会科目编码', 1, null, null, null, null, 0, '2017-03-14 11:04:20', null, '2017-03-14 11:04:20', null, 0, null, '2017-03-14 11:04:20');
insert into SYS_METADATA (chr_id, field_code, field_name, field_disptype, default_value, tips, field_valueset, remark, is_system, create_date, create_user, latest_op_date, latest_op_user, is_deleted, source, last_ver)
values ('{4AA90C61-FA49-B5E9-E050-007F01004EB9}', 'BSO_CODE', '预算科目编码', 1, null, null, null, null, 0, '2017-03-14 11:04:20', null, '2017-03-14 11:04:20', null, 0, null, '2017-03-14 11:04:20');
insert into SYS_METADATA (chr_id, field_code, field_name, field_disptype, default_value, tips, field_valueset, remark, is_system, create_date, create_user, latest_op_date, latest_op_user, is_deleted, source, last_ver)
values ('{4AA90C61-FA4A-B5E9-E050-007F01004EB9}', 'PF_CODE', '支付管理类型编码', 1, null, null, null, null, 0, '2017-03-14 11:04:20', null, '2017-03-14 11:04:20', null, 0, null, '2017-03-14 11:04:20');
insert into SYS_METADATA (chr_id, field_code, field_name, field_disptype, default_value, tips, field_valueset, remark, is_system, create_date, create_user, latest_op_date, latest_op_user, is_deleted, source, last_ver)
values ('{4AA90C61-FA4B-B5E9-E050-007F01004EB9}', 'GZBS_CODE', '工资标志编码', 1, null, null, null, null, 0, '2017-03-14 11:04:20', null, '2017-03-14 11:04:20', null, 0, null, '2017-03-14 11:04:20');
insert into SYS_METADATA (chr_id, field_code, field_name, field_disptype, default_value, tips, field_valueset, remark, is_system, create_date, create_user, latest_op_date, latest_op_user, is_deleted, source, last_ver)
values ('{4AA90C61-FA4C-B5E9-E050-007F01004EB9}', 'GPBARN_CODE', '采购合同号编码', 1, null, null, null, null, 0, '2017-03-14 11:04:20', null, '2017-03-14 11:04:20', null, 0, null, '2017-03-14 11:04:20');
insert into SYS_METADATA (chr_id, field_code, field_name, field_disptype, default_value, tips, field_valueset, remark, is_system, create_date, create_user, latest_op_date, latest_op_user, is_deleted, source, last_ver)
values ('{4AA90C61-FA4D-B5E9-E050-007F01004EB9}', 'GPPLAN_CODE', '采购计划号编码', 1, null, null, null, null, 0, '2017-03-14 11:04:20', null, '2017-03-14 11:04:20', null, 0, null, '2017-03-14 11:04:20');
insert into SYS_METADATA (chr_id, field_code, field_name, field_disptype, default_value, tips, field_valueset, remark, is_system, create_date, create_user, latest_op_date, latest_op_user, is_deleted, source, last_ver)
values ('{4AA90C61-FA4E-B5E9-E050-007F01004EB9}', 'ZFCGBS_CODE', '政府采购标志编码', 1, null, null, null, null, 0, '2017-03-14 11:04:20', null, '2017-03-14 11:04:20', null, 0, null, '2017-03-14 11:04:20');
insert into SYS_METADATA (chr_id, field_code, field_name, field_disptype, default_value, tips, field_valueset, remark, is_system, create_date, create_user, latest_op_date, latest_op_user, is_deleted, source, last_ver)
values ('{4AA90C61-FA4F-B5E9-E050-007F01004EB9}', 'BAP_CODE', '支付账户编码', 1, null, null, null, null, 0, '2017-03-14 11:04:20', null, '2017-03-14 11:04:20', null, 0, null, '2017-03-14 11:04:20');
insert into SYS_METADATA (chr_id, field_code, field_name, field_disptype, default_value, tips, field_valueset, remark, is_system, create_date, create_user, latest_op_date, latest_op_user, is_deleted, source, last_ver)
values ('{4AA90C61-FA50-B5E9-E050-007F01004EB9}', 'BAC_CODE', '清算账户编码', 1, null, null, null, null, 0, '2017-03-14 11:04:20', null, '2017-03-14 11:04:20', null, 0, null, '2017-03-14 11:04:20');
insert into SYS_METADATA (chr_id, field_code, field_name, field_disptype, default_value, tips, field_valueset, remark, is_system, create_date, create_user, latest_op_date, latest_op_user, is_deleted, source, last_ver)
values ('{4AA90C61-FA51-B5E9-E050-007F01004EB9}', 'BAI_CODE', '收入账户编码', 1, null, null, null, null, 0, '2017-03-14 11:04:20', null, '2017-03-14 11:04:20', null, 0, null, '2017-03-14 11:04:20');
insert into SYS_METADATA (chr_id, field_code, field_name, field_disptype, default_value, tips, field_valueset, remark, is_system, create_date, create_user, latest_op_date, latest_op_user, is_deleted, source, last_ver)
values ('{4AA90C61-FA52-B5E9-E050-007F01004EB9}', 'CB_CODE', '清算银行编码', 1, null, null, null, null, 0, '2017-03-14 11:04:20', null, '2017-03-14 11:04:20', null, 0, null, '2017-03-14 11:04:20');
insert into SYS_METADATA (chr_id, field_code, field_name, field_disptype, default_value, tips, field_valueset, remark, is_system, create_date, create_user, latest_op_date, latest_op_user, is_deleted, source, last_ver)
values ('{4AA90C61-FA53-B5E9-E050-007F01004EB9}', 'PB_CODE', '代理银行编码', 1, null, null, null, null, 0, '2017-03-14 11:04:20', null, '2017-03-14 11:04:20', null, 0, null, '2017-03-14 11:04:20');
insert into SYS_METADATA (chr_id, field_code, field_name, field_disptype, default_value, tips, field_valueset, remark, is_system, create_date, create_user, latest_op_date, latest_op_user, is_deleted, source, last_ver)
values ('{4AA90C61-FA54-B5E9-E050-007F01004EB9}', 'IB_CODE', '收入银行编码', 1, null, null, null, null, 0, '2017-03-14 11:04:20', null, '2017-03-14 11:04:20', null, 0, null, '2017-03-14 11:04:20');
insert into SYS_METADATA (chr_id, field_code, field_name, field_disptype, default_value, tips, field_valueset, remark, is_system, create_date, create_user, latest_op_date, latest_op_user, is_deleted, source, last_ver)
values ('{4AA90C61-FA55-B5E9-E050-007F01004EB9}', 'ST_CODE', '账套类型编码', 1, null, null, null, null, 0, '2017-03-14 11:04:20', null, '2017-03-14 11:04:20', null, 0, null, '2017-03-14 11:04:20');
insert into SYS_METADATA (chr_id, field_code, field_name, field_disptype, default_value, tips, field_valueset, remark, is_system, create_date, create_user, latest_op_date, latest_op_user, is_deleted, source, last_ver)
values ('{4AA90C61-FA56-B5E9-E050-007F01004EB9}', 'FM_CODE', '外币编码', 1, null, null, null, null, 0, '2017-03-14 11:04:20', null, '2017-03-14 11:04:20', null, 0, null, '2017-03-14 11:04:20');
insert into SYS_METADATA (chr_id, field_code, field_name, field_disptype, default_value, tips, field_valueset, remark, is_system, create_date, create_user, latest_op_date, latest_op_user, is_deleted, source, last_ver)
values ('{4AA90C61-FA57-B5E9-E050-007F01004EB9}', 'RG_CODE', '区划编码', 1, null, null, null, null, 0, '2017-03-14 11:04:20', null, '2017-03-14 11:04:20', null, 0, null, '2017-03-14 11:04:20');
insert into SYS_METADATA (chr_id, field_code, field_name, field_disptype, default_value, tips, field_valueset, remark, is_system, create_date, create_user, latest_op_date, latest_op_user, is_deleted, source, last_ver)
values ('{4AA90C61-FA58-B5E9-E050-007F01004EB9}', 'EXPECO_CODE', '支出经济分类科目代码编码', 1, null, null, null, null, 0, '2017-03-14 11:04:20', null, '2017-03-14 11:04:20', null, 0, null, '2017-03-14 11:04:20');
insert into SYS_METADATA (chr_id, field_code, field_name, field_disptype, default_value, tips, field_valueset, remark, is_system, create_date, create_user, latest_op_date, latest_op_user, is_deleted, source, last_ver)
values ('{4AA90C61-FA59-B5E9-E050-007F01004EB9}', 'BUDGET_SUMMARY_CODE', '指标摘要编码', 1, null, null, null, null, 0, '2017-03-14 11:04:20', null, '2017-03-14 11:04:20', null, 0, null, '2017-03-14 11:04:20');
insert into SYS_METADATA (chr_id, field_code, field_name, field_disptype, default_value, tips, field_valueset, remark, is_system, create_date, create_user, latest_op_date, latest_op_user, is_deleted, source, last_ver)
values ('{4AA90C61-FA5A-B5E9-E050-007F01004EB9}', 'PAY_SUMMARY_CODE', '支付摘要编码', 1, null, null, null, null, 0, '2017-03-14 11:04:20', null, '2017-03-14 11:04:20', null, 0, null, '2017-03-14 11:04:20');
insert into SYS_METADATA (chr_id, field_code, field_name, field_disptype, default_value, tips, field_valueset, remark, is_system, create_date, create_user, latest_op_date, latest_op_user, is_deleted, source, last_ver)
values ('{4AA90C61-FA5B-B5E9-E050-007F01004EB9}', 'INPM_CODE', '收支管理编码', 1, null, null, null, null, 0, '2017-03-14 11:04:20', null, '2017-03-14 11:04:20', null, 0, null, '2017-03-14 11:04:20');
insert into SYS_METADATA (chr_id, field_code, field_name, field_disptype, default_value, tips, field_valueset, remark, is_system, create_date, create_user, latest_op_date, latest_op_user, is_deleted, source, last_ver)
values ('{4AA90C61-FA5C-B5E9-E050-007F01004EB9}', 'SM_CODE', '用途（指标摘要）编码', 1, null, null, null, null, 0, '2017-03-14 11:04:20', null, '2017-03-14 11:04:20', null, 0, null, '2017-03-14 11:04:20');
insert into SYS_METADATA (chr_id, field_code, field_name, field_disptype, default_value, tips, field_valueset, remark, is_system, create_date, create_user, latest_op_date, latest_op_user, is_deleted, source, last_ver)
values ('{4AA90C61-FA5D-B5E9-E050-007F01004EB9}', 'AGENT_ACCOUNT_CODE', '划款账户编码', 1, null, null, null, null, 0, '2017-03-14 11:04:20', null, '2017-03-14 11:04:20', null, 0, null, '2017-03-14 11:04:20');
insert into SYS_METADATA (chr_id, field_code, field_name, field_disptype, default_value, tips, field_valueset, remark, is_system, create_date, create_user, latest_op_date, latest_op_user, is_deleted, source, last_ver)
values ('{4AA90C61-FA5E-B5E9-E050-007F01004EB9}', 'PAYEE_ACCOUNT_CODE', '收款人账户编码', 1, null, null, null, null, 0, '2017-03-14 11:04:20', null, '2017-03-14 11:04:20', null, 0, null, '2017-03-14 11:04:20');
insert into SYS_METADATA (chr_id, field_code, field_name, field_disptype, default_value, tips, field_valueset, remark, is_system, create_date, create_user, latest_op_date, latest_op_user, is_deleted, source, last_ver)
values ('{4AA90C61-FA5F-B5E9-E050-007F01004EB9}', 'BC_CODE', '指标类别编码', 1, null, null, null, null, 0, '2017-03-14 11:04:20', null, '2017-03-14 11:04:20', null, 0, null, '2017-03-14 11:04:20');
insert into SYS_METADATA (chr_id, field_code, field_name, field_disptype, default_value, tips, field_valueset, remark, is_system, create_date, create_user, latest_op_date, latest_op_user, is_deleted, source, last_ver)
values ('{4AA90C61-FA60-B5E9-E050-007F01004EB9}', 'EXPFUNC_CODE', '支出功能分类科目代码编码', 1, null, null, null, null, 0, '2017-03-14 11:04:20', null, '2017-03-14 11:04:20', null, 0, null, '2017-03-14 11:04:20');
insert into SYS_METADATA (chr_id, field_code, field_name, field_disptype, default_value, tips, field_valueset, remark, is_system, create_date, create_user, latest_op_date, latest_op_user, is_deleted, source, last_ver)
values ('{4AA90C61-FA61-B5E9-E050-007F01004EB9}', 'FUNDTYPE_CODE', '资金性质代码编码', 1, null, null, null, null, 0, '2017-03-14 11:04:20', null, '2017-03-14 11:04:20', null, 0, null, '2017-03-14 11:04:20');
insert into SYS_METADATA (chr_id, field_code, field_name, field_disptype, default_value, tips, field_valueset, remark, is_system, create_date, create_user, latest_op_date, latest_op_user, is_deleted, source, last_ver)
values ('{4AA90C61-FA62-B5E9-E050-007F01004EB9}', 'MB_CODE', '财政内部机构代码编码', 1, null, null, null, null, 0, '2017-03-14 11:04:20', null, '2017-03-14 11:04:20', null, 0, null, '2017-03-14 11:04:20');
insert into SYS_METADATA (chr_id, field_code, field_name, field_disptype, default_value, tips, field_valueset, remark, is_system, create_date, create_user, latest_op_date, latest_op_user, is_deleted, source, last_ver)
values ('{4AA90C61-FA63-B5E9-E050-007F01004EB9}', 'PAYTYPE_CODE', '支付方式代码编码', 1, null, null, null, null, 0, '2017-03-14 11:04:20', null, '2017-03-14 11:04:20', null, 0, null, '2017-03-14 11:04:20');
insert into SYS_METADATA (chr_id, field_code, field_name, field_disptype, default_value, tips, field_valueset, remark, is_system, create_date, create_user, latest_op_date, latest_op_user, is_deleted, source, last_ver)
values ('{4AA90C61-FA64-B5E9-E050-007F01004EB9}', 'AGENCY_CODE', '预算单位编码', 1, null, null, null, null, 0, '2017-03-14 11:04:20', null, '2017-03-14 11:04:20', null, 0, null, '2017-03-14 11:04:20');
insert into SYS_METADATA (chr_id, field_code, field_name, field_disptype, default_value, tips, field_valueset, remark, is_system, create_date, create_user, latest_op_date, latest_op_user, is_deleted, source, last_ver)
values ('{4AA90C61-FA65-B5E9-E050-007F01004EB9}', 'PAYKIND_CODE', '支出类型代码编码', 1, null, null, null, null, 0, '2017-03-14 11:04:20', null, '2017-03-14 11:04:20', null, 0, null, '2017-03-14 11:04:20');
insert into SYS_METADATA (chr_id, field_code, field_name, field_disptype, default_value, tips, field_valueset, remark, is_system, create_date, create_user, latest_op_date, latest_op_user, is_deleted, source, last_ver)
values ('{4AA90C61-FA66-B5E9-E050-007F01004EB9}', 'TB_CODE', '工资代发银行编码', 1, null, null, null, null, 0, '2017-03-14 11:04:20', null, '2017-03-14 11:04:20', null, 0, null, '2017-03-14 11:04:20');
insert into SYS_METADATA (chr_id, field_code, field_name, field_disptype, default_value, tips, field_valueset, remark, is_system, create_date, create_user, latest_op_date, latest_op_user, is_deleted, source, last_ver)
values ('{4AA90C61-FA67-B5E9-E050-007F01004EB9}', 'AGENCYEXP_CODE', '预算单位支出结构代码编码', 1, null, null, null, null, 0, '2017-03-14 11:04:20', null, '2017-03-14 11:04:20', null, 0, null, '2017-03-14 11:04:20');
insert into SYS_METADATA (chr_id, field_code, field_name, field_disptype, default_value, tips, field_valueset, remark, is_system, create_date, create_user, latest_op_date, latest_op_user, is_deleted, source, last_ver)
values ('{4AA90C61-FA68-B5E9-E050-007F01004EB9}', 'BIS_CODE', '预算项目编码', 1, null, null, null, null, 0, '2017-03-14 11:04:20', null, '2017-03-14 11:04:20', null, 0, null, '2017-03-14 11:04:20');
insert into SYS_METADATA (chr_id, field_code, field_name, field_disptype, default_value, tips, field_valueset, remark, is_system, create_date, create_user, latest_op_date, latest_op_user, is_deleted, source, last_ver)
values ('{4AA90C61-FA69-B5E9-E050-007F01004EB9}', 'BGTTYPE_CODE', '核算类型编码', 1, null, null, null, null, 0, '2017-03-14 11:04:20', null, '2017-03-14 11:04:20', null, 0, null, '2017-03-14 11:04:20');
insert into SYS_METADATA (chr_id, field_code, field_name, field_disptype, default_value, tips, field_valueset, remark, is_system, create_date, create_user, latest_op_date, latest_op_user, is_deleted, source, last_ver)
values ('{4AA90C61-FA6A-B5E9-E050-007F01004EB9}', 'FILE_CODE', '指标文号编码', 1, null, null, null, null, 0, '2017-03-14 11:04:20', null, '2017-03-14 11:04:20', null, 0, null, '2017-03-14 11:04:20');
insert into SYS_METADATA (chr_id, field_code, field_name, field_disptype, default_value, tips, field_valueset, remark, is_system, create_date, create_user, latest_op_date, latest_op_user, is_deleted, source, last_ver)
values ('{4AA90C61-FA6B-B5E9-E050-007F01004EB9}', 'SETMODE_CODE', '资金支付结算方式代码编码', 1, null, null, null, null, 0, '2017-03-14 11:04:20', null, '2017-03-14 11:04:20', null, 0, null, '2017-03-14 11:04:20');
insert into SYS_METADATA (chr_id, field_code, field_name, field_disptype, default_value, tips, field_valueset, remark, is_system, create_date, create_user, latest_op_date, latest_op_user, is_deleted, source, last_ver)
values ('{4AA90C61-FA6C-B5E9-E050-007F01004EB9}', 'BGTDIR_CODE', '指标流向代码编码', 1, null, null, null, null, 0, '2017-03-14 11:04:20', null, '2017-03-14 11:04:20', null, 0, null, '2017-03-14 11:04:20');
insert into SYS_METADATA (chr_id, field_code, field_name, field_disptype, default_value, tips, field_valueset, remark, is_system, create_date, create_user, latest_op_date, latest_op_user, is_deleted, source, last_ver)
values ('{4AA90C61-FA6D-B5E9-E050-007F01004EB9}', 'EE_CODE', '基础数据编码', 1, null, null, null, null, 0, '2017-03-14 11:04:20', null, '2017-03-14 11:04:20', null, 0, null, '2017-03-14 11:04:20');
insert into SYS_METADATA (chr_id, field_code, field_name, field_disptype, default_value, tips, field_valueset, remark, is_system, create_date, create_user, latest_op_date, latest_op_user, is_deleted, source, last_ver)
values ('{4AA90C61-FA6E-B5E9-E050-007F01004EB9}', 'AE_CODE', '授权标识编码', 1, null, null, null, null, 0, '2017-03-14 11:04:20', null, '2017-03-14 11:04:20', null, 0, null, '2017-03-14 11:04:20');
insert into SYS_METADATA (chr_id, field_code, field_name, field_disptype, default_value, tips, field_valueset, remark, is_system, create_date, create_user, latest_op_date, latest_op_user, is_deleted, source, last_ver)
values ('{4AA90C61-FA6F-B5E9-E050-007F01004EB9}', 'IN_BS_NAME', '收入分类名称', 1, null, null, null, null, 0, '2017-03-14 11:04:20', null, '2017-03-14 11:04:20', null, 0, null, '2017-03-14 11:04:20');
insert into SYS_METADATA (chr_id, field_code, field_name, field_disptype, default_value, tips, field_valueset, remark, is_system, create_date, create_user, latest_op_date, latest_op_user, is_deleted, source, last_ver)
values ('{4AA90C61-FA70-B5E9-E050-007F01004EB9}', 'IN_BIS_NAME', '预算收入项目名称', 1, null, null, null, null, 0, '2017-03-14 11:04:20', null, '2017-03-14 11:04:20', null, 0, null, '2017-03-14 11:04:20');
insert into SYS_METADATA (chr_id, field_code, field_name, field_disptype, default_value, tips, field_valueset, remark, is_system, create_date, create_user, latest_op_date, latest_op_user, is_deleted, source, last_ver)
values ('{4AA90C61-FA71-B5E9-E050-007F01004EB9}', 'DIR_NAME', '采购目录名称', 1, null, null, null, null, 0, '2017-03-14 11:04:20', null, '2017-03-14 11:04:20', null, 0, null, '2017-03-14 11:04:20');
insert into SYS_METADATA (chr_id, field_code, field_name, field_disptype, default_value, tips, field_valueset, remark, is_system, create_date, create_user, latest_op_date, latest_op_user, is_deleted, source, last_ver)
values ('{4AA90C61-FA72-B5E9-E050-007F01004EB9}', 'BP_NAME', '指标类型名称', 1, null, null, null, null, 0, '2017-03-14 11:04:20', null, '2017-03-14 11:04:20', null, 0, null, '2017-03-14 11:04:20');
insert into SYS_METADATA (chr_id, field_code, field_name, field_disptype, default_value, tips, field_valueset, remark, is_system, create_date, create_user, latest_op_date, latest_op_user, is_deleted, source, last_ver)
values ('{4AA90C61-FA73-B5E9-E050-007F01004EB9}', 'BGTSOURCE_NAME', '预算来源代码', 1, null, null, null, null, 0, '2017-03-14 11:04:20', null, '2017-03-14 11:04:20', null, 0, null, '2017-03-14 11:04:20');
insert into SYS_METADATA (chr_id, field_code, field_name, field_disptype, default_value, tips, field_valueset, remark, is_system, create_date, create_user, latest_op_date, latest_op_user, is_deleted, source, last_ver)
values ('{4AA90C61-FA74-B5E9-E050-007F01004EB9}', 'AS_NAME', '总会科目名称', 1, null, null, null, null, 0, '2017-03-14 11:04:20', null, '2017-03-14 11:04:20', null, 0, null, '2017-03-14 11:04:20');
insert into SYS_METADATA (chr_id, field_code, field_name, field_disptype, default_value, tips, field_valueset, remark, is_system, create_date, create_user, latest_op_date, latest_op_user, is_deleted, source, last_ver)
values ('{4AA90C61-FA75-B5E9-E050-007F01004EB9}', 'BSO_NAME', '预算科目名称', 1, null, null, null, null, 0, '2017-03-14 11:04:20', null, '2017-03-14 11:04:20', null, 0, null, '2017-03-14 11:04:20');
insert into SYS_METADATA (chr_id, field_code, field_name, field_disptype, default_value, tips, field_valueset, remark, is_system, create_date, create_user, latest_op_date, latest_op_user, is_deleted, source, last_ver)
values ('{4AA90C61-FA76-B5E9-E050-007F01004EB9}', 'PF_NAME', '支付管理类型名称', 1, null, null, null, null, 0, '2017-03-14 11:04:20', null, '2017-03-14 11:04:20', null, 0, null, '2017-03-14 11:04:20');
insert into SYS_METADATA (chr_id, field_code, field_name, field_disptype, default_value, tips, field_valueset, remark, is_system, create_date, create_user, latest_op_date, latest_op_user, is_deleted, source, last_ver)
values ('{4AA90C61-FA77-B5E9-E050-007F01004EB9}', 'GZBS_NAME', '工资标志名称', 1, null, null, null, null, 0, '2017-03-14 11:04:20', null, '2017-03-14 11:04:20', null, 0, null, '2017-03-14 11:04:20');
insert into SYS_METADATA (chr_id, field_code, field_name, field_disptype, default_value, tips, field_valueset, remark, is_system, create_date, create_user, latest_op_date, latest_op_user, is_deleted, source, last_ver)
values ('{4AA90C61-FA78-B5E9-E050-007F01004EB9}', 'GPBARN_NAME', '采购合同号名称', 1, null, null, null, null, 0, '2017-03-14 11:04:20', null, '2017-03-14 11:04:20', null, 0, null, '2017-03-14 11:04:20');
insert into SYS_METADATA (chr_id, field_code, field_name, field_disptype, default_value, tips, field_valueset, remark, is_system, create_date, create_user, latest_op_date, latest_op_user, is_deleted, source, last_ver)
values ('{4AA90C61-FA79-B5E9-E050-007F01004EB9}', 'GPPLAN_NAME', '采购计划号名称', 1, null, null, null, null, 0, '2017-03-14 11:04:20', null, '2017-03-14 11:04:20', null, 0, null, '2017-03-14 11:04:20');
insert into SYS_METADATA (chr_id, field_code, field_name, field_disptype, default_value, tips, field_valueset, remark, is_system, create_date, create_user, latest_op_date, latest_op_user, is_deleted, source, last_ver)
values ('{4AA90C61-FA7A-B5E9-E050-007F01004EB9}', 'ZFCGBS_NAME', '政府采购标志名称', 1, null, null, null, null, 0, '2017-03-14 11:04:20', null, '2017-03-14 11:04:20', null, 0, null, '2017-03-14 11:04:20');
insert into SYS_METADATA (chr_id, field_code, field_name, field_disptype, default_value, tips, field_valueset, remark, is_system, create_date, create_user, latest_op_date, latest_op_user, is_deleted, source, last_ver)
values ('{4AA90C61-FA7B-B5E9-E050-007F01004EB9}', 'BAP_NAME', '支付账户名称', 1, null, null, null, null, 0, '2017-03-14 11:04:20', null, '2017-03-14 11:04:20', null, 0, null, '2017-03-14 11:04:20');
insert into SYS_METADATA (chr_id, field_code, field_name, field_disptype, default_value, tips, field_valueset, remark, is_system, create_date, create_user, latest_op_date, latest_op_user, is_deleted, source, last_ver)
values ('{4AA90C61-FA7C-B5E9-E050-007F01004EB9}', 'BAC_NAME', '清算账户名称', 1, null, null, null, null, 0, '2017-03-14 11:04:20', null, '2017-03-14 11:04:20', null, 0, null, '2017-03-14 11:04:20');
insert into SYS_METADATA (chr_id, field_code, field_name, field_disptype, default_value, tips, field_valueset, remark, is_system, create_date, create_user, latest_op_date, latest_op_user, is_deleted, source, last_ver)
values ('{4AA90C61-FA7D-B5E9-E050-007F01004EB9}', 'BAI_NAME', '收入账户名称', 1, null, null, null, null, 0, '2017-03-14 11:04:20', null, '2017-03-14 11:04:20', null, 0, null, '2017-03-14 11:04:20');
insert into SYS_METADATA (chr_id, field_code, field_name, field_disptype, default_value, tips, field_valueset, remark, is_system, create_date, create_user, latest_op_date, latest_op_user, is_deleted, source, last_ver)
values ('{4AA90C61-FA7E-B5E9-E050-007F01004EB9}', 'CB_NAME', '清算银行名称', 1, null, null, null, null, 0, '2017-03-14 11:04:20', null, '2017-03-14 11:04:20', null, 0, null, '2017-03-14 11:04:20');
insert into SYS_METADATA (chr_id, field_code, field_name, field_disptype, default_value, tips, field_valueset, remark, is_system, create_date, create_user, latest_op_date, latest_op_user, is_deleted, source, last_ver)
values ('{4AA90C61-FA7F-B5E9-E050-007F01004EB9}', 'PB_NAME', '代理银行名称', 1, null, null, null, null, 0, '2017-03-14 11:04:20', null, '2017-03-14 11:04:20', null, 0, null, '2017-03-14 11:04:20');
insert into SYS_METADATA (chr_id, field_code, field_name, field_disptype, default_value, tips, field_valueset, remark, is_system, create_date, create_user, latest_op_date, latest_op_user, is_deleted, source, last_ver)
values ('{4AA90C61-FA80-B5E9-E050-007F01004EB9}', 'IB_NAME', '收入银行名称', 1, null, null, null, null, 0, '2017-03-14 11:04:20', null, '2017-03-14 11:04:20', null, 0, null, '2017-03-14 11:04:20');
insert into SYS_METADATA (chr_id, field_code, field_name, field_disptype, default_value, tips, field_valueset, remark, is_system, create_date, create_user, latest_op_date, latest_op_user, is_deleted, source, last_ver)
values ('{4AA90C61-FA81-B5E9-E050-007F01004EB9}', 'ST_NAME', '账套类型名称', 1, null, null, null, null, 0, '2017-03-14 11:04:20', null, '2017-03-14 11:04:20', null, 0, null, '2017-03-14 11:04:20');
insert into SYS_METADATA (chr_id, field_code, field_name, field_disptype, default_value, tips, field_valueset, remark, is_system, create_date, create_user, latest_op_date, latest_op_user, is_deleted, source, last_ver)
values ('{4AA90C61-FA82-B5E9-E050-007F01004EB9}', 'FM_NAME', '外币名称', 1, null, null, null, null, 0, '2017-03-14 11:04:20', null, '2017-03-14 11:04:20', null, 0, null, '2017-03-14 11:04:20');
insert into SYS_METADATA (chr_id, field_code, field_name, field_disptype, default_value, tips, field_valueset, remark, is_system, create_date, create_user, latest_op_date, latest_op_user, is_deleted, source, last_ver)
values ('{4AA90C61-FA83-B5E9-E050-007F01004EB9}', 'RG_NAME', '区划名称', 1, null, null, null, null, 0, '2017-03-14 11:04:20', null, '2017-03-14 11:04:20', null, 0, null, '2017-03-14 11:04:20');
insert into SYS_METADATA (chr_id, field_code, field_name, field_disptype, default_value, tips, field_valueset, remark, is_system, create_date, create_user, latest_op_date, latest_op_user, is_deleted, source, last_ver)
values ('{4AA90C61-FA84-B5E9-E050-007F01004EB9}', 'EXPECO_NAME', '支出经济分类科目代码名称', 1, null, null, null, null, 0, '2017-03-14 11:04:20', null, '2017-03-14 11:04:20', null, 0, null, '2017-03-14 11:04:20');
insert into SYS_METADATA (chr_id, field_code, field_name, field_disptype, default_value, tips, field_valueset, remark, is_system, create_date, create_user, latest_op_date, latest_op_user, is_deleted, source, last_ver)
values ('{4AA90C61-FA85-B5E9-E050-007F01004EB9}', 'BUDGET_SUMMARY_NAME', '指标摘要名称', 1, null, null, null, null, 0, '2017-03-14 11:04:20', null, '2017-03-14 11:04:20', null, 0, null, '2017-03-14 11:04:20');
insert into SYS_METADATA (chr_id, field_code, field_name, field_disptype, default_value, tips, field_valueset, remark, is_system, create_date, create_user, latest_op_date, latest_op_user, is_deleted, source, last_ver)
values ('{4AA90C61-FA86-B5E9-E050-007F01004EB9}', 'PAY_SUMMARY_NAME', '支付摘要名称', 1, null, null, null, null, 0, '2017-03-14 11:04:20', null, '2017-03-14 11:04:20', null, 0, null, '2017-03-14 11:04:20');
insert into SYS_METADATA (chr_id, field_code, field_name, field_disptype, default_value, tips, field_valueset, remark, is_system, create_date, create_user, latest_op_date, latest_op_user, is_deleted, source, last_ver)
values ('{4AA90C61-FA87-B5E9-E050-007F01004EB9}', 'INPM_NAME', '收支管理名称', 1, null, null, null, null, 0, '2017-03-14 11:04:20', null, '2017-03-14 11:04:20', null, 0, null, '2017-03-14 11:04:20');
insert into SYS_METADATA (chr_id, field_code, field_name, field_disptype, default_value, tips, field_valueset, remark, is_system, create_date, create_user, latest_op_date, latest_op_user, is_deleted, source, last_ver)
values ('{4AA90C61-FA88-B5E9-E050-007F01004EB9}', 'SM_NAME', '用途（指标摘要）名称', 1, null, null, null, null, 0, '2017-03-14 11:04:20', null, '2017-03-14 11:04:20', null, 0, null, '2017-03-14 11:04:20');
insert into SYS_METADATA (chr_id, field_code, field_name, field_disptype, default_value, tips, field_valueset, remark, is_system, create_date, create_user, latest_op_date, latest_op_user, is_deleted, source, last_ver)
values ('{4AA90C61-FA89-B5E9-E050-007F01004EB9}', 'AGENT_ACCOUNT_NAME', '划款账户名称', 1, null, null, null, null, 0, '2017-03-14 11:04:20', null, '2017-03-14 11:04:20', null, 0, null, '2017-03-14 11:04:20');
insert into SYS_METADATA (chr_id, field_code, field_name, field_disptype, default_value, tips, field_valueset, remark, is_system, create_date, create_user, latest_op_date, latest_op_user, is_deleted, source, last_ver)
values ('{4AA90C61-FA8A-B5E9-E050-007F01004EB9}', 'PAYEE_ACCOUNT_NAME', '收款人账户名称', 1, null, null, null, null, 0, '2017-03-14 11:04:20', null, '2017-03-14 11:04:20', null, 0, null, '2017-03-14 11:04:20');
insert into SYS_METADATA (chr_id, field_code, field_name, field_disptype, default_value, tips, field_valueset, remark, is_system, create_date, create_user, latest_op_date, latest_op_user, is_deleted, source, last_ver)
values ('{4AA90C61-FA8B-B5E9-E050-007F01004EB9}', 'BC_NAME', '指标类别名称', 1, null, null, null, null, 0, '2017-03-14 11:04:20', null, '2017-03-14 11:04:20', null, 0, null, '2017-03-14 11:04:20');
insert into SYS_METADATA (chr_id, field_code, field_name, field_disptype, default_value, tips, field_valueset, remark, is_system, create_date, create_user, latest_op_date, latest_op_user, is_deleted, source, last_ver)
values ('{4AA90C61-FA8C-B5E9-E050-007F01004EB9}', 'EXPFUNC_NAME', '支出功能分类科目代码名称', 1, null, null, null, null, 0, '2017-03-14 11:04:20', null, '2017-03-14 11:04:20', null, 0, null, '2017-03-14 11:04:20');
insert into SYS_METADATA (chr_id, field_code, field_name, field_disptype, default_value, tips, field_valueset, remark, is_system, create_date, create_user, latest_op_date, latest_op_user, is_deleted, source, last_ver)
values ('{4AA90C61-FA8D-B5E9-E050-007F01004EB9}', 'FUNDTYPE_NAME', '资金性质代码名称', 1, null, null, null, null, 0, '2017-03-14 11:04:20', null, '2017-03-14 11:04:20', null, 0, null, '2017-03-14 11:04:20');
insert into SYS_METADATA (chr_id, field_code, field_name, field_disptype, default_value, tips, field_valueset, remark, is_system, create_date, create_user, latest_op_date, latest_op_user, is_deleted, source, last_ver)
values ('{4AA90C61-FA8E-B5E9-E050-007F01004EB9}', 'MB_NAME', '财政内部机构代码名称', 1, null, null, null, null, 0, '2017-03-14 11:04:20', null, '2017-03-14 11:04:20', null, 0, null, '2017-03-14 11:04:20');
insert into SYS_METADATA (chr_id, field_code, field_name, field_disptype, default_value, tips, field_valueset, remark, is_system, create_date, create_user, latest_op_date, latest_op_user, is_deleted, source, last_ver)
values ('{4AA90C61-FA8F-B5E9-E050-007F01004EB9}', 'PAYTYPE_NAME', '支付方式代码名称', 1, null, null, null, null, 0, '2017-03-14 11:04:20', null, '2017-03-14 11:04:20', null, 0, null, '2017-03-14 11:04:20');
insert into SYS_METADATA (chr_id, field_code, field_name, field_disptype, default_value, tips, field_valueset, remark, is_system, create_date, create_user, latest_op_date, latest_op_user, is_deleted, source, last_ver)
values ('{4AA90C61-FA90-B5E9-E050-007F01004EB9}', 'AGENCY_NAME', '预算单位名称', 1, null, null, null, null, 0, '2017-03-14 11:04:20', null, '2017-03-14 11:04:20', null, 0, null, '2017-03-14 11:04:20');
insert into SYS_METADATA (chr_id, field_code, field_name, field_disptype, default_value, tips, field_valueset, remark, is_system, create_date, create_user, latest_op_date, latest_op_user, is_deleted, source, last_ver)
values ('{4AA90C61-FA91-B5E9-E050-007F01004EB9}', 'PAYKIND_NAME', '支出类型代码名称', 1, null, null, null, null, 0, '2017-03-14 11:04:20', null, '2017-03-14 11:04:20', null, 0, null, '2017-03-14 11:04:20');
insert into SYS_METADATA (chr_id, field_code, field_name, field_disptype, default_value, tips, field_valueset, remark, is_system, create_date, create_user, latest_op_date, latest_op_user, is_deleted, source, last_ver)
values ('{4AA90C61-FA92-B5E9-E050-007F01004EB9}', 'TB_NAME', '工资代发银行名称', 1, null, null, null, null, 0, '2017-03-14 11:04:20', null, '2017-03-14 11:04:20', null, 0, null, '2017-03-14 11:04:20');
insert into SYS_METADATA (chr_id, field_code, field_name, field_disptype, default_value, tips, field_valueset, remark, is_system, create_date, create_user, latest_op_date, latest_op_user, is_deleted, source, last_ver)
values ('{4AA90C61-FA93-B5E9-E050-007F01004EB9}', 'AGENCYEXP_NAME', '预算单位支出结构代码名称', 1, null, null, null, null, 0, '2017-03-14 11:04:20', null, '2017-03-14 11:04:20', null, 0, null, '2017-03-14 11:04:20');
insert into SYS_METADATA (chr_id, field_code, field_name, field_disptype, default_value, tips, field_valueset, remark, is_system, create_date, create_user, latest_op_date, latest_op_user, is_deleted, source, last_ver)
values ('{4AA90C61-FA94-B5E9-E050-007F01004EB9}', 'BIS_NAME', '预算项目名称', 1, null, null, null, null, 0, '2017-03-14 11:04:20', null, '2017-03-14 11:04:20', null, 0, null, '2017-03-14 11:04:20');
insert into SYS_METADATA (chr_id, field_code, field_name, field_disptype, default_value, tips, field_valueset, remark, is_system, create_date, create_user, latest_op_date, latest_op_user, is_deleted, source, last_ver)
values ('{4AA90C61-FA95-B5E9-E050-007F01004EB9}', 'BGTTYPE_NAME', '核算类型名称', 1, null, null, null, null, 0, '2017-03-14 11:04:20', null, '2017-03-14 11:04:20', null, 0, null, '2017-03-14 11:04:20');
insert into SYS_METADATA (chr_id, field_code, field_name, field_disptype, default_value, tips, field_valueset, remark, is_system, create_date, create_user, latest_op_date, latest_op_user, is_deleted, source, last_ver)
values ('{4AA90C61-FA96-B5E9-E050-007F01004EB9}', 'FILE_NAME', '指标文号名称', 1, null, null, null, null, 0, '2017-03-14 11:04:20', null, '2017-03-14 11:04:20', null, 0, null, '2017-03-14 11:04:20');
insert into SYS_METADATA (chr_id, field_code, field_name, field_disptype, default_value, tips, field_valueset, remark, is_system, create_date, create_user, latest_op_date, latest_op_user, is_deleted, source, last_ver)
values ('{4AA90C61-FA97-B5E9-E050-007F01004EB9}', 'SETMODE_NAME', '资金支付结算方式代码名称', 1, null, null, null, null, 0, '2017-03-14 11:04:20', null, '2017-03-14 11:04:20', null, 0, null, '2017-03-14 11:04:20');
insert into SYS_METADATA (chr_id, field_code, field_name, field_disptype, default_value, tips, field_valueset, remark, is_system, create_date, create_user, latest_op_date, latest_op_user, is_deleted, source, last_ver)
values ('{4AA90C61-FA98-B5E9-E050-007F01004EB9}', 'BGTDIR_NAME', '指标流向代码名称', 1, null, null, null, null, 0, '2017-03-14 11:04:20', null, '2017-03-14 11:04:20', null, 0, null, '2017-03-14 11:04:20');
insert into SYS_METADATA (chr_id, field_code, field_name, field_disptype, default_value, tips, field_valueset, remark, is_system, create_date, create_user, latest_op_date, latest_op_user, is_deleted, source, last_ver)
values ('{4AA90C61-FA99-B5E9-E050-007F01004EB9}', 'EE_NAME', '基础数据名称', 1, null, null, null, null, 0, '2017-03-14 11:04:20', null, '2017-03-14 11:04:20', null, 0, null, '2017-03-14 11:04:20');
insert into SYS_METADATA (chr_id, field_code, field_name, field_disptype, default_value, tips, field_valueset, remark, is_system, create_date, create_user, latest_op_date, latest_op_user, is_deleted, source, last_ver)
values ('{4AA90C61-FA9A-B5E9-E050-007F01004EB9}', 'AE_NAME', '授权标识名称', 1, null, null, null, null, 0, '2017-03-14 11:04:20', null, '2017-03-14 11:04:20', null, 0, null, '2017-03-14 11:04:20');
insert into SYS_METADATA (chr_id, field_code, field_name, field_disptype, default_value, tips, field_valueset, remark, is_system, create_date, create_user, latest_op_date, latest_op_user, is_deleted, source, last_ver)
values ('{EE8A3977-DB64-11DB-8B21-A51718DED80E}', 'SECRET_DEGREE', '涉密级别', 2, '3', null, '1#涉密+2#半涉密+3#非涉密', null, 0, '2007-03-26 14:40:48', '3869', '2007-04-13 10:38:35', '3869', 0, null, '2007-04-13 10:38:35');
insert into SYS_METADATA (chr_id, field_code, field_name, field_disptype, default_value, tips, field_valueset, remark, is_system, create_date, create_user, latest_op_date, latest_op_user, is_deleted, source, last_ver)
values ('{62526D2D-B537-45DD-9CC3-431ABC7F50E5}', 'SET_TYPE', '账套类型', 2, null, null, '2#预算外账+1#预算内账+0#指标账+3#社保基金账', null, 0, '2006-04-11 11:27:01', null, '2006-09-28 11:40:28', null, 0, null, '2006-09-28 11:40:28');
insert into SYS_METADATA (chr_id, field_code, field_name, field_disptype, default_value, tips, field_valueset, remark, is_system, create_date, create_user, latest_op_date, latest_op_user, is_deleted, source, last_ver)
values ('{A8312E26-FB3E-4EBB-A965-568DA1CC4A9F}', 'USER_TYPE', '用户类型', 2, '0', null, '0#普通用户+1#系统管理员+2#单位用户+3#财政内部用户', null, 0, '2006-04-11 11:27:01', null, '2006-04-11 11:27:01', null, 0, null, '2006-08-29 16:45:00');

insert into SYS_METADATA (chr_id, field_code, field_name, field_disptype, default_value, tips, field_valueset, remark, is_system, create_date, create_user, latest_op_date, latest_op_user, is_deleted, source, last_ver)
values ('{1EC8B1A3-4EC4-475E-BAD0-64E877EE254E}', 'VIEW_TYPE', '视图类型', 2, null, null, '001#录入视图+002#列表视图+003#查询视图+004#明细视图+', null, 0, '2006-04-11 11:27:01', null, '2006-04-11 11:27:01', null, 0, null, '2006-08-29 16:45:00');
insert into SYS_METADATA (chr_id, field_code, field_name, field_disptype, default_value, tips, field_valueset, remark, is_system, create_date, create_user, latest_op_date, latest_op_user, is_deleted, source, last_ver)
values ('{DC032BC9-CC6B-44BD-AB9E-CBC32C051FA6}', 'ORG_TYPE', '机构类型', 2, null, null, '001#财政用户+002#预算单位+003#代理银行+004#清算银行+005#业务处室+006#下级财政', null, 1, '2006-04-11 11:27:01', null, '2006-07-17 15:39:17', null, 0, null, '2006-08-29 16:45:00');
insert into SYS_METADATA (chr_id, field_code, field_name, field_disptype, default_value, tips, field_valueset, remark, is_system, create_date, create_user, latest_op_date, latest_op_user, is_deleted, source, last_ver)
values ('{93F622CB-1EF6-4748-8539-BDFD6E19A713}', 'ACTION_TYPE', '操作类型', 2, null, null, 'DISTILL#提取+STRIDE_HANG#跨节点挂起+STRIDE_DELETE#跨节点删除+STRIDE_DISCARD#跨节点作废+INPUT#录入+EDIT#修改+NEXT#审核+BACK#退回+RECALL#撤消+DELETE#删除+DISCARD#作废+HANG#挂起+', null, 0, '2006-04-11 11:27:01', null, '2006-07-17 20:21:55', null, 0, null, '2006-08-29 16:45:00');
insert into SYS_METADATA (chr_id, field_code, field_name, field_disptype, default_value, tips, field_valueset, remark, is_system, create_date, create_user, latest_op_date, latest_op_user, is_deleted, source, last_ver)
values ('{AF572F06-7391-11DB-BAA4-A16787CD6473}', 'ACCOUNT_TYPE', '账户类型', 2, null, null, '11#直接支付财政零余额账户+12#授权支付预算单位零余额账户+21#国库清算账户+22#国库实拨付款账户+31#代理银行清算账户+61#预算单位工资统发账户+62#预算单位实拨收款账户+63#预算单位普通收款账户+41#收入账户+51#黑名单账户+96#其他账户+91#预算外支出专户+92#收入汇缴专户+93#资金专户+94#沉淀资金账户+95#银行存款账户+90#集散账户', null, 0, '2006-12-18 01:47:05', '{20FB16A8-BD71-49B2-9248-EDD5FA5BFA1D}', '2006-12-18 01:47:05', '{20FB16A8-BD71-49B2-9248-EDD5FA5BFA1D}', 0, 'ACCOUNT_TYPE', '2006-12-18 01:47:05');
insert into SYS_METADATA (chr_id, field_code, field_name, field_disptype, default_value, tips, field_valueset, remark, is_system, create_date, create_user, latest_op_date, latest_op_user, is_deleted, source, last_ver)
values ('{D1B4E8CA-4DF2-11DB-A2EB-E7FF154442FA}', 'SUBJECT_TYPE', '科目类别', 2, null, null, '1#资产类+2#负债类+3#净资产类+4#收入类+5#支出类+6#其他类', null, 0, '2006-09-27 14:38:43', null, '2006-09-27 14:38:43', null, 0, null, '2006-09-27 14:38:43');
insert into SYS_METADATA (chr_id, field_code, field_name, field_disptype, default_value, tips, field_valueset, remark, is_system, create_date, create_user, latest_op_date, latest_op_user, is_deleted, source, last_ver)
values ('{6C6A6DA1-4DF2-11DB-A2EB-E7FF154442FA}', 'SUBJECT_KIND', '科目性质', 2, '0', null, '0#普通科目+1#银行科目+2#固定资产+3#往来', null, 0, '2006-09-27 14:35:53', null, '2006-09-27 14:36:14', null, 0, null, '2006-09-27 14:36:14');
insert into SYS_METADATA (chr_id, field_code, field_name, field_disptype, default_value, tips, field_valueset, remark, is_system, create_date, create_user, latest_op_date, latest_op_user, is_deleted, source, last_ver)
values ('{8B6AD84D-E967-11DB-B53B-85C94935F4FE}', 'IS_REFORM', '是否改革单位', 2, '0', null, '0#转支单位+1#集中支付单位+2#实拨单位', null, 0, '2007-04-13 10:34:46', null, '2007-04-13 10:34:46', null, 0, null, '2007-04-13 10:34:46');
insert into SYS_METADATA (chr_id, field_code, field_name, field_disptype, default_value, tips, field_valueset, remark, is_system, create_date, create_user, latest_op_date, latest_op_user, is_deleted, source, last_ver)
values ('{4AA90C61-FA17-B5E9-E050-007F01004EB9}', 'IN_BS_ID', '收入分类ID', 1, null, null, null, null, 0, '2017-03-14 11:04:20', null, '2017-03-14 11:04:20', null, 0, null, '2017-03-14 11:04:20');
insert into SYS_METADATA (chr_id, field_code, field_name, field_disptype, default_value, tips, field_valueset, remark, is_system, create_date, create_user, latest_op_date, latest_op_user, is_deleted, source, last_ver)
values ('{4AA90C61-FA18-B5E9-E050-007F01004EB9}', 'IN_BIS_ID', '预算收入项目ID', 1, null, null, null, null, 0, '2017-03-14 11:04:20', null, '2017-03-14 11:04:20', null, 0, null, '2017-03-14 11:04:20');
insert into SYS_METADATA (chr_id, field_code, field_name, field_disptype, default_value, tips, field_valueset, remark, is_system, create_date, create_user, latest_op_date, latest_op_user, is_deleted, source, last_ver)
values ('{4AA90C61-FA19-B5E9-E050-007F01004EB9}', 'DIR_ID', '采购目录ID', 1, null, null, null, null, 0, '2017-03-14 11:04:20', null, '2017-03-14 11:04:20', null, 0, null, '2017-03-14 11:04:20');
insert into SYS_METADATA (chr_id, field_code, field_name, field_disptype, default_value, tips, field_valueset, remark, is_system, create_date, create_user, latest_op_date, latest_op_user, is_deleted, source, last_ver)
values ('{4AA90C61-FA1A-B5E9-E050-007F01004EB9}', 'BP_ID', '指标类型ID', 1, null, null, null, null, 0, '2017-03-14 11:04:20', null, '2017-03-14 11:04:20', null, 0, null, '2017-03-14 11:04:20');
insert into SYS_METADATA (chr_id, field_code, field_name, field_disptype, default_value, tips, field_valueset, remark, is_system, create_date, create_user, latest_op_date, latest_op_user, is_deleted, source, last_ver)
values ('{4AA90C61-FA1B-B5E9-E050-007F01004EB9}', 'BGTSOURCE_ID', '预算单位收入来源代码ID', 1, null, null, null, null, 0, '2017-03-14 11:04:20', null, '2017-03-14 11:04:20', null, 0, null, '2017-03-14 11:04:20');
insert into SYS_METADATA (chr_id, field_code, field_name, field_disptype, default_value, tips, field_valueset, remark, is_system, create_date, create_user, latest_op_date, latest_op_user, is_deleted, source, last_ver)
values ('{4AA90C61-FA1C-B5E9-E050-007F01004EB9}', 'AS_ID', '总会科目ID', 1, null, null, null, null, 0, '2017-03-14 11:04:20', null, '2017-03-14 11:04:20', null, 0, null, '2017-03-14 11:04:20');
insert into SYS_METADATA (chr_id, field_code, field_name, field_disptype, default_value, tips, field_valueset, remark, is_system, create_date, create_user, latest_op_date, latest_op_user, is_deleted, source, last_ver)
values ('{4AA90C61-FA1D-B5E9-E050-007F01004EB9}', 'BSO_ID', '预算科目ID', 1, null, null, null, null, 0, '2017-03-14 11:04:20', null, '2017-03-14 11:04:20', null, 0, null, '2017-03-14 11:04:20');
insert into SYS_METADATA (chr_id, field_code, field_name, field_disptype, default_value, tips, field_valueset, remark, is_system, create_date, create_user, latest_op_date, latest_op_user, is_deleted, source, last_ver)
values ('{4AA90C61-FA1E-B5E9-E050-007F01004EB9}', 'PF_ID', '支付管理类型ID', 1, null, null, null, null, 0, '2017-03-14 11:04:20', null, '2017-03-14 11:04:20', null, 0, null, '2017-03-14 11:04:20');
insert into SYS_METADATA (chr_id, field_code, field_name, field_disptype, default_value, tips, field_valueset, remark, is_system, create_date, create_user, latest_op_date, latest_op_user, is_deleted, source, last_ver)
values ('{4AA90C61-FA1F-B5E9-E050-007F01004EB9}', 'GZBS_ID', '工资标志ID', 1, null, null, null, null, 0, '2017-03-14 11:04:20', null, '2017-03-14 11:04:20', null, 0, null, '2017-03-14 11:04:20');
insert into SYS_METADATA (chr_id, field_code, field_name, field_disptype, default_value, tips, field_valueset, remark, is_system, create_date, create_user, latest_op_date, latest_op_user, is_deleted, source, last_ver)
values ('{4AA90C61-FA20-B5E9-E050-007F01004EB9}', 'GPBARN_ID', '采购合同号ID', 1, null, null, null, null, 0, '2017-03-14 11:04:20', null, '2017-03-14 11:04:20', null, 0, null, '2017-03-14 11:04:20');
insert into SYS_METADATA (chr_id, field_code, field_name, field_disptype, default_value, tips, field_valueset, remark, is_system, create_date, create_user, latest_op_date, latest_op_user, is_deleted, source, last_ver)
values ('{4AA90C61-FA21-B5E9-E050-007F01004EB9}', 'GPPLAN_ID', '采购计划号ID', 1, null, null, null, null, 0, '2017-03-14 11:04:20', null, '2017-03-14 11:04:20', null, 0, null, '2017-03-14 11:04:20');
insert into SYS_METADATA (chr_id, field_code, field_name, field_disptype, default_value, tips, field_valueset, remark, is_system, create_date, create_user, latest_op_date, latest_op_user, is_deleted, source, last_ver)
values ('{4AA90C61-FA22-B5E9-E050-007F01004EB9}', 'ZFCGBS_ID', '政府采购标志ID', 1, null, null, null, null, 0, '2017-03-14 11:04:20', null, '2017-03-14 11:04:20', null, 0, null, '2017-03-14 11:04:20');
insert into SYS_METADATA (chr_id, field_code, field_name, field_disptype, default_value, tips, field_valueset, remark, is_system, create_date, create_user, latest_op_date, latest_op_user, is_deleted, source, last_ver)
values ('{4AA90C61-FA23-B5E9-E050-007F01004EB9}', 'BAP_ID', '支付账户ID', 1, null, null, null, null, 0, '2017-03-14 11:04:20', null, '2017-03-14 11:04:20', null, 0, null, '2017-03-14 11:04:20');
insert into SYS_METADATA (chr_id, field_code, field_name, field_disptype, default_value, tips, field_valueset, remark, is_system, create_date, create_user, latest_op_date, latest_op_user, is_deleted, source, last_ver)
values ('{4AA90C61-FA24-B5E9-E050-007F01004EB9}', 'BAC_ID', '清算账户ID', 1, null, null, null, null, 0, '2017-03-14 11:04:20', null, '2017-03-14 11:04:20', null, 0, null, '2017-03-14 11:04:20');
insert into SYS_METADATA (chr_id, field_code, field_name, field_disptype, default_value, tips, field_valueset, remark, is_system, create_date, create_user, latest_op_date, latest_op_user, is_deleted, source, last_ver)
values ('{4AA90C61-FA25-B5E9-E050-007F01004EB9}', 'BAI_ID', '收入账户ID', 1, null, null, null, null, 0, '2017-03-14 11:04:20', null, '2017-03-14 11:04:20', null, 0, null, '2017-03-14 11:04:20');
insert into SYS_METADATA (chr_id, field_code, field_name, field_disptype, default_value, tips, field_valueset, remark, is_system, create_date, create_user, latest_op_date, latest_op_user, is_deleted, source, last_ver)
values ('{4AA90C61-FA26-B5E9-E050-007F01004EB9}', 'CB_ID', '清算银行ID', 1, null, null, null, null, 0, '2017-03-14 11:04:20', null, '2017-03-14 11:04:20', null, 0, null, '2017-03-14 11:04:20');
insert into SYS_METADATA (chr_id, field_code, field_name, field_disptype, default_value, tips, field_valueset, remark, is_system, create_date, create_user, latest_op_date, latest_op_user, is_deleted, source, last_ver)
values ('{4AA90C61-FA27-B5E9-E050-007F01004EB9}', 'PB_ID', '代理银行ID', 1, null, null, null, null, 0, '2017-03-14 11:04:20', null, '2017-03-14 11:04:20', null, 0, null, '2017-03-14 11:04:20');
insert into SYS_METADATA (chr_id, field_code, field_name, field_disptype, default_value, tips, field_valueset, remark, is_system, create_date, create_user, latest_op_date, latest_op_user, is_deleted, source, last_ver)
values ('{4AA90C61-FA28-B5E9-E050-007F01004EB9}', 'IB_ID', '收入银行ID', 1, null, null, null, null, 0, '2017-03-14 11:04:20', null, '2017-03-14 11:04:20', null, 0, null, '2017-03-14 11:04:20');
insert into SYS_METADATA (chr_id, field_code, field_name, field_disptype, default_value, tips, field_valueset, remark, is_system, create_date, create_user, latest_op_date, latest_op_user, is_deleted, source, last_ver)
values ('{4AA90C61-FA29-B5E9-E050-007F01004EB9}', 'ST_ID', '账套类型ID', 1, null, null, null, null, 0, '2017-03-14 11:04:20', null, '2017-03-14 11:04:20', null, 0, null, '2017-03-14 11:04:20');
insert into SYS_METADATA (chr_id, field_code, field_name, field_disptype, default_value, tips, field_valueset, remark, is_system, create_date, create_user, latest_op_date, latest_op_user, is_deleted, source, last_ver)
values ('{4AA90C61-FA2A-B5E9-E050-007F01004EB9}', 'FM_ID', '外币ID', 1, null, null, null, null, 0, '2017-03-14 11:04:20', null, '2017-03-14 11:04:20', null, 0, null, '2017-03-14 11:04:20');
insert into SYS_METADATA (chr_id, field_code, field_name, field_disptype, default_value, tips, field_valueset, remark, is_system, create_date, create_user, latest_op_date, latest_op_user, is_deleted, source, last_ver)
values ('{4AA90C61-FA2B-B5E9-E050-007F01004EB9}', 'RG_ID', '区划ID', 1, null, null, null, null, 0, '2017-03-14 11:04:20', null, '2017-03-14 11:04:20', null, 0, null, '2017-03-14 11:04:20');
insert into SYS_METADATA (chr_id, field_code, field_name, field_disptype, default_value, tips, field_valueset, remark, is_system, create_date, create_user, latest_op_date, latest_op_user, is_deleted, source, last_ver)
values ('{4AA90C61-FA2C-B5E9-E050-007F01004EB9}', 'EXPECO_ID', '支出经济分类科目代码ID', 1, null, null, null, null, 0, '2017-03-14 11:04:20', null, '2017-03-14 11:04:20', null, 0, null, '2017-03-14 11:04:20');
insert into SYS_METADATA (chr_id, field_code, field_name, field_disptype, default_value, tips, field_valueset, remark, is_system, create_date, create_user, latest_op_date, latest_op_user, is_deleted, source, last_ver)
values ('{4AA90C61-FA2D-B5E9-E050-007F01004EB9}', 'BUDGET_SUMMARY_ID', '指标摘要ID', 1, null, null, null, null, 0, '2017-03-14 11:04:20', null, '2017-03-14 11:04:20', null, 0, null, '2017-03-14 11:04:20');
insert into SYS_METADATA (chr_id, field_code, field_name, field_disptype, default_value, tips, field_valueset, remark, is_system, create_date, create_user, latest_op_date, latest_op_user, is_deleted, source, last_ver)
values ('{4AA90C61-FA2E-B5E9-E050-007F01004EB9}', 'PAY_SUMMARY_ID', '支付摘要ID', 1, null, null, null, null, 0, '2017-03-14 11:04:20', null, '2017-03-14 11:04:20', null, 0, null, '2017-03-14 11:04:20');
insert into SYS_METADATA (chr_id, field_code, field_name, field_disptype, default_value, tips, field_valueset, remark, is_system, create_date, create_user, latest_op_date, latest_op_user, is_deleted, source, last_ver)
values ('{4AA90C61-FA2F-B5E9-E050-007F01004EB9}', 'INPM_ID', '收支管理ID', 1, null, null, null, null, 0, '2017-03-14 11:04:20', null, '2017-03-14 11:04:20', null, 0, null, '2017-03-14 11:04:20');
insert into SYS_METADATA (chr_id, field_code, field_name, field_disptype, default_value, tips, field_valueset, remark, is_system, create_date, create_user, latest_op_date, latest_op_user, is_deleted, source, last_ver)
values ('{4AA90C61-FA30-B5E9-E050-007F01004EB9}', 'SM_ID', '用途（指标摘要）ID', 1, null, null, null, null, 0, '2017-03-14 11:04:20', null, '2017-03-14 11:04:20', null, 0, null, '2017-03-14 11:04:20');
insert into SYS_METADATA (chr_id, field_code, field_name, field_disptype, default_value, tips, field_valueset, remark, is_system, create_date, create_user, latest_op_date, latest_op_user, is_deleted, source, last_ver)
values ('{4AA90C61-FA31-B5E9-E050-007F01004EB9}', 'AGENT_ACCOUNT_ID', '划款账户ID', 1, null, null, null, null, 0, '2017-03-14 11:04:20', null, '2017-03-14 11:04:20', null, 0, null, '2017-03-14 11:04:20');
insert into SYS_METADATA (chr_id, field_code, field_name, field_disptype, default_value, tips, field_valueset, remark, is_system, create_date, create_user, latest_op_date, latest_op_user, is_deleted, source, last_ver)
values ('{4AA90C61-FA32-B5E9-E050-007F01004EB9}', 'PAYEE_ACCOUNT_ID', '收款人账户ID', 1, null, null, null, null, 0, '2017-03-14 11:04:20', null, '2017-03-14 11:04:20', null, 0, null, '2017-03-14 11:04:20');
insert into SYS_METADATA (chr_id, field_code, field_name, field_disptype, default_value, tips, field_valueset, remark, is_system, create_date, create_user, latest_op_date, latest_op_user, is_deleted, source, last_ver)
values ('{4AA90C61-FA33-B5E9-E050-007F01004EB9}', 'BC_ID', '指标类别ID', 1, null, null, null, null, 0, '2017-03-14 11:04:20', null, '2017-03-14 11:04:20', null, 0, null, '2017-03-14 11:04:20');
insert into SYS_METADATA (chr_id, field_code, field_name, field_disptype, default_value, tips, field_valueset, remark, is_system, create_date, create_user, latest_op_date, latest_op_user, is_deleted, source, last_ver)
values ('{4AA90C61-FA34-B5E9-E050-007F01004EB9}', 'EXPFUNC_ID', '支出功能分类科目代码ID', 1, null, null, null, null, 0, '2017-03-14 11:04:20', null, '2017-03-14 11:04:20', null, 0, null, '2017-03-14 11:04:20');
insert into SYS_METADATA (chr_id, field_code, field_name, field_disptype, default_value, tips, field_valueset, remark, is_system, create_date, create_user, latest_op_date, latest_op_user, is_deleted, source, last_ver)
values ('{4AA90C61-FA35-B5E9-E050-007F01004EB9}', 'FUNDTYPE_ID', '资金性质代码ID', 1, null, null, null, null, 0, '2017-03-14 11:04:20', null, '2017-03-14 11:04:20', null, 0, null, '2017-03-14 11:04:20');
insert into SYS_METADATA (chr_id, field_code, field_name, field_disptype, default_value, tips, field_valueset, remark, is_system, create_date, create_user, latest_op_date, latest_op_user, is_deleted, source, last_ver)
values ('{4AA90C61-FA36-B5E9-E050-007F01004EB9}', 'MB_ID', '财政内部机构代码ID', 1, null, null, null, null, 0, '2017-03-14 11:04:20', null, '2017-03-14 11:04:20', null, 0, null, '2017-03-14 11:04:20');
insert into SYS_METADATA (chr_id, field_code, field_name, field_disptype, default_value, tips, field_valueset, remark, is_system, create_date, create_user, latest_op_date, latest_op_user, is_deleted, source, last_ver)
values ('{4AA90C61-FA37-B5E9-E050-007F01004EB9}', 'PAYTYPE_ID', '支付方式代码ID', 1, null, null, null, null, 0, '2017-03-14 11:04:20', null, '2017-03-14 11:04:20', null, 0, null, '2017-03-14 11:04:20');
insert into SYS_METADATA (chr_id, field_code, field_name, field_disptype, default_value, tips, field_valueset, remark, is_system, create_date, create_user, latest_op_date, latest_op_user, is_deleted, source, last_ver)
values ('{4AA90C61-FA38-B5E9-E050-007F01004EB9}', 'AGENCY_ID', '预算单位ID', 1, null, null, null, null, 0, '2017-03-14 11:04:20', null, '2017-03-14 11:04:20', null, 0, null, '2017-03-14 11:04:20');
insert into SYS_METADATA (chr_id, field_code, field_name, field_disptype, default_value, tips, field_valueset, remark, is_system, create_date, create_user, latest_op_date, latest_op_user, is_deleted, source, last_ver)
values ('{4AA90C61-FA39-B5E9-E050-007F01004EB9}', 'PAYKIND_ID', '支出类型代码ID', 1, null, null, null, null, 0, '2017-03-14 11:04:20', null, '2017-03-14 11:04:20', null, 0, null, '2017-03-14 11:04:20');

insert into SYS_MODULE (module_id, module_code, module_name, sys_id, module_type, enabled, default_icon, tips, class_name, func_name, param, bill_type_code, last_ver)
values (1001070011, '001070011', '新报表管理与设计', '001', 0, 1, 'null', 'null', 'gov.gfmis.fap.report.design.DesignerFrame', 'null', 'null', 'null', null);
insert into SYS_MODULE (module_id, module_code, module_name, sys_id, module_type, enabled, default_icon, tips, class_name, func_name, param, bill_type_code, last_ver)
values (1001090030, '001090030', '同步数据授权', '001', 0, 1, 'null', 'null', 'gov.gfmis.fap.offline.systemmanager.ui.OffLineUserTableRule', 'null', 'null', '0', null);
insert into SYS_MODULE (module_id, module_code, module_name, sys_id, module_type, enabled, default_icon, tips, class_name, func_name, param, bill_type_code, last_ver)
values (1001060010, '001060010', '工作流定义', '001', 0, 1, 'null', 'null', 'gov.gfmis.fap.workflow.systemmanager.ui.WFDesignerPanel', 'null', 'null', 'null', null);
insert into SYS_MODULE (module_id, module_code, module_name, sys_id, module_type, enabled, default_icon, tips, class_name, func_name, param, bill_type_code, last_ver)
values (1001025, '001025', '基础数据管理', '001', 0, 1, 'null', 'null', 'null', 'null', 'null', 'null', null);
insert into SYS_MODULE (module_id, module_code, module_name, sys_id, module_type, enabled, default_icon, tips, class_name, func_name, param, bill_type_code, last_ver)
values (1001201, '001201', '总账管理', '001', 0, 1, 'null', 'null', 'null', 'null', 'null', 'null', null);
insert into SYS_MODULE (module_id, module_code, module_name, sys_id, module_type, enabled, default_icon, tips, class_name, func_name, param, bill_type_code, last_ver)
values (1001400, '001400', '其他组件', '001', 0, 1, 'null', 'null', 'null', 'null', 'null', 'null', null);
insert into SYS_MODULE (module_id, module_code, module_name, sys_id, module_type, enabled, default_icon, tips, class_name, func_name, param, bill_type_code, last_ver)
values (1001090, '001090', '离线端', '001', 0, 1, 'null', 'null', 'null', 'null', 'null', '0', null);
insert into SYS_MODULE (module_id, module_code, module_name, sys_id, module_type, enabled, default_icon, tips, class_name, func_name, param, bill_type_code, last_ver)
values (1001010, '001010', '系统框架', '001', 0, 1, 'null', 'null', 'null', 'null', 'null', 'null', null);
insert into SYS_MODULE (module_id, module_code, module_name, sys_id, module_type, enabled, default_icon, tips, class_name, func_name, param, bill_type_code, last_ver)
values (1001025601, '001025601', '通用基础数据管理', '001', 0, 1, 'null', 'null', 'gov.gfmis.fap.dictionary.systemmanager.element.ui.UICommonNewPanel', 'null', 'null', 'null', null);
insert into SYS_MODULE (module_id, module_code, module_name, sys_id, module_type, enabled, default_icon, tips, class_name, func_name, param, bill_type_code, last_ver)
values (1001025001, '001025001', '预算单位管理', '001', 0, 1, 'null', 'null', 'gov.gfmis.fap.dictionary.systemmanager.element.ui.UICommonNewPanel', 'null', 'Element=ENMANAGER', 'null', null);
insert into SYS_MODULE (module_id, module_code, module_name, sys_id, module_type, enabled, default_icon, tips, class_name, func_name, param, bill_type_code, last_ver)
values (1001201011, '001201011', 'COA管理', '001', 0, 1, 'null', 'null', 'gov.gfmis.fap.gl.coa.ui.coa.UICoaNewPanel', 'null', 'null', 'null', null);
insert into SYS_MODULE (module_id, module_code, module_name, sys_id, module_type, enabled, default_icon, tips, class_name, func_name, param, bill_type_code, last_ver)
values (1001201101, '001201101', '账套管理', '001', 0, 1, 'null', 'null', 'gov.gfmis.fap.gl.systemmanager.glbookset.ui.UIGlBookSetMainPanel', 'null', 'Element=ST', 'null', null);
insert into SYS_MODULE (module_id, module_code, module_name, sys_id, module_type, enabled, default_icon, tips, class_name, func_name, param, bill_type_code, last_ver)
values (1001201002, '001201002', '控制类型管理', '001', 0, 1, 'null', 'null', 'gov.gfmis.fap.gl.systemmanager.glsumtype.ui.UIGLsumTypeMainPanel', 'null', 'null', 'null', null);
insert into SYS_MODULE (module_id, module_code, module_name, sys_id, module_type, enabled, default_icon, tips, class_name, func_name, param, bill_type_code, last_ver)
values (1001020030, '001020030', '总账要素管理', '001', 0, 1, 'null', 'null', 'gov.gfmis.fap.dictionary.systemmanager.datarightset.ui.UIElementSetSelectMainPanel', 'null', 'SetType=VOU', 'null', null);
insert into SYS_MODULE (module_id, module_code, module_name, sys_id, module_type, enabled, default_icon, tips, class_name, func_name, param, bill_type_code, last_ver)
values (1001201001, '001201001', '交易令设置', '001', 0, 1, 'null', 'null', 'gov.gfmis.fap.gl.configure.ui.BusVouTypeConfigPanel', 'null', 'null', 'null', null);
insert into SYS_MODULE (module_id, module_code, module_name, sys_id, module_type, enabled, default_icon, tips, class_name, func_name, param, bill_type_code, last_ver)
values (1001201110, '001201110', '指标账会计科目管理', '001', 0, 1, 'null', 'null', 'gov.gfmis.fap.dictionary.systemmanager.eleaccsbj.ui.UIEleAccountantSubjectMainPanel', 'null', 'St_code=000000', 'null', null);
insert into SYS_MODULE (module_id, module_code, module_name, sys_id, module_type, enabled, default_icon, tips, class_name, func_name, param, bill_type_code, last_ver)
values (1001010260, '001010260', '定时任务监控', '001', 0, 1, 'null', 'null', 'gov.gfmis.fap.framework.systemmanager.autotask.ui.UIAutoTaskConfig', 'null', 'null', 'null', null);
insert into SYS_MODULE (module_id, module_code, module_name, sys_id, module_type, enabled, default_icon, tips, class_name, func_name, param, bill_type_code, last_ver)
values (1001020010, '001020010', '数据元管理', '001', 0, 1, 'null', 'null', 'gov.gfmis.fap.dictionary.systemmanager.metadata.ui.UIDMMainPanel', 'null', 'null', 'null', null);
insert into SYS_MODULE (module_id, module_code, module_name, sys_id, module_type, enabled, default_icon, tips, class_name, func_name, param, bill_type_code, last_ver)
values (1001020070, '001020070', '表管理', '001', 0, 1, 'null', 'null', 'gov.gfmis.fap.framework.systemmanager.tablemanager.ui.UITableManagerMainPanel', 'null', 'null', 'null', null);
insert into SYS_MODULE (module_id, module_code, module_name, sys_id, module_type, enabled, default_icon, tips, class_name, func_name, param, bill_type_code, last_ver)
values (1001020110, '001020110', '字段管理', '001', 0, 1, 'null', 'null', 'gov.gfmis.fap.framework.systemmanager.fieldmanager.ui.UIFieldManagerMainPanel', 'null', 'null', 'null', null);
insert into SYS_MODULE (module_id, module_code, module_name, sys_id, module_type, enabled, default_icon, tips, class_name, func_name, param, bill_type_code, last_ver)
values (1001400083, '001400083', '功能界面视图关系管理', '001', 0, 1, 'null', 'null', 'gov.gfmis.fap.workflow.systemmanager.uiconfigure.ui.UISysModuleViewMainPanel', 'null', 'null', 'null', null);
insert into SYS_MODULE (module_id, module_code, module_name, sys_id, module_type, enabled, default_icon, tips, class_name, func_name, param, bill_type_code, last_ver)
values (1001010030, '001010030', '状态对按钮管理', '001', 0, 1, 'null', 'null', 'gov.gfmis.fap.framework.systemmanager.sysmodule.ui.UISysModuleStatusButtonPanel', 'null', 'null', 'null', null);
insert into SYS_MODULE (module_id, module_code, module_name, sys_id, module_type, enabled, default_icon, tips, class_name, func_name, param, bill_type_code, last_ver)
values (1001020020, '001020020', '系统要素管理', '001', 0, 1, 'null', 'null', 'gov.gfmis.fap.dictionary.systemmanager.elementset.ui.UIElementSetMainPanel', 'null', 'IsSystem=1', 'null', null);
insert into SYS_MODULE (module_id, module_code, module_name, sys_id, module_type, enabled, default_icon, tips, class_name, func_name, param, bill_type_code, last_ver)
values (1001201007, '001201007', '单号规则管理', '001', 0, 1, 'null', 'null', 'gov.gfmis.fap.workflow.systemmanager.sysbillnorule.ui.UISysBillNoRuleMainPanel', 'null', 'null', 'null', null);
insert into SYS_MODULE (module_id, module_code, module_name, sys_id, module_type, enabled, default_icon, tips, class_name, func_name, param, bill_type_code, last_ver)
values (1001010130, '001010130', '操作管理', '001', 0, 1, 'null', 'null', 'gov.gfmis.fap.framework.systemmanager.sysaction.ui.UISysActionMainPanel', 'null', 'null', 'null', null);
insert into SYS_MODULE (module_id, module_code, module_name, sys_id, module_type, enabled, default_icon, tips, class_name, func_name, param, bill_type_code, last_ver)
values (6952, '001010041', '应用模块管理', '001', 0, 1, 'null', 'null', 'gov.gfmis.fap.framework.systemmanager.sysapp.ui.UISysAppMainPanel', 'null', 'null', 'null', null);
insert into SYS_MODULE (module_id, module_code, module_name, sys_id, module_type, enabled, default_icon, tips, class_name, func_name, param, bill_type_code, last_ver)
values (1001010250, '001010250', '定时任务管理', '001', 0, 1, 'null', 'null', 'gov.gfmis.fap.framework.systemmanager.autotask.ui.UISysAutoTaskMainPanel', 'null', 'null', 'null', null);
insert into SYS_MODULE (module_id, module_code, module_name, sys_id, module_type, enabled, default_icon, tips, class_name, func_name, param, bill_type_code, last_ver)
values (1001080030, '001080030', '数据校验管理', '001', 0, 1, 'null', 'null', 'gov.mof.exchange.systemmanager.verifytype.ui.UIExcVerifyTypeMainPanel', 'null', 'null', 'null', null);
insert into SYS_MODULE (module_id, module_code, module_name, sys_id, module_type, enabled, default_icon, tips, class_name, func_name, param, bill_type_code, last_ver)
values (1001400082, '001400082', '界面视图管理（用户使用）', '001', 0, 1, 'null', 'null', 'gov.gfmis.fap.workflow.systemmanager.uiconfigure.ui.UIConfigureMainPanel', 'null', 'Is_user_edit=true', 'null', null);
insert into SYS_MODULE (module_id, module_code, module_name, sys_id, module_type, enabled, default_icon, tips, class_name, func_name, param, bill_type_code, last_ver)
values (6950, '001010040', '用户子系统管理', '001', 0, 1, 'null', 'null', 'gov.gfmis.fap.framework.systemmanager.sysusersys.ui.UISysUserSysMainPanel', 'null', 'null', 'null', null);
insert into SYS_MODULE (module_id, module_code, module_name, sys_id, module_type, enabled, default_icon, tips, class_name, func_name, param, bill_type_code, last_ver)
values (5142, '001025602014', '指标流向代码', '001', 0, 1, null, null, 'gov.gfmis.fap.dictionary.systemmanager.element.ui.UICommonNewPanel', null, 'Element=BGTDIR', null, '2008-12-09 09:33:37');
insert into SYS_MODULE (module_id, module_code, module_name, sys_id, module_type, enabled, default_icon, tips, class_name, func_name, param, bill_type_code, last_ver)
values (5141, '001025601013', '资金支付结算方式代码', '001', 0, 1, null, null, 'gov.gfmis.fap.dictionary.systemmanager.element.ui.UICommonNewPanel', null, 'Element=SETMODE', null, '2008-12-09 09:29:29');
insert into SYS_MODULE (module_id, module_code, module_name, sys_id, module_type, enabled, default_icon, tips, class_name, func_name, param, bill_type_code, last_ver)
values (5144, '001025601016', '计划调整类型', '001', 0, 1, null, null, 'gov.gfmis.fap.dictionary.systemmanager.element.ui.UICommonNewPanel', null, 'Element=PL', null, '2008-12-09 09:31:27');
insert into SYS_MODULE (module_id, module_code, module_name, sys_id, module_type, enabled, default_icon, tips, class_name, func_name, param, bill_type_code, last_ver)
values (5145, '001025601020', '编制机构', '001', 0, 1, null, null, 'gov.gfmis.fap.dictionary.systemmanager.element.ui.UICommonNewPanel', null, 'Element=EDITOR', null, '2008-12-09 09:34:36');
insert into SYS_MODULE (module_id, module_code, module_name, sys_id, module_type, enabled, default_icon, tips, class_name, func_name, param, bill_type_code, last_ver)
values (5146, '001025602018', '指标类型', '001', 0, 1, null, null, 'gov.gfmis.fap.dictionary.systemmanager.element.ui.UICommonNewPanel', null, 'Element=BP', null, '2008-12-09 09:33:22');
insert into SYS_MODULE (module_id, module_code, module_name, sys_id, module_type, enabled, default_icon, tips, class_name, func_name, param, bill_type_code, last_ver)
values (5147, '001025602019', '预算单位收入来源代码', '001', 0, 1, null, null, 'gov.gfmis.fap.dictionary.systemmanager.element.ui.UICommonNewPanel', null, 'Element=BGTSOURCE', null, '2008-12-09 09:33:44');
insert into SYS_MODULE (module_id, module_code, module_name, sys_id, module_type, enabled, default_icon, tips, class_name, func_name, param, bill_type_code, last_ver)
values (5148, '001025602', '指标数据设置', '001', 0, 1, null, null, 'gov.gfmis.fap.dictionary.systemmanager.element.ui.UICommonNewPanel', null, null, null, '2008-12-09 10:08:27');
insert into SYS_MODULE (module_id, module_code, module_name, sys_id, module_type, enabled, default_icon, tips, class_name, func_name, param, bill_type_code, last_ver)
values (5150, '001025601021', '收入分类', '001', 0, 1, null, null, 'gov.gfmis.fap.dictionary.systemmanager.element.ui.UICommonNewPanel', null, 'Element=IN_BS', null, '2008-12-09 09:36:00');
insert into SYS_MODULE (module_id, module_code, module_name, sys_id, module_type, enabled, default_icon, tips, class_name, func_name, param, bill_type_code, last_ver)
values (5151, '001025602022', '预算收入项目', '001', 0, 1, null, null, 'gov.gfmis.fap.dictionary.systemmanager.element.ui.UICommonNewPanel', null, 'Element=IN_BIS', null, '2008-12-09 10:08:49');
insert into SYS_MODULE (module_id, module_code, module_name, sys_id, module_type, enabled, default_icon, tips, class_name, func_name, param, bill_type_code, last_ver)
values (5152, '001025601023', '往来', '001', 0, 1, null, null, 'gov.gfmis.fap.dictionary.systemmanager.element.ui.UICommonNewPanel', null, 'Element=CR', null, '2008-12-09 09:36:48');
insert into SYS_MODULE (module_id, module_code, module_name, sys_id, module_type, enabled, default_icon, tips, class_name, func_name, param, bill_type_code, last_ver)
values (5153, '001025601024', '总会科目', '001', 0, 1, null, null, 'gov.gfmis.fap.dictionary.systemmanager.element.ui.UICommonNewPanel', null, 'Element=AS', null, '2008-12-09 09:38:27');
insert into SYS_MODULE (module_id, module_code, module_name, sys_id, module_type, enabled, default_icon, tips, class_name, func_name, param, bill_type_code, last_ver)
values (5154, '001025601025', '监控规则', '001', 0, 1, null, null, 'gov.gfmis.fap.dictionary.systemmanager.element.ui.UICommonNewPanel', null, 'Element=IDF', null, '2008-12-09 09:39:34');
insert into SYS_MODULE (module_id, module_code, module_name, sys_id, module_type, enabled, default_icon, tips, class_name, func_name, param, bill_type_code, last_ver)
values (1001010020, '001010020', '功能管理', '001', 0, 1, 'null', 'null', 'gov.gfmis.fap.framework.systemmanager.sysmodule.ui.UISysModuleMainPanel', 'null', 'null', 'null', null);
insert into SYS_MODULE (module_id, module_code, module_name, sys_id, module_type, enabled, default_icon, tips, class_name, func_name, param, bill_type_code, last_ver)
values (1001010090, '001010090', '用户管理', '001', 0, 1, 'null', 'null', 'gov.gfmis.fap.framework.systemmanager.sysuser.ui.UISysUserMainPanel', 'null', 'null', 'null', null);
insert into SYS_MODULE (module_id, module_code, module_name, sys_id, module_type, enabled, default_icon, tips, class_name, func_name, param, bill_type_code, last_ver)
values (1001010110, '001010110', '角色管理', '001', 0, 1, 'null', 'null', 'gov.gfmis.fap.framework.systemmanager.sysrole.ui.UISysRoleMainPanel', 'null', 'null', 'null', null);
insert into SYS_MODULE (module_id, module_code, module_name, sys_id, module_type, enabled, default_icon, tips, class_name, func_name, param, bill_type_code, last_ver)
values (1001050030, '001050030', '权限组管理', '001', 0, 1, 'null', 'null', 'gov.gfmis.fap.dictionary.systemmanager.datarightset.ui.UISysRightGruopAndRightEleMainPanel', 'null', 'null', 'null', null);
insert into SYS_MODULE (module_id, module_code, module_name, sys_id, module_type, enabled, default_icon, tips, class_name, func_name, param, bill_type_code, last_ver)
values (1001201008, '001201008', '图形化交易令设置', '001', 0, 1, null, null, 'gov.gfmis.fap.gl.configure.ui.BVTypeGraphConfigPanel', null, null, null, '2008-06-02 01:10:53');
insert into SYS_MODULE (module_id, module_code, module_name, sys_id, module_type, enabled, default_icon, tips, class_name, func_name, param, bill_type_code, last_ver)
values (5189, '001025601099', '通用基础数据管理', '001', 0, 1, null, null, 'gov.gfmis.fap.dictionary.systemmanager.element.ui.UICommonNewPanel', null, null, null, '2008-12-10 19:23:34');
insert into SYS_MODULE (module_id, module_code, module_name, sys_id, module_type, enabled, default_icon, tips, class_name, func_name, param, bill_type_code, last_ver)
values (5163, '001025601034', '预算科目', '001', 0, 1, null, null, 'gov.gfmis.fap.dictionary.systemmanager.element.ui.UICommonNewPanel', null, 'Element=BSO', null, '2008-12-09 09:58:59');
insert into SYS_MODULE (module_id, module_code, module_name, sys_id, module_type, enabled, default_icon, tips, class_name, func_name, param, bill_type_code, last_ver)
values (5171, '001025601041', '支出经济分类科目代码', '001', 0, 1, null, null, 'gov.gfmis.fap.dictionary.systemmanager.element.ui.UICommonNewPanel', null, 'Element=EXPECO', null, '2008-12-09 10:06:50');
insert into SYS_MODULE (module_id, module_code, module_name, sys_id, module_type, enabled, default_icon, tips, class_name, func_name, param, bill_type_code, last_ver)
values (5172, '001025601042', '银行账户类型', '001', 0, 1, null, null, 'gov.gfmis.fap.dictionary.systemmanager.element.ui.UICommonNewPanel', null, 'Element=INSPECT_BAKIND', null, '2008-12-09 10:07:14');
insert into SYS_MODULE (module_id, module_code, module_name, sys_id, module_type, enabled, default_icon, tips, class_name, func_name, param, bill_type_code, last_ver)
values (5168, '001025601038', '政府采购标志', '001', 0, 1, null, null, 'gov.gfmis.fap.dictionary.systemmanager.element.ui.UICommonNewPanel', null, 'Element=ZFCGBS', null, '2008-12-09 10:04:05');
insert into SYS_MODULE (module_id, module_code, module_name, sys_id, module_type, enabled, default_icon, tips, class_name, func_name, param, bill_type_code, last_ver)
values (5169, '001025601039', '票据种类', '001', 0, 1, null, null, 'gov.gfmis.fap.dictionary.systemmanager.element.ui.UICommonNewPanel', null, 'Element=BILLKIND', null, '2008-12-09 10:04:44');
insert into SYS_MODULE (module_id, module_code, module_name, sys_id, module_type, enabled, default_icon, tips, class_name, func_name, param, bill_type_code, last_ver)
values (5170, '001025601040', '区划', '001', 0, 1, null, null, 'gov.gfmis.fap.dictionary.systemmanager.element.ui.UICommonNewPanel', null, 'Element=RG', null, '2008-12-09 10:05:43');
insert into SYS_MODULE (module_id, module_code, module_name, sys_id, module_type, enabled, default_icon, tips, class_name, func_name, param, bill_type_code, last_ver)
values (1001201006, '001201006', '单据类型维护', '001', 0, 1, 'null', 'null', 'gov.gfmis.fap.workflow.systemmanager.sysbilltype.ui.UISysBillTypeMainPanel', 'null', 'BilltypeClass=0;IsOnlyModify=1', 'null', null);
insert into SYS_MODULE (module_id, module_code, module_name, sys_id, module_type, enabled, default_icon, tips, class_name, func_name, param, bill_type_code, last_ver)
values (1001010043, '001010043', '要素定值规则设定', '001', 0, 1, 'null', 'null', 'gov.gfmis.fap.workflow.systemmanager.sysbilltype.ui.UISysBillTypeEleRule', 'null', 'null', 'null', null);
insert into SYS_MODULE (module_id, module_code, module_name, sys_id, module_type, enabled, default_icon, tips, class_name, func_name, param, bill_type_code, last_ver)
values (1001010107, '001010107', '用户间授权', '001', 0, 1, 'null', 'null', 'gov.gfmis.fap.framework.systemmanager.sysuseraccredit.ui.UIUserAccreditMainPanel', 'null', 'null', 'null', null);
insert into SYS_MODULE (module_id, module_code, module_name, sys_id, module_type, enabled, default_icon, tips, class_name, func_name, param, bill_type_code, last_ver)
values (1001010106, '001010106', '用户账套授权', '001', 0, 1, 'null', 'null', 'gov.gfmis.fap.framework.systemmanager.sysuserbookset.ui.UIUserBookSetMainPanel', 'null', 'null', 'null', null);
insert into SYS_MODULE (module_id, module_code, module_name, sys_id, module_type, enabled, default_icon, tips, class_name, func_name, param, bill_type_code, last_ver)
values (1001025701, '001025701', '关联关系维护', '001', 0, 1, 'null', 'null', 'gov.gfmis.fap.dictionary.systemmanager.relation.ui.UIRelationPanel', 'null', 'null', 'null', null);
insert into SYS_MODULE (module_id, module_code, module_name, sys_id, module_type, enabled, default_icon, tips, class_name, func_name, param, bill_type_code, last_ver)
values (1001400071, '001400071', '系统参数管理', '001', 0, 1, 'null', 'null', 'gov.gfmis.fap.framework.systemmanager.ParaManageDlgNew', 'null', 'null', 'null', null);
insert into SYS_MODULE (module_id, module_code, module_name, sys_id, module_type, enabled, default_icon, tips, class_name, func_name, param, bill_type_code, last_ver)
values (1001010050, '001010050', '业务年度管理', '001', 0, 1, 'null', 'null', 'gov.gfmis.fap.framework.systemmanager.sysyear.ui.UISysYearMainPanel', 'null', 'null', 'null', null);
insert into SYS_MODULE (module_id, module_code, module_name, sys_id, module_type, enabled, default_icon, tips, class_name, func_name, param, bill_type_code, last_ver)
values (1001010060, '001010060', '工作日管理', '001', 0, 1, 'null', 'null', 'gov.gfmis.fap.framework.systemmanager.workday.WorkDayUI', 'null', 'null', 'null', null);
insert into SYS_MODULE (module_id, module_code, module_name, sys_id, module_type, enabled, default_icon, tips, class_name, func_name, param, bill_type_code, last_ver)
values (1000100030, '000100030', '年度切换', '000', 0, 1, 'suser.gif', '年度切换', 'gov.gfmis.fap.framework.systemmanager.ui.SysSetYearSelectPanel', null, null, null, '2008-07-21 12:00:00');
insert into SYS_MODULE (module_id, module_code, module_name, sys_id, module_type, enabled, default_icon, tips, class_name, func_name, param, bill_type_code, last_ver)
values (1000200, '000200', '初始化', '000', 0, 1, null, null, null, null, null, null, '2006-08-29 16:45:00');
insert into SYS_MODULE (module_id, module_code, module_name, sys_id, module_type, enabled, default_icon, tips, class_name, func_name, param, bill_type_code, last_ver)
values (1000200025, '000200025', '辅助要素管理', '000', 0, 1, null, null, 'gov.gfmis.fap.dictionary.systemmanager.elementset.ui.UIElementSetMainPanelNew', null, 'IsSystem=0;IsElementUIReadOnly=1', null, null);
insert into SYS_MODULE (module_id, module_code, module_name, sys_id, module_type, enabled, default_icon, tips, class_name, func_name, param, bill_type_code, last_ver)
values (1000300, '000300', '基础数据管理', '000', 0, 1, null, null, null, null, null, null, '2006-08-29 16:45:00');
insert into SYS_MODULE (module_id, module_code, module_name, sys_id, module_type, enabled, default_icon, tips, class_name, func_name, param, bill_type_code, last_ver)
values (1000300070, '000300070', '预算单位管理', '000', 0, 1, null, null, 'gov.gfmis.fap.dictionary.systemmanager.element.ui.UICommonNewPanel', null, 'Element=AGENCY', null, null);
insert into SYS_MODULE (module_id, module_code, module_name, sys_id, module_type, enabled, default_icon, tips, class_name, func_name, param, bill_type_code, last_ver)
values (1000400, '000400', '基础设置', '000', 0, 1, null, null, null, null, null, null, '2006-08-29 16:45:00');
insert into SYS_MODULE (module_id, module_code, module_name, sys_id, module_type, enabled, default_icon, tips, class_name, func_name, param, bill_type_code, last_ver)
values (1000400040, '000400040', '工作流定义', '000', 0, 1, null, null, 'gov.gfmis.fap.workflow.systemmanager.ui.WFDesignerPanel', null, null, null, null);
insert into SYS_MODULE (module_id, module_code, module_name, sys_id, module_type, enabled, default_icon, tips, class_name, func_name, param, bill_type_code, last_ver)
values (1000600, '000600', '日常维护', '000', 0, 1, null, null, null, null, null, null, '2006-08-29 16:45:00');
insert into SYS_MODULE (module_id, module_code, module_name, sys_id, module_type, enabled, default_icon, tips, class_name, func_name, param, bill_type_code, last_ver)
values (1000600030, '000600030', '权限', '000', 0, 1, null, null, null, null, null, null, '2006-08-29 16:45:00');
insert into SYS_MODULE (module_id, module_code, module_name, sys_id, module_type, enabled, default_icon, tips, class_name, func_name, param, bill_type_code, last_ver)
values (1000600030020, '000600030020', '用户权限报表', '000', 0, 1, null, null, 'gov.gfmis.fap.framework.systemmanager.expandimp.ui.ClientReportChild', null, 'ReportId=YHQXXX', null, '2006-08-29 16:45:00');
insert into SYS_MODULE (module_id, module_code, module_name, sys_id, module_type, enabled, default_icon, tips, class_name, func_name, param, bill_type_code, last_ver)
values (1000600060, '000600060', '操作日志', '000', 0, 1, null, null, 'gov.gfmis.fap.framework.systemmanager.log.ui.UISysLogMainPanel', null, null, null, null);
insert into SYS_MODULE (module_id, module_code, module_name, sys_id, module_type, enabled, default_icon, tips, class_name, func_name, param, bill_type_code, last_ver)
values (1001400086, '001400086', '操作对界面视图关系管理', '001', 0, 1, null, null, 'gov.gfmis.fap.workflow.systemmanager.uiconfigure.ui.UISysActionViewMainPanel', null, null, null, '2009-09-27 11:00:22');
insert into SYS_MODULE (module_id, module_code, module_name, sys_id, module_type, enabled, default_icon, tips, class_name, func_name, param, bill_type_code, last_ver)
values (900999001, '900999001', '用户信息', '900', 0, 1, null, null, 'gov.gfmis.fap.framework.systemmanager.InitSystemMessage', null, null, '0', '2009-06-14 16:02:08');
insert into SYS_MODULE (module_id, module_code, module_name, sys_id, module_type, enabled, default_icon, tips, class_name, func_name, param, bill_type_code, last_ver)
values (1000100045, '000100045', '风格切换', '000', 0, 1, null, null, 'gov.gfmis.fap.framework.systemmanager.StyleSelectPanel', null, null, '0', '2009-08-18 17:34:11');
insert into SYS_MODULE (module_id, module_code, module_name, sys_id, module_type, enabled, default_icon, tips, class_name, func_name, param, bill_type_code, last_ver)
values (1000600080, '000600080', '基础数据同步', '000', 0, 1, null, null, 'gov.gfmis.fap.framework.systemmanager.syncuserele.ui.UISyncUserEleMainDialog', null, null, '0', '2010-01-04 17:34:11');
insert into SYS_MODULE (module_id, module_code, module_name, sys_id, module_type, enabled, default_icon, tips, class_name, func_name, param, bill_type_code, last_ver)
values (1001010444, '001010444', '用户分级管理', '001', 0, 1, null, null, 'gov.gfmis.fap.framework.systemmanager.syssubuser.ui.SHUserMainPanel', null, null, '0', '2010-01-21 16:01:29');
insert into SYS_MODULE (module_id, module_code, module_name, sys_id, module_type, enabled, default_icon, tips, class_name, func_name, param, bill_type_code, last_ver)
values (1000100015, '000100015', '切换账套', '000', 0, 1, 'suser.gif', '切换账套', 'gov.gfmis.fap.framework.BookSetSelectDialog', null, null, null, '2010-08-12 16:45:00');
insert into SYS_MODULE (module_id, module_code, module_name, sys_id, module_type, enabled, default_icon, tips, class_name, func_name, param, bill_type_code, last_ver)
values (9002, '001201400', '手工生成CCID', '001', 0, 1, null, null, 'gov.gfmis.fap.gl.coa.ui.generateccid.ManualGenerateCcidPanel', null, null, null, '2009-01-05 12:04:57');
insert into SYS_MODULE (module_id, module_code, module_name, sys_id, module_type, enabled, default_icon, tips, class_name, func_name, param, bill_type_code, last_ver)
values (1001201500, '001201500', '批量计算CCID', '001', 0, 1, null, null, 'gov.gfmis.fap.gl.coa.ui.batchrefreshccid.BatchRefreshCcidPanel', null, null, null, '2011-02-23 14:01:03');
insert into SYS_MODULE (module_id, module_code, module_name, sys_id, module_type, enabled, default_icon, tips, class_name, func_name, param, bill_type_code, last_ver)
values (1000200080, '000200080', '区划设置', '000', 0, 1, null, null, 'gov.gfmis.fap.framework.RG.ui.RGMainPanel', null, null, null, '2011-3-26 00:39:05');
insert into SYS_MODULE (module_id, module_code, module_name, sys_id, module_type, enabled, default_icon, tips, class_name, func_name, param, bill_type_code, last_ver)
values (1000300161, '000300161', '要素分级授权管理', '000', 0, 1, null, null, 'gov.gfmis.fap.dictionary.systemmanager.element.ui.UIEleGrantPanel', null, null, null, null);
insert into SYS_MODULE (module_id, module_code, module_name, sys_id, module_type, enabled, default_icon, tips, class_name, func_name, param, bill_type_code, last_ver)
values (1001010061, '001010061', '新年度初始化', '001', 0, 1, null, null, 'gov.gfmis.fap.framework.RG.ui.UIInitiaDBDialog', null, null, null, null);
insert into SYS_MODULE (module_id, module_code, module_name, sys_id, module_type, enabled, default_icon, tips, class_name, func_name, param, bill_type_code, last_ver)
values (1001010062, '001010062', '新年度初始化（大集中）', '001', 0, 1, null, null, 'gov.gfmis.fap.framework.RG.ui.UIInitiaDBDJZPanel', null, null, null, null);
insert into SYS_MODULE (module_id, module_code, module_name, sys_id, module_type, enabled, default_icon, tips, class_name, func_name, param, bill_type_code, last_ver)
values (1001010011, '001010011', '财政产品管理', '001', 0, 1, null, null, 'gov.gfmis.fap.framework.systemmanager.appmgr.ui.SysAppManagerPanel', null, null, '0', null);
insert into SYS_MODULE (module_id, module_code, module_name, sys_id, module_type, enabled, default_icon, tips, class_name, func_name, param, bill_type_code, last_ver)
values (1000100010, '000100010', '重新登录', '000', 0, 1, 'suser.gif', null, 'gov.gfmis.fap.framework.systemmanager.ui.ReloginPanel', null, '002', null, '2006-08-29 16:45:00');
insert into SYS_MODULE (module_id, module_code, module_name, sys_id, module_type, enabled, default_icon, tips, class_name, func_name, param, bill_type_code, last_ver)
values (1000100020, '000100020', '切换角色', '000', 0, 1, 'suser.gif', null, 'gov.gfmis.fap.framework.systemmanager.ui.RoleSelectPanel', null, '003', null, '2006-08-29 16:45:00');
insert into SYS_MODULE (module_id, module_code, module_name, sys_id, module_type, enabled, default_icon, tips, class_name, func_name, param, bill_type_code, last_ver)
values (1000100040, '000100040', '修改密码', '000', 0, 1, 'suser.gif', null, 'gov.gfmis.fap.framework.systemmanager.ui.PasswordDialog', null, '004', null, '2006-08-29 16:45:00');
insert into SYS_MODULE (module_id, module_code, module_name, sys_id, module_type, enabled, default_icon, tips, class_name, func_name, param, bill_type_code, last_ver)
values (1001700001, '001700001', '项目统一配置', '001', 0, 1, null, null, 'gov.gfmis.fap.bis.config.ui.BisConfigure', null, null, '0', null);
insert into SYS_MODULE (module_id, module_code, module_name, sys_id, module_type, enabled, default_icon, tips, class_name, func_name, param, bill_type_code, last_ver)
values (1001010100, '001010100', '用户授权', '001', 0, 1, null, null, 'gov.gfmis.fap.framework.systemmanager.sysuser.ui.UISysUserRolePanel', null, null, null, '2006-08-29 16:45:00');
insert into SYS_MODULE (module_id, module_code, module_name, sys_id, module_type, enabled, default_icon, tips, class_name, func_name, param, bill_type_code, last_ver)
values (1001700002, '001700002', '项目管理', '001', 0, 1, null, null, 'gov.gfmis.fap.bis.bis.ui.BisMain', null, null, '0', null);
insert into SYS_MODULE (module_id, module_code, module_name, sys_id, module_type, enabled, default_icon, tips, class_name, func_name, param, bill_type_code, last_ver)
values (1001700, '001700', '项目管理', '001', 0, 1, null, null, null, null, null, null, null);
insert into SYS_MODULE (module_id, module_code, module_name, sys_id, module_type, enabled, default_icon, tips, class_name, func_name, param, bill_type_code, last_ver)
values (1001700003, '001700003', '项目综合查询', '001', 0, 1, null, null, 'gov.gfmis.fap.bis.bis.ui.BisIntegratedQuery', null, null, '0', null);
insert into SYS_MODULE (module_id, module_code, module_name, sys_id, module_type, enabled, default_icon, tips, class_name, func_name, param, bill_type_code, last_ver)
values (1001600001, '001600001', '消息设置', '001', 0, 1, null, null, 'gov.gfmis.message.setting.ui.MsgSettingPanel', null, null, '0', null);
insert into SYS_MODULE (module_id, module_code, module_name, sys_id, module_type, enabled, default_icon, tips, class_name, func_name, param, bill_type_code, last_ver)
values (1001020, '001020', '数据字典管理', '001', 0, 1, null, null, null, null, null, null, '2006-08-29 16:45:00');
insert into SYS_MODULE (module_id, module_code, module_name, sys_id, module_type, enabled, default_icon, tips, class_name, func_name, param, bill_type_code, last_ver)
values (5162, '001025601033', '车辆规格', '001', 0, 1, null, null, 'gov.gfmis.fap.dictionary.systemmanager.element.ui.UICommonNewPanel', null, 'Element=CARSPEC', null, '2008-12-09 09:56:55');
insert into SYS_MODULE (module_id, module_code, module_name, sys_id, module_type, enabled, default_icon, tips, class_name, func_name, param, bill_type_code, last_ver)
values (1001080, '001080', '交换平台管理', '001', 0, 1, null, null, null, null, null, null, '2006-08-29 16:45:00');
insert into SYS_MODULE (module_id, module_code, module_name, sys_id, module_type, enabled, default_icon, tips, class_name, func_name, param, bill_type_code, last_ver)
values (1001060, '001060', '工作流', '001', 0, 1, null, null, null, null, null, null, '2006-08-29 16:45:00');
insert into SYS_MODULE (module_id, module_code, module_name, sys_id, module_type, enabled, default_icon, tips, class_name, func_name, param, bill_type_code, last_ver)
values (1001050, '001050', '数据权限', '001', 0, 1, null, null, null, null, null, null, '2006-08-29 16:45:00');

insert into SYS_MODULE (module_id, module_code, module_name, sys_id, module_type, enabled, default_icon, tips, class_name, func_name, param, bill_type_code, last_ver)
values (1001040, '001040', '规则管理', '001', 0, 1, null, null, null, null, null, null, '2006-08-29 16:45:00');
insert into SYS_MODULE (module_id, module_code, module_name, sys_id, module_type, enabled, default_icon, tips, class_name, func_name, param, bill_type_code, last_ver)
values (1001070, '001070', '报表管理', '001', 0, 1, null, null, null, null, null, null, '2006-08-29 16:45:00');
insert into SYS_MODULE (module_id, module_code, module_name, sys_id, module_type, enabled, default_icon, tips, class_name, func_name, param, bill_type_code, last_ver)
values (1001201003, '001201003', '交易凭证类型管理', '001', 0, 1, null, null, 'gov.gfmis.fap.workflow.systemmanager.sysbilltype.ui.UISysBillTypeMainPanel', null, 'BilltypeClass=1', null, '2006-08-29 16:45:00');
insert into SYS_MODULE (module_id, module_code, module_name, sys_id, module_type, enabled, default_icon, tips, class_name, func_name, param, bill_type_code, last_ver)
values (5136, '001025601008', '执收单位', '001', 0, 1, null, null, 'gov.gfmis.fap.dictionary.systemmanager.element.ui.UICommonNewPanel', null, 'Element=IEN', null, '2008-12-09 09:25:27');
insert into SYS_MODULE (module_id, module_code, module_name, sys_id, module_type, enabled, default_icon, tips, class_name, func_name, param, bill_type_code, last_ver)
values (5137, '001025601009', '收入归属', '001', 0, 1, null, null, 'gov.gfmis.fap.dictionary.systemmanager.element.ui.UICommonNewPanel', null, 'Element=IN_AD', null, '2008-12-09 09:25:55');
insert into SYS_MODULE (module_id, module_code, module_name, sys_id, module_type, enabled, default_icon, tips, class_name, func_name, param, bill_type_code, last_ver)
values (5139, '001025601011', '预算单位支出结构代码', '001', 0, 1, null, null, 'gov.gfmis.fap.dictionary.systemmanager.element.ui.UICommonNewPanel', null, 'Element=AGENCYEXP', null, '2008-12-09 09:27:38');
insert into SYS_MODULE (module_id, module_code, module_name, sys_id, module_type, enabled, default_icon, tips, class_name, func_name, param, bill_type_code, last_ver)
values (5143, '001025602015', '指标调整类型', '001', 0, 1, null, null, 'gov.gfmis.fap.dictionary.systemmanager.element.ui.UICommonNewPanel', null, 'Element=BA', null, '2008-12-09 09:33:29');
insert into SYS_MODULE (module_id, module_code, module_name, sys_id, module_type, enabled, default_icon, tips, class_name, func_name, param, bill_type_code, last_ver)
values (5158, '001025601029', '采购方式', '001', 0, 1, null, null, 'gov.gfmis.fap.dictionary.systemmanager.element.ui.UICommonNewPanel', null, 'Element=FASN', null, '2008-12-09 09:53:04');
insert into SYS_MODULE (module_id, module_code, module_name, sys_id, module_type, enabled, default_icon, tips, class_name, func_name, param, bill_type_code, last_ver)
values (5130, '001025601002', '工资代发银行', '001', 0, 1, null, null, 'gov.gfmis.fap.dictionary.systemmanager.element.ui.UICommonNewPanel', null, 'Element=TB', null, '2008-12-09 09:21:14');
insert into SYS_MODULE (module_id, module_code, module_name, sys_id, module_type, enabled, default_icon, tips, class_name, func_name, param, bill_type_code, last_ver)
values (5159, '001025601030', '采购目录', '001', 0, 1, null, null, 'gov.gfmis.fap.dictionary.systemmanager.element.ui.UICommonNewPanel', null, 'Element=DIR', null, '2008-12-09 09:53:21');
insert into SYS_MODULE (module_id, module_code, module_name, sys_id, module_type, enabled, default_icon, tips, class_name, func_name, param, bill_type_code, last_ver)
values (5160, '001025601031', '采购模式', '001', 0, 1, null, null, 'gov.gfmis.fap.dictionary.systemmanager.element.ui.UICommonNewPanel', null, 'Element=MODE', null, '2008-12-09 09:53:41');
insert into SYS_MODULE (module_id, module_code, module_name, sys_id, module_type, enabled, default_icon, tips, class_name, func_name, param, bill_type_code, last_ver)
values (5161, '001025601032', '中介机构', '001', 0, 1, null, null, 'gov.gfmis.fap.dictionary.systemmanager.element.ui.UICommonNewPanel', null, 'Element=GP_AGENCY', null, '2008-12-09 09:53:58');
insert into SYS_MODULE (module_id, module_code, module_name, sys_id, module_type, enabled, default_icon, tips, class_name, func_name, param, bill_type_code, last_ver)
values (5138, '001025601010', '核算方式', '001', 0, 1, null, null, 'gov.gfmis.fap.dictionary.systemmanager.element.ui.UICommonNewPanel', null, 'Element=GBO', null, '2008-12-09 09:26:17');
insert into SYS_MODULE (module_id, module_code, module_name, sys_id, module_type, enabled, default_icon, tips, class_name, func_name, param, bill_type_code, last_ver)
values (5140, '001025601012', '核算类型', '001', 0, 1, null, null, 'gov.gfmis.fap.dictionary.systemmanager.element.ui.UICommonNewPanel', null, 'Element=BGTTYPE', null, '2008-12-09 09:28:07');
insert into SYS_MODULE (module_id, module_code, module_name, sys_id, module_type, enabled, default_icon, tips, class_name, func_name, param, bill_type_code, last_ver)
values (5155, '001025601026', '存款类型', '001', 0, 1, null, null, 'gov.gfmis.fap.dictionary.systemmanager.element.ui.UICommonNewPanel', null, 'Element=FS_SAVING_TYPE', null, '2008-12-09 09:40:01');
insert into SYS_MODULE (module_id, module_code, module_name, sys_id, module_type, enabled, default_icon, tips, class_name, func_name, param, bill_type_code, last_ver)
values (5156, '001025601027', '采购品牌', '001', 0, 1, null, null, 'gov.gfmis.fap.dictionary.systemmanager.element.ui.UICommonNewPanel', null, 'Element=BRAND', null, '2008-12-09 09:49:12');
insert into SYS_MODULE (module_id, module_code, module_name, sys_id, module_type, enabled, default_icon, tips, class_name, func_name, param, bill_type_code, last_ver)
values (5157, '001025601028', '专家基本信息', '001', 0, 1, null, null, 'gov.gfmis.fap.dictionary.systemmanager.element.ui.UICommonNewPanel', null, 'Element=EXPERT', null, '2008-12-09 09:49:40');
insert into SYS_MODULE (module_id, module_code, module_name, sys_id, module_type, enabled, default_icon, tips, class_name, func_name, param, bill_type_code, last_ver)
values (1000100, '000100', '系统功能', '000', 0, 1, null, null, null, null, null, null, '2006-08-29 16:45:00');
insert into SYS_MODULE (module_id, module_code, module_name, sys_id, module_type, enabled, default_icon, tips, class_name, func_name, param, bill_type_code, last_ver)
values (1001, '001', '系统配置工具', '001', 0, 1, null, null, null, null, null, null, '2006-08-29 16:45:00');
insert into SYS_MODULE (module_id, module_code, module_name, sys_id, module_type, enabled, default_icon, tips, class_name, func_name, param, bill_type_code, last_ver)
values (1001201005, '001201005', '交易凭证类型维护', '001', 0, 1, null, null, 'gov.gfmis.fap.workflow.systemmanager.sysbilltype.ui.UISysBillTypeMainPanel', null, 'BilltypeClass=1;IsOnlyModify=1', null, '2006-08-29 16:45:00');
insert into SYS_MODULE (module_id, module_code, module_name, sys_id, module_type, enabled, default_icon, tips, class_name, func_name, param, bill_type_code, last_ver)
values (1001010150, '001010150', '系统反初始化', '001', 0, 1, 'null', 'null', 'gov.gfmis.fap.framework.systemmanager.ui.SystemReInitAction', 'null', 'null', 'null', null);
insert into SYS_MODULE (module_id, module_code, module_name, sys_id, module_type, enabled, default_icon, tips, class_name, func_name, param, bill_type_code, last_ver)
values (1001025603, '001025603', '支付账户管理', '001', 0, 1, null, null, 'gov.gfmis.fap.dictionary.accountmanage.ui.EleAccountManagePanel', null, 'PayArg=accType@62#11#12#21#22#64|initParam@1', null, null);

insert into SYS_MODULE_BAKUP (module_id, module_code, module_name, sys_id, module_type, enabled, default_icon, tips, class_name, func_name, param, bill_type_code, last_ver)
values (1001025202060, '001025202060', '账户类型管理', '001', 0, 1, 'complete.gif', 'null', 'gov.gfmis.fap.dictionary.systemmanager.metadata.ui.UIEnumerateSet', 'null', 'Field_code=account_type', 'null', null);
insert into SYS_MODULE_BAKUP (module_id, module_code, module_name, sys_id, module_type, enabled, default_icon, tips, class_name, func_name, param, bill_type_code, last_ver)
values (1001025202020, '001025202020', '机构类型管理', '001', 0, 1, 'null', 'null', 'gov.gfmis.fap.framework.systemmanager.sysorgtype.ui.UISysOrgtypeMainPanel', 'null', 'null', 'null', null);
insert into SYS_MODULE_BAKUP (module_id, module_code, module_name, sys_id, module_type, enabled, default_icon, tips, class_name, func_name, param, bill_type_code, last_ver)
values (1001025202030, '001025202030', '用户类型管理', '001', 0, 1, 'null', 'null', 'gov.gfmis.fap.dictionary.systemmanager.metadata.ui.UIEnumerateSet', 'null', 'Field_code=user_type', 'null', null);
insert into SYS_MODULE_BAKUP (module_id, module_code, module_name, sys_id, module_type, enabled, default_icon, tips, class_name, func_name, param, bill_type_code, last_ver)
values (1001025202040, '001025202040', '界面视图类型管理', '001', 0, 1, 'null', 'null', 'gov.gfmis.fap.dictionary.systemmanager.metadata.ui.UIEnumerateSet', 'null', 'Field_code=view_type', 'null', null);
insert into SYS_MODULE_BAKUP (module_id, module_code, module_name, sys_id, module_type, enabled, default_icon, tips, class_name, func_name, param, bill_type_code, last_ver)
values (1001025202010, '001025202010', '状态动作类型设置', '001', 0, 1, 'complete.gif', 'null', 'gov.gfmis.fap.dictionary.systemmanager.metadata.ui.UIEnumerateSet', 'null', 'Field_code=action_type', 'null', null);
insert into SYS_MODULE_BAKUP (module_id, module_code, module_name, sys_id, module_type, enabled, default_icon, tips, class_name, func_name, param, bill_type_code, last_ver)
values (1001025202050, '001025202050', '账套类型管理', '001', 0, 1, 'null', 'null', 'gov.gfmis.fap.dictionary.systemmanager.metadata.ui.UIEnumerateSet', 'null', 'Field_code=SET_TYPE', 'null', null);
insert into SYS_MODULE_BAKUP (module_id, module_code, module_name, sys_id, module_type, enabled, default_icon, tips, class_name, func_name, param, bill_type_code, last_ver)
values (1001025202051, '001025202051', '科目类型管理', '001', 0, 1, 'null', 'null', 'gov.gfmis.fap.dictionary.systemmanager.metadata.ui.UIEnumerateSet', 'null', 'Field_code=SUBJECT_TYPE', 'null', null);
insert into SYS_MODULE_BAKUP (module_id, module_code, module_name, sys_id, module_type, enabled, default_icon, tips, class_name, func_name, param, bill_type_code, last_ver)
values (1001025202052, '001025202052', '科目性质管理', '001', 0, 1, 'null', 'null', 'gov.gfmis.fap.dictionary.systemmanager.metadata.ui.UIEnumerateSet', 'null', 'Field_code=SUBJECT_KIND', 'null', null);
insert into SYS_MODULE_BAKUP (module_id, module_code, module_name, sys_id, module_type, enabled, default_icon, tips, class_name, func_name, param, bill_type_code, last_ver)
values (1001025202005, '001025202005', '数据状态管理', '001', 0, 1, 'null', 'null', 'gov.gfmis.fap.framework.systemmanager.sysstatus.ui.UISysStatusMainPanel', 'null', 'null', 'null', null);
insert into SYS_MODULE_BAKUP (module_id, module_code, module_name, sys_id, module_type, enabled, default_icon, tips, class_name, func_name, param, bill_type_code, last_ver)
values (5776, '001201230', '选项', '001', 0, 1, null, null, 'gov.gfmis.fap.gl.configure.ui.setting.SettingDialog', null, null, null, '2008-05-22 14:42:44');
insert into SYS_MODULE_BAKUP (module_id, module_code, module_name, sys_id, module_type, enabled, default_icon, tips, class_name, func_name, param, bill_type_code, last_ver)
values (311040879, '311040879', '用户权限信息表', '001', 1, 1, 'null', 'null', 'gov.gfmis.fap.framework.systemmanager.expandimp.ui.ClientReportChild', 'null', 'ReportId=YHQXXX', 'null', null);
insert into SYS_MODULE_BAKUP (module_id, module_code, module_name, sys_id, module_type, enabled, default_icon, tips, class_name, func_name, param, bill_type_code, last_ver)
values (1000300010, '000300010', '资金性质管理', '000', 0, 1, null, null, 'gov.gfmis.fap.dictionary.systemmanager.element.ui.UICommonNewPanel', null, 'Element=FUNDTYPE', null, null);
insert into SYS_MODULE_BAKUP (module_id, module_code, module_name, sys_id, module_type, enabled, default_icon, tips, class_name, func_name, param, bill_type_code, last_ver)
values (1000300130, '000300130', '支付方式管理', '000', 0, 1, null, null, 'gov.gfmis.fap.dictionary.systemmanager.element.ui.UICommonNewPanel', null, 'Element=PAYTYPE', null, null);
insert into SYS_MODULE_BAKUP (module_id, module_code, module_name, sys_id, module_type, enabled, default_icon, tips, class_name, func_name, param, bill_type_code, last_ver)
values (1000300140, '000300140', '指标来源管理', '000', 0, 1, null, null, 'gov.gfmis.fap.dictionary.systemmanager.element.ui.UICommonNewPanel', null, 'Element=BGTSOURCE', null, null);
insert into SYS_MODULE_BAKUP (module_id, module_code, module_name, sys_id, module_type, enabled, default_icon, tips, class_name, func_name, param, bill_type_code, last_ver)
values (1001050010, '001050010', '角色权限管理', '001', 0, 1, null, null, 'gov.gfmis.fap.rule.systemmanager.ui.UIRoleRuleMainPanel', null, null, null, '2006-08-29 16:45:00');
insert into SYS_MODULE_BAKUP (module_id, module_code, module_name, sys_id, module_type, enabled, default_icon, tips, class_name, func_name, param, bill_type_code, last_ver)
values (1000100050, '000100050', '退出系统', '000', 0, 1, 'suser.gif', null, 'gov.gfmis.fap.framework.systemmanager.ui.LogoutAction', null, '005', null, '2006-08-29 16:45:00');
insert into SYS_MODULE_BAKUP (module_id, module_code, module_name, sys_id, module_type, enabled, default_icon, tips, class_name, func_name, param, bill_type_code, last_ver)
values (1000100070, '000100070', '关闭工具栏', '000', 0, 1, null, null, 'gov.gfmis.fap.framework.systemmanager.ui.SysToolbarClose', null, null, null, '2006-08-29 16:45:00');
insert into SYS_MODULE_BAKUP (module_id, module_code, module_name, sys_id, module_type, enabled, default_icon, tips, class_name, func_name, param, bill_type_code, last_ver)
values (1000100060, '000100060', '关闭页面', '000', 0, 1, 'chexiao.gif', null, 'gov.gfmis.fap.framework.CloseFrameRightPanel', null, null, null, '2006-08-29 16:45:00');
insert into SYS_MODULE_BAKUP (module_id, module_code, module_name, sys_id, module_type, enabled, default_icon, tips, class_name, func_name, param, bill_type_code, last_ver)
values (5129, '001025601001', '部门', '001', 0, 1, null, null, 'gov.gfmis.fap.dictionary.systemmanager.element.ui.UICommonNewPanel', null, 'Element=DEPT', null, '2008-12-09 09:18:16');
insert into SYS_MODULE_BAKUP (module_id, module_code, module_name, sys_id, module_type, enabled, default_icon, tips, class_name, func_name, param, bill_type_code, last_ver)
values (5131, '001025601003', '人员性质', '001', 0, 1, null, null, 'gov.gfmis.fap.dictionary.systemmanager.element.ui.UICommonNewPanel', null, 'Element=PERTYPE', null, '2008-12-09 09:21:46');
insert into SYS_MODULE_BAKUP (module_id, module_code, module_name, sys_id, module_type, enabled, default_icon, tips, class_name, func_name, param, bill_type_code, last_ver)
values (1001060020, '001060020', '工作流管理', '001', 0, 1, null, null, 'gov.gfmis.fap.workflow.systemmanager.ui.WFDesignerPanel', null, null, null, '2006-08-29 16:45:00');
insert into SYS_MODULE_BAKUP (module_id, module_code, module_name, sys_id, module_type, enabled, default_icon, tips, class_name, func_name, param, bill_type_code, last_ver)
values (5132, '001025601004', '工资类别', '001', 0, 1, null, null, 'gov.gfmis.fap.dictionary.systemmanager.element.ui.UICommonNewPanel', null, 'Element=SALTYPE', null, '2008-12-09 09:22:06');
insert into SYS_MODULE_BAKUP (module_id, module_code, module_name, sys_id, module_type, enabled, default_icon, tips, class_name, func_name, param, bill_type_code, last_ver)
values (5133, '001025601005', '级别工资', '001', 0, 1, null, null, 'gov.gfmis.fap.dictionary.systemmanager.element.ui.UICommonNewPanel', null, 'Element=SALARYGR', null, '2008-12-09 09:24:02');
insert into SYS_MODULE_BAKUP (module_id, module_code, module_name, sys_id, module_type, enabled, default_icon, tips, class_name, func_name, param, bill_type_code, last_ver)
values (5134, '001025601006', '职称（岗位）工资', '001', 0, 1, null, null, 'gov.gfmis.fap.dictionary.systemmanager.element.ui.UICommonNewPanel', null, 'Element=PTPOS', null, '2008-12-09 09:24:39');
insert into SYS_MODULE_BAKUP (module_id, module_code, module_name, sys_id, module_type, enabled, default_icon, tips, class_name, func_name, param, bill_type_code, last_ver)
values (5135, '001025601007', '职务工资', '001', 0, 1, null, null, 'gov.gfmis.fap.dictionary.systemmanager.element.ui.UICommonNewPanel', null, 'Element=POS', null, '2008-12-09 09:25:04');
insert into SYS_MODULE_BAKUP (module_id, module_code, module_name, sys_id, module_type, enabled, default_icon, tips, class_name, func_name, param, bill_type_code, last_ver)
values (1001070005, '001070005', '报表管理', '001', 0, 1, null, null, 'gov.gfmis.fap.report.design.DesignerFrame', null, null, null, '2006-08-29 16:45:00');
insert into SYS_MODULE_BAKUP (module_id, module_code, module_name, sys_id, module_type, enabled, default_icon, tips, class_name, func_name, param, bill_type_code, last_ver)
values (1001025002, '001025002', '处室预算单位管理', '001', 0, 1, null, null, 'gov.gfmis.fap.dictionary.systemmanager.element.ui.UIEnByRightMainPanel', null, null, null, '2007-12-25 16:03:24');
insert into SYS_MODULE_BAKUP (module_id, module_code, module_name, sys_id, module_type, enabled, default_icon, tips, class_name, func_name, param, bill_type_code, last_ver)
values (4516, '001201300', '数据自检', '001', 0, 1, null, null, 'gov.gfmis.fap.gl.datacheck.ui.UIErrorDataList', null, null, null, '2008-03-06 10:26:41');
insert into SYS_MODULE_BAKUP (module_id, module_code, module_name, sys_id, module_type, enabled, default_icon, tips, class_name, func_name, param, bill_type_code, last_ver)
values (1000100048, '000100048', '系统切换', '000', 0, 1, null, null, 'gov.gfmis.fap.framework.systemmanager.ui.SwitchSystemAction', null, null, '0', '2011-09-30 14:13:53');
insert into SYS_MODULE_BAKUP (module_id, module_code, module_name, sys_id, module_type, enabled, default_icon, tips, class_name, func_name, param, bill_type_code, last_ver)
values (1001201009, '001201009', '补录凭证', '001', 0, 1, null, null, 'gov.gfmis.fap.gl.patchvou.ui.PatchVoucherPanel', null, null, null, '2008-06-23 09:11:41');
insert into SYS_MODULE_BAKUP (module_id, module_code, module_name, sys_id, module_type, enabled, default_icon, tips, class_name, func_name, param, bill_type_code, last_ver)
values (1001070040, '001070040', '报表测试', '001', 0, 1, 'null', 'null', 'gov.gfmis.pay.reportprint.reportprinttestpanel', 'null', 'null', 'null', null);
insert into SYS_MODULE_BAKUP (module_id, module_code, module_name, sys_id, module_type, enabled, default_icon, tips, class_name, func_name, param, bill_type_code, last_ver)
values (1001070020, '001070020', '报表调试', '001', 0, 1, 'null', 'null', 'gov.gfmis.fap.report.report.ui.ClientReport', 'null', 'ReportId=B00012', 'null', null);
insert into SYS_MODULE_BAKUP (module_id, module_code, module_name, sys_id, module_type, enabled, default_icon, tips, class_name, func_name, param, bill_type_code, last_ver)
values (1001070030, '001070030', '报表引擎界面', '001', 0, 1, 'null', 'null', 'gov.gfmis.glquery.MulHeadDemo', 'null', 'ReportId={FA8F7440-A1B8-11D9-BE77-AC7FD604959B}', 'null', null);
insert into SYS_MODULE_BAKUP (module_id, module_code, module_name, sys_id, module_type, enabled, default_icon, tips, class_name, func_name, param, bill_type_code, last_ver)
values (1001070010, '001070010', '报表设计器', '001', 0, 1, 'null', 'null', 'gov.gfmis.fap.report.systemmanager.report.ReportDesignerFrame', 'null', 'null', 'null', null);
insert into SYS_MODULE_BAKUP (module_id, module_code, module_name, sys_id, module_type, enabled, default_icon, tips, class_name, func_name, param, bill_type_code, last_ver)
values (1001090001, '001090001', '升级脚本管理', '001', 0, 1, 'null', 'null', 'gov.gfmis.fap.offline.systemmanager.ui.OffLineVersionManagerPanel', 'null', 'null', '0', null);
insert into SYS_MODULE_BAKUP (module_id, module_code, module_name, sys_id, module_type, enabled, default_icon, tips, class_name, func_name, param, bill_type_code, last_ver)
values (1001090010, '001090010', '下载表管理', '001', 0, 1, 'null', 'null', 'gov.gfmis.fap.offline.systemmanager.ui.OffLineTableManageMain', 'null', 'SetType=download', '0', null);
insert into SYS_MODULE_BAKUP (module_id, module_code, module_name, sys_id, module_type, enabled, default_icon, tips, class_name, func_name, param, bill_type_code, last_ver)
values (1001090020, '001090020', '上传表管理', '001', 0, 1, 'null', 'null', 'gov.gfmis.fap.offline.systemmanager.ui.OffLineTableManageMain', 'null', 'SetType=upload', '0', null);
insert into SYS_MODULE_BAKUP (module_id, module_code, module_name, sys_id, module_type, enabled, default_icon, tips, class_name, func_name, param, bill_type_code, last_ver)
values (1001400070, '001400070', '关于', '001', 1, 1, 'null', 'null', 'gov.gfmis.fap.framework.systemmanager.ui.SysAppAbout', 'null', 'null', 'null', null);
insert into SYS_MODULE_BAKUP (module_id, module_code, module_name, sys_id, module_type, enabled, default_icon, tips, class_name, func_name, param, bill_type_code, last_ver)
values (1001025201111, '001025201111', '收支管理', '001', 0, 1, 'null', 'null', 'gov.gfmis.fap.dictionary.systemmanager.element.ui.UICommonNewPanel', 'null', 'Element=INPM', 'null', null);
insert into SYS_MODULE_BAKUP (module_id, module_code, module_name, sys_id, module_type, enabled, default_icon, tips, class_name, func_name, param, bill_type_code, last_ver)
values (1001025201301, '001025201301', '指标来源管理', '001', 0, 1, 'null', 'null', 'gov.gfmis.fap.dictionary.systemmanager.element.ui.UICommonNewPanel', 'null', 'Element=BGTSOURCE', 'null', null);
insert into SYS_MODULE_BAKUP (module_id, module_code, module_name, sys_id, module_type, enabled, default_icon, tips, class_name, func_name, param, bill_type_code, last_ver)
values (1001025201102, '001025201102', '支付方式管理', '001', 0, 1, 'null', 'null', 'gov.gfmis.fap.dictionary.systemmanager.element.ui.UICommonNewPanel', 'null', 'Element=PAYTYPE', 'null', null);
insert into SYS_MODULE_BAKUP (module_id, module_code, module_name, sys_id, module_type, enabled, default_icon, tips, class_name, func_name, param, bill_type_code, last_ver)
values (1001025112, '001025112', '文号管理', '001', 0, 1, 'null', 'null', 'gov.gfmis.fap.dictionary.systemmanager.element.ui.UICommonNewPanel', 'null', 'Element=FILE', 'null', null);
insert into SYS_MODULE_BAKUP (module_id, module_code, module_name, sys_id, module_type, enabled, default_icon, tips, class_name, func_name, param, bill_type_code, last_ver)
values (1001025201101, '001025201101', '资金性质管理', '001', 0, 1, 'null', 'null', 'gov.gfmis.fap.dictionary.systemmanager.element.ui.UICommonNewPanel', 'null', 'Element=FUNDTYPE', 'null', null);
insert into SYS_MODULE_BAKUP (module_id, module_code, module_name, sys_id, module_type, enabled, default_icon, tips, class_name, func_name, param, bill_type_code, last_ver)
values (1001400081, '001400081', '界面视图管理（开发使用）', '001', 0, 1, 'null', 'null', 'gov.gfmis.fap.workflow.systemmanager.uiconfigure.ui.UIConfigureMainPanel', 'null', 'null', 'null', null);
insert into SYS_MODULE_BAKUP (module_id, module_code, module_name, sys_id, module_type, enabled, default_icon, tips, class_name, func_name, param, bill_type_code, last_ver)
values (1001040020, '001040020', '规则管理', '001', 0, 1, 'null', 'null', 'gov.gfmis.fap.workflow.sysregulation.ui.UIRegulationSetMainPanel', 'null', 'null', 'null', null);
insert into SYS_MODULE_BAKUP (module_id, module_code, module_name, sys_id, module_type, enabled, default_icon, tips, class_name, func_name, param, bill_type_code, last_ver)
values (1001010266, '001010266', '系统配置信息导入', '001', 0, 1, 'null', 'null', 'gov.gfmis.fap.dictionary.systemmanager.expAndImp.ImportManageDlg', 'null', 'null', 'null', null);
insert into SYS_MODULE_BAKUP (module_id, module_code, module_name, sys_id, module_type, enabled, default_icon, tips, class_name, func_name, param, bill_type_code, last_ver)
values (1000400010, '000400010', '单据类型管理', '000', 0, 1, null, null, 'gov.gfmis.fap.workflow.systemmanager.sysbilltype.ssui.UISysBillTypeMainPanel', null, 'BilltypeClass=0', null, null);
insert into SYS_MODULE_BAKUP (module_id, module_code, module_name, sys_id, module_type, enabled, default_icon, tips, class_name, func_name, param, bill_type_code, last_ver)
values (1000400030, '000400030', '图形化记账模板设置', '000', 0, 1, null, null, 'gov.gfmis.fap.gl.configure.ui.BVTypeGraphConfigPanel', null, null, null, null);
insert into SYS_MODULE_BAKUP (module_id, module_code, module_name, sys_id, module_type, enabled, default_icon, tips, class_name, func_name, param, bill_type_code, last_ver)
values (1000400070, '000400070', '界面视图管理', '000', 0, 1, null, null, 'gov.gfmis.fap.workflow.systemmanager.uiconfigure.ui.UIConfigureMainPanel', null, 'Is_user_edit=true', null, null);
insert into SYS_MODULE_BAKUP (module_id, module_code, module_name, sys_id, module_type, enabled, default_icon, tips, class_name, func_name, param, bill_type_code, last_ver)
values (1000500, '000500', '系统设置', '000', 0, 1, null, null, null, null, null, null, '2006-08-29 16:45:00');
insert into SYS_MODULE_BAKUP (module_id, module_code, module_name, sys_id, module_type, enabled, default_icon, tips, class_name, func_name, param, bill_type_code, last_ver)
values (1000600040, '000600040', '工作流', '000', 0, 1, null, null, null, null, null, null, '2006-08-29 16:45:00');
insert into SYS_MODULE_BAKUP (module_id, module_code, module_name, sys_id, module_type, enabled, default_icon, tips, class_name, func_name, param, bill_type_code, last_ver)
values (1000600040020, '000600040020', '工作流数据查询', '000', 0, 1, null, null, 'gov.gfmis.fap.workflow.systemmanager.ui.query.UIDataFlowQueryPanel', null, null, null, '2008-10-28 15:56:00');
insert into SYS_MODULE_BAKUP (module_id, module_code, module_name, sys_id, module_type, enabled, default_icon, tips, class_name, func_name, param, bill_type_code, last_ver)
values (1000600040025, '000600040025', '工作流数据查询(图形化)', '000', 0, 1, null, null, 'gov.gfmis.fap.workflow.systemmanager.ui.query.UIVisualFlowDataQueryPanel', null, null, '0', '2008-10-28 15:55:48');
insert into SYS_MODULE_BAKUP (module_id, module_code, module_name, sys_id, module_type, enabled, default_icon, tips, class_name, func_name, param, bill_type_code, last_ver)
values (1000600040030, '000600040030', '工作流数据监控', '000', 0, 1, null, null, 'gov.gfmis.fap.workflow.systemmanager.ui.inspect.UITaskInspectQueryPanel', null, null, null, '2008-10-28 17:22:33');
insert into SYS_MODULE_BAKUP (module_id, module_code, module_name, sys_id, module_type, enabled, default_icon, tips, class_name, func_name, param, bill_type_code, last_ver)
values (1000600050, '000600050', '定时任务', '000', 0, 1, null, null, 'gov.gfmis.fap.dictionary.systemmanager.datarightset.ui.UIElementSetSelectMainPanel', null, 'SetType=RIGHT', null, null);
insert into SYS_MODULE_BAKUP (module_id, module_code, module_name, sys_id, module_type, enabled, default_icon, tips, class_name, func_name, param, bill_type_code, last_ver)
values (1000700, '000700', '帮助', '000', 0, 1, null, null, null, null, null, null, '2006-08-29 16:45:00');
insert into SYS_MODULE_BAKUP (module_id, module_code, module_name, sys_id, module_type, enabled, default_icon, tips, class_name, func_name, param, bill_type_code, last_ver)
values (1000700010, '000700010', '系统帮助', '000', 0, 1, null, null, 'gov.gfmis.fap.framework.systemmanager.help.action.FrameHelpAction', null, null, null, null);
insert into SYS_MODULE_BAKUP (module_id, module_code, module_name, sys_id, module_type, enabled, default_icon, tips, class_name, func_name, param, bill_type_code, last_ver)
values (1000700030, '000700030', '关于综合业务系统', '000', 1, 1, null, null, 'gov.gfmis.fap.framework.systemmanager.ui.SysAppAbout', null, null, null, null);
insert into SYS_MODULE_BAKUP (module_id, module_code, module_name, sys_id, module_type, enabled, default_icon, tips, class_name, func_name, param, bill_type_code, last_ver)
values (1000100043, '000100043', '修改用户名', '000', 0, 1, null, null, 'gov.gfmis.fap.framework.systemmanager.ui.UserNameDialog', null, null, '0', '2010-08-12 10:33:59');
insert into SYS_MODULE_BAKUP (module_id, module_code, module_name, sys_id, module_type, enabled, default_icon, tips, class_name, func_name, param, bill_type_code, last_ver)
values (1000400101, '000400101', '关联关系设置(带权限)', '000', 0, 1, null, null, 'gov.gfmis.fap.dictionary.systemmanager.relation.ui.EN_UIRelationPanel', null, null, null, null);
insert into SYS_MODULE_BAKUP (module_id, module_code, module_name, sys_id, module_type, enabled, default_icon, tips, class_name, func_name, param, bill_type_code, last_ver)
values (1001400061, '001400061', '日志管理', '001', 0, 1, 'null', 'null', 'gov.gfmis.fap.framework.systemmanager.log.ui.UISysLogMainPanel', 'null', 'null', 'null', null);
insert into SYS_MODULE_BAKUP (module_id, module_code, module_name, sys_id, module_type, enabled, default_icon, tips, class_name, func_name, param, bill_type_code, last_ver)
values (1001010265, '001010265', '系统配置信息导出', '001', 0, 1, 'null', 'null', 'gov.gfmis.fap.framework.systemmanager.expandimp.ui.ExportManageDlg', 'null', 'null', 'null', null);
insert into SYS_MODULE_BAKUP (module_id, module_code, module_name, sys_id, module_type, enabled, default_icon, tips, class_name, func_name, param, bill_type_code, last_ver)
values (1001010267, '001010267', '系统配置信息导入导出配置', '001', 0, 1, 'null', 'null', 'gov.gfmis.fap.dictionary.systemmanager.expAndImp.ExpimpConfigManageDlg', 'null', 'null', 'null', null);
insert into SYS_MODULE_BAKUP (module_id, module_code, module_name, sys_id, module_type, enabled, default_icon, tips, class_name, func_name, param, bill_type_code, last_ver)
values (1001040010, '001040010', '权限组测试', '001', 0, 1, 'null', 'null', 'gov.gfmis.test.right.ui.RightMainPanel', 'null', 'null', 'null', null);
insert into SYS_MODULE_BAKUP (module_id, module_code, module_name, sys_id, module_type, enabled, default_icon, tips, class_name, func_name, param, bill_type_code, last_ver)
values (1001201220, '001201220', '界面视图测试', '001', 0, 1, 'null', 'null', 'gov.gfmis.test.viewer.ui.ViewerMainPanel', 'null', 'null', 'null', null);
insert into SYS_MODULE_BAKUP (module_id, module_code, module_name, sys_id, module_type, enabled, default_icon, tips, class_name, func_name, param, bill_type_code, last_ver)
values (1001060060, '001060060', '工作流调试', '001', 0, 1, 'null', 'null', 'gov.gfmis.fap.workflow.test.WorkFlowTestPanel', 'null', 'null', 'null', null);
insert into SYS_MODULE_BAKUP (module_id, module_code, module_name, sys_id, module_type, enabled, default_icon, tips, class_name, func_name, param, bill_type_code, last_ver)
values (1001080020, '001080020', '交换数据查询管理', '001', 0, 1, 'null', 'null', 'gov.mof.exchange.systemmanager.excdatatype.ui.UIExcDataQueryPanel', 'null', 'null', 'null', null);
insert into SYS_MODULE_BAKUP (module_id, module_code, module_name, sys_id, module_type, enabled, default_icon, tips, class_name, func_name, param, bill_type_code, last_ver)
values (1001080070, '001080070', '基础数据管理', '001', 0, 1, 'null', 'null', 'gov.mof.exchange.systemmanager.sync.view.SyncTablePanel', 'null', 'null', 'null', null);
insert into SYS_MODULE_BAKUP (module_id, module_code, module_name, sys_id, module_type, enabled, default_icon, tips, class_name, func_name, param, bill_type_code, last_ver)
values (1001080010, '001080010', '路由数据类型管理', '001', 0, 1, 'null', 'null', 'gov.mof.exchange.systemmanager.excdatatype.ui.UIExcDataTypeMainPanel', 'null', 'null', 'null', null);
insert into SYS_MODULE_BAKUP (module_id, module_code, module_name, sys_id, module_type, enabled, default_icon, tips, class_name, func_name, param, bill_type_code, last_ver)
values (1001010080, '001010080', '导航栏管理', '001', 0, 1, 'null', 'null', 'gov.gfmis.fap.framework.systemmanager.navimanager.ui.UINMMainPanel', 'null', 'null', 'null', null);
insert into SYS_MODULE_BAKUP (module_id, module_code, module_name, sys_id, module_type, enabled, default_icon, tips, class_name, func_name, param, bill_type_code, last_ver)
values (5149, '001025201304', '支付调整类型', '001', 0, 1, null, null, 'gov.gfmis.fap.dictionary.systemmanager.element.ui.UICommonNewPanel', null, 'Element=PA', null, '2008-12-09 10:09:49');
insert into SYS_MODULE_BAKUP (module_id, module_code, module_name, sys_id, module_type, enabled, default_icon, tips, class_name, func_name, param, bill_type_code, last_ver)
values (1001201210, '001201210', '交易令调试', '001', 0, 1, 'null', 'null', 'gov.gfmis.test.glbusvou.ui.UIGLbusVouMainPanel', 'null', 'null', 'null', null);
insert into SYS_MODULE_BAKUP (module_id, module_code, module_name, sys_id, module_type, enabled, default_icon, tips, class_name, func_name, param, bill_type_code, last_ver)
values (1001010010, '001010010', '菜单管理', '001', 0, 1, 'null', 'null', 'gov.gfmis.fap.framework.systemmanager.sysmenu.ui.UISysMenuMainPanel', 'null', 'null', 'null', null);
insert into SYS_MODULE_BAKUP (module_id, module_code, module_name, sys_id, module_type, enabled, default_icon, tips, class_name, func_name, param, bill_type_code, last_ver)
values (1001060050, '001060050', '角色与节点对应', '001', 0, 1, 'null', 'null', 'gov.gfmis.fap.workflow.systemmanager.ui.UISysRoleNodePanel', 'null', 'null', 'null', null);
insert into SYS_MODULE_BAKUP (module_id, module_code, module_name, sys_id, module_type, enabled, default_icon, tips, class_name, func_name, param, bill_type_code, last_ver)
values (1001010120, '001010120', '角色授权', '001', 0, 1, 'null', 'null', 'gov.gfmis.fap.framework.systemmanager.sysrole.ui.UISysRoleMenuModuleButtonPanel', 'null', 'null', 'null', null);
insert into SYS_MODULE_BAKUP (module_id, module_code, module_name, sys_id, module_type, enabled, default_icon, tips, class_name, func_name, param, bill_type_code, last_ver)
values (1001010105, '001010105', '用户审核', '001', 0, 1, 'null', 'null', 'gov.gfmis.fap.framework.systemmanager.sysuser.ui.UISysUserAuditPanel', 'null', 'null', 'null', null);
insert into SYS_MODULE_BAKUP (module_id, module_code, module_name, sys_id, module_type, enabled, default_icon, tips, class_name, func_name, param, bill_type_code, last_ver)
values (5164, '001025201303', '支付管理类型', '001', 0, 1, null, null, 'gov.gfmis.fap.dictionary.systemmanager.element.ui.UICommonNewPanel', null, 'Element=PF', null, '2008-12-09 09:59:18');
insert into SYS_MODULE_BAKUP (module_id, module_code, module_name, sys_id, module_type, enabled, default_icon, tips, class_name, func_name, param, bill_type_code, last_ver)
values (5165, '001025601035', '工资标志', '001', 0, 1, null, null, 'gov.gfmis.fap.dictionary.systemmanager.element.ui.UICommonNewPanel', null, 'Element=GZBS', null, '2008-12-09 10:01:30');
insert into SYS_MODULE_BAKUP (module_id, module_code, module_name, sys_id, module_type, enabled, default_icon, tips, class_name, func_name, param, bill_type_code, last_ver)
values (1001060091, '001060091', '流程监控', '001', 0, 1, null, null, 'gov.gfmis.fap.workflow.systemmanager.ui.inspect.UITaskInspectQueryPanel', null, null, null, '2008-10-28 17:22:33');
insert into SYS_MODULE_BAKUP (module_id, module_code, module_name, sys_id, module_type, enabled, default_icon, tips, class_name, func_name, param, bill_type_code, last_ver)
values (1001060090, '001060090', '流程任务查询', '001', 0, 1, null, null, 'gov.gfmis.fap.workflow.systemmanager.ui.query.UIDataFlowQueryPanel', null, null, null, '2008-10-28 15:56:00');
insert into SYS_MODULE_BAKUP (module_id, module_code, module_name, sys_id, module_type, enabled, default_icon, tips, class_name, func_name, param, bill_type_code, last_ver)
values (1001060080, '001060080', '工作流查询管理', '001', 0, 1, null, null, 'gov.gfmis.fap.workflow.systemmanager.ui.query.UIVisualFlowDataQueryPanel', null, null, '0', '2008-10-28 15:55:48');
insert into SYS_MODULE_BAKUP (module_id, module_code, module_name, sys_id, module_type, enabled, default_icon, tips, class_name, func_name, param, bill_type_code, last_ver)
values (1001010280, '001010280', '初始化新年度数据库', '001', 0, 1, null, null, 'gov.gfmis.fap.framework.systemmanager.initiadb.ui.UIInitiaDBMainDialog', null, null, null, '2008-10-21 17:09:39');
insert into SYS_MODULE_BAKUP (module_id, module_code, module_name, sys_id, module_type, enabled, default_icon, tips, class_name, func_name, param, bill_type_code, last_ver)
values (101400062, '001400062', '平台帮助', '001', 0, 1, null, null, 'gov.gfmis.fap.framework.systemmanager.help.action.FrameHelpAction', null, null, null, null);
insert into SYS_MODULE_BAKUP (module_id, module_code, module_name, sys_id, module_type, enabled, default_icon, tips, class_name, func_name, param, bill_type_code, last_ver)
values (1001010095, '001010095', 'IBM用户管理', '001', 0, 1, null, null, 'gov.gfmis.fap.framework.systemmanager.sysuser.ui.UISysUserSyncMainPanel', null, null, null, '2009-01-09 18:47:49');
insert into SYS_MODULE_BAKUP (module_id, module_code, module_name, sys_id, module_type, enabled, default_icon, tips, class_name, func_name, param, bill_type_code, last_ver)
values (1001010104, '001010104', '用户证书申请', '001', 0, 1, 'null', 'null', 'gov.gfmis.fap.framework.systemmanager.sysuserca.ui.UIUserCertMainPanel', 'null', 'null', 'null', null);

insert into SYS_MODULE_STATUS (module_id, status_id, display_order, display_title, last_ver)
values (1001010090, '{8A98726A-81D8-4A94-9893-CA54C448D68E}', 1, '全部', null);

insert into SYS_MODULE_STATUS_BUTTON (module_id, status_id, button_id, last_ver)
values (1001600001, '{8A98726A-81D8-4A94-9893-CA54C448D68E}', '{E15C252D-178C-11E4-8268-B3C0AF7003ED}', '2014-07-30 10:59:01');
insert into SYS_MODULE_STATUS_BUTTON (module_id, status_id, button_id, last_ver)
values (1001600001, '{8A98726A-81D8-4A94-9893-CA54C448D68E}', '{E15C4C3E-178C-11E4-8268-B3C0AF7003ED}', '2014-07-30 10:59:02');
insert into SYS_MODULE_STATUS_BUTTON (module_id, status_id, button_id, last_ver)
values (1001600001, '{8A98726A-81D8-4A94-9893-CA54C448D68E}', '{E15C4C3F-178C-11E4-8268-B3C0AF7003ED}', '2014-07-30 10:59:02');
insert into SYS_MODULE_STATUS_BUTTON (module_id, status_id, button_id, last_ver)
values (1001600001, '{8A98726A-81D8-4A94-9893-CA54C448D68E}', '{E15C4C40-178C-11E4-8268-B3C0AF7003ED}', '2014-07-30 10:59:02');
insert into SYS_MODULE_STATUS_BUTTON (module_id, status_id, button_id, last_ver)
values (1001600001, '{8A98726A-81D8-4A94-9893-CA54C448D68E}', '{E15C4C41-178C-11E4-8268-B3C0AF7003ED}', '2014-07-30 10:59:02');

insert into SYS_MODULE_VIEW (module_id, ui_id, disp_order, remark, last_ver, key_value, RG_CODE, set_year)
values (1000200080, '{C2DBFA76-1594-41A8-909F-694F2EE03F76}', 2, null, '2011-03-26 12:34:03', null, '000000', 2017);
insert into SYS_MODULE_VIEW (module_id, ui_id, disp_order, remark, last_ver, key_value, RG_CODE, set_year)
values (1001025603, '{AE4C5DE1-F526-11E4-A801-B185369C02C5}', 1, null, '2015-05-08 14:11:42', null, '000000', 2017);
insert into SYS_MODULE_VIEW (module_id, ui_id, disp_order, remark, last_ver, key_value, RG_CODE, set_year)
values (1001025603, '{B9A2C543-F548-11E4-A801-B185369C02C5}', 1, null, '2015-05-08 14:11:42', null, '000000', 2017);
insert into SYS_MODULE_VIEW (module_id, ui_id, disp_order, remark, last_ver, key_value, RG_CODE, set_year)
values (1001025603, '{CEFAA34C-F548-11E4-A801-B185369C02C5}', 1, null, '2015-05-08 14:11:42', null, '000000', 2017);
insert into SYS_MODULE_VIEW (module_id, ui_id, disp_order, remark, last_ver, key_value, RG_CODE, set_year)
values (1001025603, '{DF4AA9D4-F548-11E4-A801-B185369C02C5}', 2, null, '2015-05-08 14:11:42', null, '000000', 2017);
insert into SYS_MODULE_VIEW (module_id, ui_id, disp_order, remark, last_ver, key_value, RG_CODE, set_year)
values (1001700002, '{9AEA67F6-2701-4B5C-8065-6911026C0EF7}', 1, null, '2014-09-04 14:00:12', null, '000000', 2017);
insert into SYS_MODULE_VIEW (module_id, ui_id, disp_order, remark, last_ver, key_value, RG_CODE, set_year)
values (1001700002, '{0F7D567B-880C-4DD1-B40C-FB1CE0D6B82B}', 2, null, '2014-09-04 14:00:12', null, '000000', 2017);
insert into SYS_MODULE_VIEW (module_id, ui_id, disp_order, remark, last_ver, key_value, RG_CODE, set_year)
values (1001700003, '{C7785516-5BF3-11E4-8591-E644D12608E0}', 1, null, '2014-10-27 11:00:27', '1', '000000', 2017);

insert into SYS_ORGTYPE (orgtype_code, orgtype_name, ele_code, last_ver)
values ('001', '系统管理员', null, '2007-11-19 21:32:22');
insert into SYS_ORGTYPE (orgtype_code, orgtype_name, ele_code, last_ver)
values ('002', '预算单位', 'AGENCY', '2006-08-29 16:45:00');
insert into SYS_ORGTYPE (orgtype_code, orgtype_name, ele_code, last_ver)
values ('003', '代理银行', 'PB', '2006-08-29 16:45:00');
insert into SYS_ORGTYPE (orgtype_code, orgtype_name, ele_code, last_ver)
values ('004', '清算银行', 'CB', '2006-08-29 16:45:00');
insert into SYS_ORGTYPE (orgtype_code, orgtype_name, ele_code, last_ver)
values ('005', '收入银行', 'IB', '2006-08-29 16:45:00');
insert into SYS_ORGTYPE (orgtype_code, orgtype_name, ele_code, last_ver)
values ('006', '下级财政', 'RG', '2006-08-29 16:45:00');
insert into SYS_ORGTYPE (orgtype_code, orgtype_name, ele_code, last_ver)
values ('007', '业务处室', 'MB', '2006-08-29 16:45:00');
insert into SYS_ORGTYPE (orgtype_code, orgtype_name, ele_code, last_ver)
values ('008', '采购机构', 'GP_AGENCY', '2007-04-16 21:45:00');

insert into SYS_PLUGS_STATE (plugin_id, pro_id, state, last_operate)
values ('gov.gfmis.account.messageservice', '217', 'start', '2017-03-14 11:07:11');
insert into SYS_PLUGS_STATE (plugin_id, pro_id, state, last_operate)
values ('gov.gfmis.budget.server', '111', 'start', '2017-03-14 11:07:11');
insert into SYS_PLUGS_STATE (plugin_id, pro_id, state, last_operate)
values ('gov.gfmis.fi.fip.server', '602', 'start', '2017-03-14 11:07:11');
insert into SYS_PLUGS_STATE (plugin_id, pro_id, state, last_operate)
values ('gov.gfmis.fiscalbudget.server.fb', '101', 'start', '2017-03-14 11:07:11');
insert into SYS_PLUGS_STATE (plugin_id, pro_id, state, last_operate)
values ('gov.gfmis.fiscalbudget.server.fb', '102', 'start', '2017-03-14 11:07:11');
insert into SYS_PLUGS_STATE (plugin_id, pro_id, state, last_operate)
values ('gov.gfmis.fiscalbudget.server.fb', '103', 'start', '2017-03-14 11:07:11');
insert into SYS_PLUGS_STATE (plugin_id, pro_id, state, last_operate)
values ('gov.gfmis.fiscalbudget.server.fb', '104', 'start', '2017-03-14 11:07:11');
insert into SYS_PLUGS_STATE (plugin_id, pro_id, state, last_operate)
values ('gov.gfmis.fiscalbudget.server.fb', '105', 'start', '2017-03-14 11:07:11');
insert into SYS_PLUGS_STATE (plugin_id, pro_id, state, last_operate)
values ('gov.gfmis.fiscalbudget.server.fb', '106', 'start', '2017-03-14 11:07:11');
insert into SYS_PLUGS_STATE (plugin_id, pro_id, state, last_operate)
values ('gov.gfmis.fsaf.server', '219', 'start', '2017-03-14 11:07:12');
insert into SYS_PLUGS_STATE (plugin_id, pro_id, state, last_operate)
values ('gov.gfmis.f_rp.server', '888', 'start', '2017-03-14 11:07:12');
insert into SYS_PLUGS_STATE (plugin_id, pro_id, state, last_operate)
values ('gov.gfmis.gl.server', '002', 'start', '2017-03-14 11:07:12');
insert into SYS_PLUGS_STATE (plugin_id, pro_id, state, last_operate)
values ('gov.gfmis.gp.server.common', '131', 'start', '2017-03-14 11:07:12');
insert into SYS_PLUGS_STATE (plugin_id, pro_id, state, last_operate)
values ('gov.gfmis.idx.server', '109', 'start', '2017-03-14 11:07:12');
insert into SYS_PLUGS_STATE (plugin_id, pro_id, state, last_operate)
values ('gov.gfmis.itp.server', '112', 'start', '2017-03-14 11:07:12');
insert into SYS_PLUGS_STATE (plugin_id, pro_id, state, last_operate)
values ('gov.gfmis.itp.server', '115', 'start', '2017-03-14 11:07:12');
insert into SYS_PLUGS_STATE (plugin_id, pro_id, state, last_operate)
values ('gov.gfmis.nt.server', '400', 'start', '2017-03-14 11:07:12');
insert into SYS_PLUGS_STATE (plugin_id, pro_id, state, last_operate)
values ('gov.gfmis.pa.server.appraise', '203', 'start', '2017-03-14 11:07:12');
insert into SYS_PLUGS_STATE (plugin_id, pro_id, state, last_operate)
values ('gov.gfmis.salary.server', '121', 'start', '2017-03-14 11:07:12');

insert into SYS_RIGHT_GROUP (right_group_id, right_group_describe, right_type, rule_id, last_ver, set_year, RG_CODE)
values ('{D2D776A5-0D34-11DE-96A1-A60521A0849D}', '001', 0, 187, null, 2017, '000000');
insert into SYS_RIGHT_GROUP (right_group_id, right_group_describe, right_type, rule_id, last_ver, set_year, RG_CODE)
values ('{499B1A02-0C97-11DE-893A-FF3FEA27D261}', '001', 1, 297, null, 2017, '000000');
insert into SYS_RIGHT_GROUP (right_group_id, right_group_describe, right_type, rule_id, last_ver, set_year, RG_CODE)
values ('{058F89AF-8064-11DC-B80A-ED0541E1F351}', '001', 1, 305, null, 2017, '000000');
insert into SYS_RIGHT_GROUP (right_group_id, right_group_describe, right_type, rule_id, last_ver, set_year, RG_CODE)
values ('{3D78E944-0C98-11DE-893A-FF3FEA27D261}', '001', 1, 303, null, 2017, '000000');
insert into SYS_RIGHT_GROUP (right_group_id, right_group_describe, right_type, rule_id, last_ver, set_year, RG_CODE)
values ('{7C723D03-0C97-11DE-893A-FF3FEA27D261}', '001', 1, 301, null, 2017, '000000');
insert into SYS_RIGHT_GROUP (right_group_id, right_group_describe, right_type, rule_id, last_ver, set_year, RG_CODE)
values ('{C052AEF5-0C98-11DE-893A-FF3FEA27D261}', '001', 1, 299, null, 2017, '000000');
insert into SYS_RIGHT_GROUP (right_group_id, right_group_describe, right_type, rule_id, last_ver, set_year, RG_CODE)
values ('{3A70A068-0C9A-11DE-893A-FF3FEA27D261}', '001', 1, 309, null, 2017, '000000');
insert into SYS_RIGHT_GROUP (right_group_id, right_group_describe, right_type, rule_id, last_ver, set_year, RG_CODE)
values ('{A9BBAF5A-0C9A-11DE-893A-FF3FEA27D261}', '001', 1, 307, null, 2017, '000000');
insert into SYS_RIGHT_GROUP (right_group_id, right_group_describe, right_type, rule_id, last_ver, set_year, RG_CODE)
values ('{04ACBDB7-0C9A-11DE-893A-FF3FEA27D261}', '001', 1, 314, null, 2017, '000000');
insert into SYS_RIGHT_GROUP (right_group_id, right_group_describe, right_type, rule_id, last_ver, set_year, RG_CODE)
values ('{51EAA0D4-8067-11DC-B80A-ED0541E1F351}', '001', 1, 316, null, 2017, '000000');
insert into SYS_RIGHT_GROUP (right_group_id, right_group_describe, right_type, rule_id, last_ver, set_year, RG_CODE)
values ('{726015A9-0C9A-11DE-893A-FF3FEA27D261}', '001', 1, 312, null, 2017, '000000');
insert into SYS_RIGHT_GROUP (right_group_id, right_group_describe, right_type, rule_id, last_ver, set_year, RG_CODE)
values ('{CAD68A4F-0C9D-11DE-893A-FF3FEA27D261}', '001', 1, 322, null, 2017, '000000');
insert into SYS_RIGHT_GROUP (right_group_id, right_group_describe, right_type, rule_id, last_ver, set_year, RG_CODE)
values ('{090F57C0-0C9E-11DE-893A-FF3FEA27D261}', '001', 1, 37, null, 2017, '000000');
insert into SYS_RIGHT_GROUP (right_group_id, right_group_describe, right_type, rule_id, last_ver, set_year, RG_CODE)
values ('{B195A063-0C9F-11DE-893A-FF3FEA27D261}', '001', 1, 289, null, 2017, '000000');
insert into SYS_RIGHT_GROUP (right_group_id, right_group_describe, right_type, rule_id, last_ver, set_year, RG_CODE)
values ('{073B1EDE-0C9C-11DE-893A-FF3FEA27D261}', '001', 1, 287, null, 2017, '000000');
insert into SYS_RIGHT_GROUP (right_group_id, right_group_describe, right_type, rule_id, last_ver, set_year, RG_CODE)
values ('{73B90DE9-8062-11DC-B80A-ED0541E1F351}', '001', 1, 294, null, 2017, '000000');
insert into SYS_RIGHT_GROUP (right_group_id, right_group_describe, right_type, rule_id, last_ver, set_year, RG_CODE)
values ('{5EC23BA8-8062-11DC-B80A-ED0541E1F351}', '001', 1, 292, null, 2017, '000000');
insert into SYS_RIGHT_GROUP (right_group_id, right_group_describe, right_type, rule_id, last_ver, set_year, RG_CODE)
values ('{23327F3E-8799-11DC-AF2B-DD66E373F7A7}', '001', 1, 335, null, 2017, '000000');
insert into SYS_RIGHT_GROUP (right_group_id, right_group_describe, right_type, rule_id, last_ver, set_year, RG_CODE)
values ('{9A7553E1-0C9E-11DE-893A-FF3FEA27D261}', '001', 1, 277, null, 2017, '000000');
insert into SYS_RIGHT_GROUP (right_group_id, right_group_describe, right_type, rule_id, last_ver, set_year, RG_CODE)
values ('{375BA602-0C9F-11DE-893A-FF3FEA27D261}', '001', 1, 279, null, 2017, '000000');
insert into SYS_RIGHT_GROUP (right_group_id, right_group_describe, right_type, rule_id, last_ver, set_year, RG_CODE)
values ('{401D26EC-0C9B-11DE-893A-FF3FEA27D261}', '001', 1, 281, null, 2017, '000000');
insert into SYS_RIGHT_GROUP (right_group_id, right_group_describe, right_type, rule_id, last_ver, set_year, RG_CODE)
values ('{A30C4CED-0C9B-11DE-893A-FF3FEA27D261}', '001', 1, 283, null, 2017, '000000');
insert into SYS_RIGHT_GROUP (right_group_id, right_group_describe, right_type, rule_id, last_ver, set_year, RG_CODE)
values ('{224895FB-0C9B-11DE-893A-FF3FEA27D261}', '001', 1, 285, null, 2017, '000000');
insert into SYS_RIGHT_GROUP (right_group_id, right_group_describe, right_type, rule_id, last_ver, set_year, RG_CODE)
values ('{2E031D66-BD21-11DE-BAF9-F083B629B442}', '001', 1, 539, null, 2017, '000000');
insert into SYS_RIGHT_GROUP (right_group_id, right_group_describe, right_type, rule_id, last_ver, set_year, RG_CODE)
values ('{DE8D2A55-BD20-11DE-BAF9-F083B629B442}', '001', 1, 537, null, 2017, '000000');
insert into SYS_RIGHT_GROUP (right_group_id, right_group_describe, right_type, rule_id, last_ver, set_year, RG_CODE)
values ('{C625E748-BD66-11DE-B07E-ED2BBC511835}', '001', 1, 543, null, 2017, '000000');
insert into SYS_RIGHT_GROUP (right_group_id, right_group_describe, right_type, rule_id, last_ver, set_year, RG_CODE)
values ('{F0A9B14A-BD66-11DE-B07E-ED2BBC511835}', '001', 1, 546, null, 2017, '000000');
insert into SYS_RIGHT_GROUP (right_group_id, right_group_describe, right_type, rule_id, last_ver, set_year, RG_CODE)
values ('{FB82A5E9-C2EB-11DE-BD06-B8E82BBC371A}', '001', 1, 999, null, 2017, '000000');

insert into SYS_RIGHT_GROUP_DETAIL (right_group_id, ele_code, ele_value, set_year, last_ver, ele_name, RG_CODE)
values ('{3A70A068-0C9A-11DE-893A-FF3FEA27D261}', 'FUNDTYPE', '35', 2017, null, '生育保险基金收入', '000000');
insert into SYS_RIGHT_GROUP_DETAIL (right_group_id, ele_code, ele_value, set_year, last_ver, ele_name, RG_CODE)
values ('{3A70A068-0C9A-11DE-893A-FF3FEA27D261}', 'FUNDTYPE', '34', 2017, null, '工伤保险基金收入', '000000');
insert into SYS_RIGHT_GROUP_DETAIL (right_group_id, ele_code, ele_value, set_year, last_ver, ele_name, RG_CODE)
values ('{3A70A068-0C9A-11DE-893A-FF3FEA27D261}', 'FUNDTYPE', '33', 2017, null, '基本医疗保险基金收入', '000000');
insert into SYS_RIGHT_GROUP_DETAIL (right_group_id, ele_code, ele_value, set_year, last_ver, ele_name, RG_CODE)
values ('{3A70A068-0C9A-11DE-893A-FF3FEA27D261}', 'FUNDTYPE', '32', 2017, null, '失业保险基金收入', '000000');
insert into SYS_RIGHT_GROUP_DETAIL (right_group_id, ele_code, ele_value, set_year, last_ver, ele_name, RG_CODE)
values ('{3A70A068-0C9A-11DE-893A-FF3FEA27D261}', 'FUNDTYPE', '31', 2017, null, '基本养老保险收入', '000000');
insert into SYS_RIGHT_GROUP_DETAIL (right_group_id, ele_code, ele_value, set_year, last_ver, ele_name, RG_CODE)
values ('{3A70A068-0C9A-11DE-893A-FF3FEA27D261}', 'FUNDTYPE', '23', 2017, null, '彩票资金', '000000');
insert into SYS_RIGHT_GROUP_DETAIL (right_group_id, ele_code, ele_value, set_year, last_ver, ele_name, RG_CODE)
values ('{3A70A068-0C9A-11DE-893A-FF3FEA27D261}', 'FUNDTYPE', '22', 2017, null, '国有资源（资产）有偿使用', '000000');
insert into SYS_RIGHT_GROUP_DETAIL (right_group_id, ele_code, ele_value, set_year, last_ver, ele_name, RG_CODE)
values ('{3A70A068-0C9A-11DE-893A-FF3FEA27D261}', 'FUNDTYPE', '21', 2017, null, '行政事业性收费', '000000');
insert into SYS_RIGHT_GROUP_DETAIL (right_group_id, ele_code, ele_value, set_year, last_ver, ele_name, RG_CODE)
values ('{3A70A068-0C9A-11DE-893A-FF3FEA27D261}', 'FUNDTYPE', '17', 2017, null, '其他收入', '000000');
insert into SYS_RIGHT_GROUP_DETAIL (right_group_id, ele_code, ele_value, set_year, last_ver, ele_name, RG_CODE)
values ('{3A70A068-0C9A-11DE-893A-FF3FEA27D261}', 'FUNDTYPE', '16', 2017, null, '罚没收入', '000000');
insert into SYS_RIGHT_GROUP_DETAIL (right_group_id, ele_code, ele_value, set_year, last_ver, ele_name, RG_CODE)
values ('{3A70A068-0C9A-11DE-893A-FF3FEA27D261}', 'FUNDTYPE', '15', 2017, null, '国有资本经营', '000000');
insert into SYS_RIGHT_GROUP_DETAIL (right_group_id, ele_code, ele_value, set_year, last_ver, ele_name, RG_CODE)
values ('{3A70A068-0C9A-11DE-893A-FF3FEA27D261}', 'FUNDTYPE', '14', 2017, null, '行政事业性收费', '000000');
insert into SYS_RIGHT_GROUP_DETAIL (right_group_id, ele_code, ele_value, set_year, last_ver, ele_name, RG_CODE)
values ('{3A70A068-0C9A-11DE-893A-FF3FEA27D261}', 'FUNDTYPE', '13', 2017, null, '专项收入', '000000');
insert into SYS_RIGHT_GROUP_DETAIL (right_group_id, ele_code, ele_value, set_year, last_ver, ele_name, RG_CODE)
values ('{3A70A068-0C9A-11DE-893A-FF3FEA27D261}', 'FUNDTYPE', '12', 2017, null, '政府性基金', '000000');
insert into SYS_RIGHT_GROUP_DETAIL (right_group_id, ele_code, ele_value, set_year, last_ver, ele_name, RG_CODE)
values ('{3A70A068-0C9A-11DE-893A-FF3FEA27D261}', 'FUNDTYPE', '11', 2017, null, '一般预算', '000000');
insert into SYS_RIGHT_GROUP_DETAIL (right_group_id, ele_code, ele_value, set_year, last_ver, ele_name, RG_CODE)
values ('{3A70A068-0C9A-11DE-893A-FF3FEA27D261}', 'FUNDTYPE', '3', 2017, null, '社会保险基金收入', '000000');
insert into SYS_RIGHT_GROUP_DETAIL (right_group_id, ele_code, ele_value, set_year, last_ver, ele_name, RG_CODE)
values ('{3A70A068-0C9A-11DE-893A-FF3FEA27D261}', 'FUNDTYPE', '2', 2017, null, '预算外', '000000');
insert into SYS_RIGHT_GROUP_DETAIL (right_group_id, ele_code, ele_value, set_year, last_ver, ele_name, RG_CODE)
values ('{3A70A068-0C9A-11DE-893A-FF3FEA27D261}', 'FUNDTYPE', '1', 2017, null, '预算内', '000000');
insert into SYS_RIGHT_GROUP_DETAIL (right_group_id, ele_code, ele_value, set_year, last_ver, ele_name, RG_CODE)
values ('{3A70A068-0C9A-11DE-893A-FF3FEA27D261}', 'BGTTYPE', '001002', 2017, null, '年初控制数', '000000');
insert into SYS_RIGHT_GROUP_DETAIL (right_group_id, ele_code, ele_value, set_year, last_ver, ele_name, RG_CODE)
values ('{3A70A068-0C9A-11DE-893A-FF3FEA27D261}', 'BGTTYPE', '001001', 2017, null, '当年预算', '000000');
insert into SYS_RIGHT_GROUP_DETAIL (right_group_id, ele_code, ele_value, set_year, last_ver, ele_name, RG_CODE)
values ('{3D78E944-0C98-11DE-893A-FF3FEA27D261}', 'FUNDTYPE', '53', 2017, null, '待确认自筹', '000000');
insert into SYS_RIGHT_GROUP_DETAIL (right_group_id, ele_code, ele_value, set_year, last_ver, ele_name, RG_CODE)
values ('{3D78E944-0C98-11DE-893A-FF3FEA27D261}', 'FUNDTYPE', '5', 2017, null, '单位自筹', '000000');
insert into SYS_RIGHT_GROUP_DETAIL (right_group_id, ele_code, ele_value, set_year, last_ver, ele_name, RG_CODE)
values ('{401D26EC-0C9B-11DE-893A-FF3FEA27D261}', 'FUNDTYPE', '39', 2017, null, '其他社会保险基金收入', '000000');
insert into SYS_RIGHT_GROUP_DETAIL (right_group_id, ele_code, ele_value, set_year, last_ver, ele_name, RG_CODE)
values ('{401D26EC-0C9B-11DE-893A-FF3FEA27D261}', 'FUNDTYPE', '35', 2017, null, '生育保险基金收入', '000000');
insert into SYS_RIGHT_GROUP_DETAIL (right_group_id, ele_code, ele_value, set_year, last_ver, ele_name, RG_CODE)
values ('{401D26EC-0C9B-11DE-893A-FF3FEA27D261}', 'FUNDTYPE', '34', 2017, null, '工伤保险基金收入', '000000');
insert into SYS_RIGHT_GROUP_DETAIL (right_group_id, ele_code, ele_value, set_year, last_ver, ele_name, RG_CODE)
values ('{401D26EC-0C9B-11DE-893A-FF3FEA27D261}', 'FUNDTYPE', '33', 2017, null, '基本医疗保险基金收入', '000000');
insert into SYS_RIGHT_GROUP_DETAIL (right_group_id, ele_code, ele_value, set_year, last_ver, ele_name, RG_CODE)
values ('{401D26EC-0C9B-11DE-893A-FF3FEA27D261}', 'FUNDTYPE', '32', 2017, null, '失业保险基金收入', '000000');
insert into SYS_RIGHT_GROUP_DETAIL (right_group_id, ele_code, ele_value, set_year, last_ver, ele_name, RG_CODE)
values ('{401D26EC-0C9B-11DE-893A-FF3FEA27D261}', 'FUNDTYPE', '31', 2017, null, '基本养老保险收入', '000000');
insert into SYS_RIGHT_GROUP_DETAIL (right_group_id, ele_code, ele_value, set_year, last_ver, ele_name, RG_CODE)
values ('{401D26EC-0C9B-11DE-893A-FF3FEA27D261}', 'FUNDTYPE', '23', 2017, null, '彩票资金', '000000');
insert into SYS_RIGHT_GROUP_DETAIL (right_group_id, ele_code, ele_value, set_year, last_ver, ele_name, RG_CODE)
values ('{401D26EC-0C9B-11DE-893A-FF3FEA27D261}', 'FUNDTYPE', '22', 2017, null, '国有资源（资产）有偿使用', '000000');
insert into SYS_RIGHT_GROUP_DETAIL (right_group_id, ele_code, ele_value, set_year, last_ver, ele_name, RG_CODE)
values ('{401D26EC-0C9B-11DE-893A-FF3FEA27D261}', 'FUNDTYPE', '21', 2017, null, '行政事业性收费', '000000');
insert into SYS_RIGHT_GROUP_DETAIL (right_group_id, ele_code, ele_value, set_year, last_ver, ele_name, RG_CODE)
values ('{401D26EC-0C9B-11DE-893A-FF3FEA27D261}', 'FUNDTYPE', '17', 2017, null, '其他收入', '000000');
insert into SYS_RIGHT_GROUP_DETAIL (right_group_id, ele_code, ele_value, set_year, last_ver, ele_name, RG_CODE)
values ('{401D26EC-0C9B-11DE-893A-FF3FEA27D261}', 'FUNDTYPE', '16', 2017, null, '罚没收入', '000000');
insert into SYS_RIGHT_GROUP_DETAIL (right_group_id, ele_code, ele_value, set_year, last_ver, ele_name, RG_CODE)
values ('{401D26EC-0C9B-11DE-893A-FF3FEA27D261}', 'FUNDTYPE', '15', 2017, null, '国有资本经营', '000000');
insert into SYS_RIGHT_GROUP_DETAIL (right_group_id, ele_code, ele_value, set_year, last_ver, ele_name, RG_CODE)
values ('{401D26EC-0C9B-11DE-893A-FF3FEA27D261}', 'FUNDTYPE', '14', 2017, null, '行政事业性收费', '000000');
insert into SYS_RIGHT_GROUP_DETAIL (right_group_id, ele_code, ele_value, set_year, last_ver, ele_name, RG_CODE)
values ('{401D26EC-0C9B-11DE-893A-FF3FEA27D261}', 'FUNDTYPE', '13', 2017, null, '专项收入', '000000');
insert into SYS_RIGHT_GROUP_DETAIL (right_group_id, ele_code, ele_value, set_year, last_ver, ele_name, RG_CODE)
values ('{401D26EC-0C9B-11DE-893A-FF3FEA27D261}', 'FUNDTYPE', '12', 2017, null, '政府性基金', '000000');
insert into SYS_RIGHT_GROUP_DETAIL (right_group_id, ele_code, ele_value, set_year, last_ver, ele_name, RG_CODE)
values ('{401D26EC-0C9B-11DE-893A-FF3FEA27D261}', 'FUNDTYPE', '11', 2017, null, '一般预算', '000000');
insert into SYS_RIGHT_GROUP_DETAIL (right_group_id, ele_code, ele_value, set_year, last_ver, ele_name, RG_CODE)
values ('{401D26EC-0C9B-11DE-893A-FF3FEA27D261}', 'FUNDTYPE', '3', 2017, null, '社会保险基金收入', '000000');
insert into SYS_RIGHT_GROUP_DETAIL (right_group_id, ele_code, ele_value, set_year, last_ver, ele_name, RG_CODE)
values ('{401D26EC-0C9B-11DE-893A-FF3FEA27D261}', 'FUNDTYPE', '2', 2017, null, '预算外', '000000');
insert into SYS_RIGHT_GROUP_DETAIL (right_group_id, ele_code, ele_value, set_year, last_ver, ele_name, RG_CODE)
values ('{401D26EC-0C9B-11DE-893A-FF3FEA27D261}', 'FUNDTYPE', '1', 2017, null, '预算内', '000000');
insert into SYS_RIGHT_GROUP_DETAIL (right_group_id, ele_code, ele_value, set_year, last_ver, ele_name, RG_CODE)
values ('{401D26EC-0C9B-11DE-893A-FF3FEA27D261}', 'BGTTYPE', '002', 2017, null, '预拨指标', '000000');
insert into SYS_RIGHT_GROUP_DETAIL (right_group_id, ele_code, ele_value, set_year, last_ver, ele_name, RG_CODE)
values ('{499B1A02-0C97-11DE-893A-FF3FEA27D261}', 'FUNDTYPE', '48', 2017, null, '上级补助收入', '000000');
insert into SYS_RIGHT_GROUP_DETAIL (right_group_id, ele_code, ele_value, set_year, last_ver, ele_name, RG_CODE)
values ('{499B1A02-0C97-11DE-893A-FF3FEA27D261}', 'FUNDTYPE', '47', 2017, null, '其他单位对本单位的补助', '000000');
insert into SYS_RIGHT_GROUP_DETAIL (right_group_id, ele_code, ele_value, set_year, last_ver, ele_name, RG_CODE)
values ('{499B1A02-0C97-11DE-893A-FF3FEA27D261}', 'FUNDTYPE', '46', 2017, null, '外单位捐赠未限定用途的财物', '000000');
insert into SYS_RIGHT_GROUP_DETAIL (right_group_id, ele_code, ele_value, set_year, last_ver, ele_name, RG_CODE)
values ('{499B1A02-0C97-11DE-893A-FF3FEA27D261}', 'FUNDTYPE', '45', 2017, null, '固定资产出租', '000000');
insert into SYS_RIGHT_GROUP_DETAIL (right_group_id, ele_code, ele_value, set_year, last_ver, ele_name, RG_CODE)
values ('{499B1A02-0C97-11DE-893A-FF3FEA27D261}', 'FUNDTYPE', '44', 2017, null, '对外投资收益', '000000');
insert into SYS_RIGHT_GROUP_DETAIL (right_group_id, ele_code, ele_value, set_year, last_ver, ele_name, RG_CODE)
values ('{499B1A02-0C97-11DE-893A-FF3FEA27D261}', 'FUNDTYPE', '43', 2017, null, '有价证券及银行存款利息收入', '000000');
insert into SYS_RIGHT_GROUP_DETAIL (right_group_id, ele_code, ele_value, set_year, last_ver, ele_name, RG_CODE)
values ('{499B1A02-0C97-11DE-893A-FF3FEA27D261}', 'FUNDTYPE', '42', 2017, null, '有偿服务收入', '000000');
insert into SYS_RIGHT_GROUP_DETAIL (right_group_id, ele_code, ele_value, set_year, last_ver, ele_name, RG_CODE)
values ('{499B1A02-0C97-11DE-893A-FF3FEA27D261}', 'FUNDTYPE', '41', 2017, null, '零星杂项收入', '000000');
insert into SYS_RIGHT_GROUP_DETAIL (right_group_id, ele_code, ele_value, set_year, last_ver, ele_name, RG_CODE)
values ('{499B1A02-0C97-11DE-893A-FF3FEA27D261}', 'FUNDTYPE', '39', 2017, null, '其他社会保险基金收入', '000000');
insert into SYS_RIGHT_GROUP_DETAIL (right_group_id, ele_code, ele_value, set_year, last_ver, ele_name, RG_CODE)
values ('{499B1A02-0C97-11DE-893A-FF3FEA27D261}', 'FUNDTYPE', '35', 2017, null, '生育保险基金收入', '000000');
insert into SYS_RIGHT_GROUP_DETAIL (right_group_id, ele_code, ele_value, set_year, last_ver, ele_name, RG_CODE)
values ('{499B1A02-0C97-11DE-893A-FF3FEA27D261}', 'FUNDTYPE', '34', 2017, null, '工伤保险基金收入', '000000');
insert into SYS_RIGHT_GROUP_DETAIL (right_group_id, ele_code, ele_value, set_year, last_ver, ele_name, RG_CODE)
values ('{499B1A02-0C97-11DE-893A-FF3FEA27D261}', 'FUNDTYPE', '33', 2017, null, '基本医疗保险基金收入', '000000');
insert into SYS_RIGHT_GROUP_DETAIL (right_group_id, ele_code, ele_value, set_year, last_ver, ele_name, RG_CODE)
values ('{499B1A02-0C97-11DE-893A-FF3FEA27D261}', 'FUNDTYPE', '32', 2017, null, '失业保险基金收入', '000000');
insert into SYS_RIGHT_GROUP_DETAIL (right_group_id, ele_code, ele_value, set_year, last_ver, ele_name, RG_CODE)
values ('{499B1A02-0C97-11DE-893A-FF3FEA27D261}', 'FUNDTYPE', '31', 2017, null, '基本养老保险收入', '000000');
insert into SYS_RIGHT_GROUP_DETAIL (right_group_id, ele_code, ele_value, set_year, last_ver, ele_name, RG_CODE)
values ('{499B1A02-0C97-11DE-893A-FF3FEA27D261}', 'FUNDTYPE', '23', 2017, null, '彩票资金', '000000');
insert into SYS_RIGHT_GROUP_DETAIL (right_group_id, ele_code, ele_value, set_year, last_ver, ele_name, RG_CODE)
values ('{499B1A02-0C97-11DE-893A-FF3FEA27D261}', 'FUNDTYPE', '22', 2017, null, '国有资源（资产）有偿使用', '000000');
insert into SYS_RIGHT_GROUP_DETAIL (right_group_id, ele_code, ele_value, set_year, last_ver, ele_name, RG_CODE)
values ('{499B1A02-0C97-11DE-893A-FF3FEA27D261}', 'FUNDTYPE', '21', 2017, null, '行政事业性收费', '000000');
insert into SYS_RIGHT_GROUP_DETAIL (right_group_id, ele_code, ele_value, set_year, last_ver, ele_name, RG_CODE)
values ('{499B1A02-0C97-11DE-893A-FF3FEA27D261}', 'FUNDTYPE', '17', 2017, null, '其他收入', '000000');
insert into SYS_RIGHT_GROUP_DETAIL (right_group_id, ele_code, ele_value, set_year, last_ver, ele_name, RG_CODE)
values ('{499B1A02-0C97-11DE-893A-FF3FEA27D261}', 'FUNDTYPE', '16', 2017, null, '罚没收入', '000000');
insert into SYS_RIGHT_GROUP_DETAIL (right_group_id, ele_code, ele_value, set_year, last_ver, ele_name, RG_CODE)
values ('{499B1A02-0C97-11DE-893A-FF3FEA27D261}', 'FUNDTYPE', '15', 2017, null, '国有资本经营', '000000');
insert into SYS_RIGHT_GROUP_DETAIL (right_group_id, ele_code, ele_value, set_year, last_ver, ele_name, RG_CODE)
values ('{499B1A02-0C97-11DE-893A-FF3FEA27D261}', 'FUNDTYPE', '14', 2017, null, '行政事业性收费', '000000');
insert into SYS_RIGHT_GROUP_DETAIL (right_group_id, ele_code, ele_value, set_year, last_ver, ele_name, RG_CODE)
values ('{499B1A02-0C97-11DE-893A-FF3FEA27D261}', 'FUNDTYPE', '13', 2017, null, '专项收入', '000000');
insert into SYS_RIGHT_GROUP_DETAIL (right_group_id, ele_code, ele_value, set_year, last_ver, ele_name, RG_CODE)
values ('{499B1A02-0C97-11DE-893A-FF3FEA27D261}', 'FUNDTYPE', '12', 2017, null, '政府性基金', '000000');
insert into SYS_RIGHT_GROUP_DETAIL (right_group_id, ele_code, ele_value, set_year, last_ver, ele_name, RG_CODE)
values ('{499B1A02-0C97-11DE-893A-FF3FEA27D261}', 'FUNDTYPE', '11', 2017, null, '一般预算', '000000');
insert into SYS_RIGHT_GROUP_DETAIL (right_group_id, ele_code, ele_value, set_year, last_ver, ele_name, RG_CODE)
values ('{499B1A02-0C97-11DE-893A-FF3FEA27D261}', 'FUNDTYPE', '4', 2017, null, '其他', '000000');
insert into SYS_RIGHT_GROUP_DETAIL (right_group_id, ele_code, ele_value, set_year, last_ver, ele_name, RG_CODE)
values ('{499B1A02-0C97-11DE-893A-FF3FEA27D261}', 'FUNDTYPE', '3', 2017, null, '社会保险基金收入', '000000');
insert into SYS_RIGHT_GROUP_DETAIL (right_group_id, ele_code, ele_value, set_year, last_ver, ele_name, RG_CODE)
values ('{499B1A02-0C97-11DE-893A-FF3FEA27D261}', 'FUNDTYPE', '2', 2017, null, '预算外', '000000');
insert into SYS_RIGHT_GROUP_DETAIL (right_group_id, ele_code, ele_value, set_year, last_ver, ele_name, RG_CODE)
values ('{499B1A02-0C97-11DE-893A-FF3FEA27D261}', 'FUNDTYPE', '1', 2017, null, '预算内', '000000');
insert into SYS_RIGHT_GROUP_DETAIL (right_group_id, ele_code, ele_value, set_year, last_ver, ele_name, RG_CODE)
values ('{499B1A02-0C97-11DE-893A-FF3FEA27D261}', 'BGTTYPE', '001002', 2017, null, '年初控制数', '000000');
insert into SYS_RIGHT_GROUP_DETAIL (right_group_id, ele_code, ele_value, set_year, last_ver, ele_name, RG_CODE)
values ('{499B1A02-0C97-11DE-893A-FF3FEA27D261}', 'BGTTYPE', '001001', 2017, null, '当年预算', '000000');
insert into SYS_RIGHT_GROUP_DETAIL (right_group_id, ele_code, ele_value, set_year, last_ver, ele_name, RG_CODE)
values ('{499B1A02-0C97-11DE-893A-FF3FEA27D261}', 'BGTTYPE', '001', 2017, null, '当年指标', '000000');
insert into SYS_RIGHT_GROUP_DETAIL (right_group_id, ele_code, ele_value, set_year, last_ver, ele_name, RG_CODE)
values ('{51EAA0D4-8067-11DC-B80A-ED0541E1F351}', 'ZFCGBS', '1', 2017, null, '是', '000000');
insert into SYS_RIGHT_GROUP_DETAIL (right_group_id, ele_code, ele_value, set_year, last_ver, ele_name, RG_CODE)
values ('{5EC23BA8-8062-11DC-B80A-ED0541E1F351}', 'ZFCGBS', '0', 2017, null, '否', '000000');
insert into SYS_RIGHT_GROUP_DETAIL (right_group_id, ele_code, ele_value, set_year, last_ver, ele_name, RG_CODE)
values ('{726015A9-0C9A-11DE-893A-FF3FEA27D261}', 'FUNDTYPE', '39', 2017, null, '其他社会保险基金收入', '000000');
insert into SYS_RIGHT_GROUP_DETAIL (right_group_id, ele_code, ele_value, set_year, last_ver, ele_name, RG_CODE)
values ('{726015A9-0C9A-11DE-893A-FF3FEA27D261}', 'FUNDTYPE', '35', 2017, null, '生育保险基金收入', '000000');
insert into SYS_RIGHT_GROUP_DETAIL (right_group_id, ele_code, ele_value, set_year, last_ver, ele_name, RG_CODE)
values ('{726015A9-0C9A-11DE-893A-FF3FEA27D261}', 'FUNDTYPE', '34', 2017, null, '工伤保险基金收入', '000000');
insert into SYS_RIGHT_GROUP_DETAIL (right_group_id, ele_code, ele_value, set_year, last_ver, ele_name, RG_CODE)
values ('{726015A9-0C9A-11DE-893A-FF3FEA27D261}', 'FUNDTYPE', '33', 2017, null, '基本医疗保险基金收入', '000000');
insert into SYS_RIGHT_GROUP_DETAIL (right_group_id, ele_code, ele_value, set_year, last_ver, ele_name, RG_CODE)
values ('{726015A9-0C9A-11DE-893A-FF3FEA27D261}', 'FUNDTYPE', '32', 2017, null, '失业保险基金收入', '000000');
insert into SYS_RIGHT_GROUP_DETAIL (right_group_id, ele_code, ele_value, set_year, last_ver, ele_name, RG_CODE)
values ('{726015A9-0C9A-11DE-893A-FF3FEA27D261}', 'FUNDTYPE', '31', 2017, null, '基本养老保险收入', '000000');
insert into SYS_RIGHT_GROUP_DETAIL (right_group_id, ele_code, ele_value, set_year, last_ver, ele_name, RG_CODE)
values ('{726015A9-0C9A-11DE-893A-FF3FEA27D261}', 'FUNDTYPE', '23', 2017, null, '彩票资金', '000000');
insert into SYS_RIGHT_GROUP_DETAIL (right_group_id, ele_code, ele_value, set_year, last_ver, ele_name, RG_CODE)
values ('{726015A9-0C9A-11DE-893A-FF3FEA27D261}', 'FUNDTYPE', '22', 2017, null, '国有资源（资产）有偿使用', '000000');
insert into SYS_RIGHT_GROUP_DETAIL (right_group_id, ele_code, ele_value, set_year, last_ver, ele_name, RG_CODE)
values ('{726015A9-0C9A-11DE-893A-FF3FEA27D261}', 'FUNDTYPE', '21', 2017, null, '行政事业性收费', '000000');
insert into SYS_RIGHT_GROUP_DETAIL (right_group_id, ele_code, ele_value, set_year, last_ver, ele_name, RG_CODE)
values ('{726015A9-0C9A-11DE-893A-FF3FEA27D261}', 'FUNDTYPE', '17', 2017, null, '其他收入', '000000');
insert into SYS_RIGHT_GROUP_DETAIL (right_group_id, ele_code, ele_value, set_year, last_ver, ele_name, RG_CODE)
values ('{726015A9-0C9A-11DE-893A-FF3FEA27D261}', 'FUNDTYPE', '16', 2017, null, '罚没收入', '000000');
insert into SYS_RIGHT_GROUP_DETAIL (right_group_id, ele_code, ele_value, set_year, last_ver, ele_name, RG_CODE)
values ('{726015A9-0C9A-11DE-893A-FF3FEA27D261}', 'FUNDTYPE', '15', 2017, null, '国有资本经营', '000000');
insert into SYS_RIGHT_GROUP_DETAIL (right_group_id, ele_code, ele_value, set_year, last_ver, ele_name, RG_CODE)
values ('{726015A9-0C9A-11DE-893A-FF3FEA27D261}', 'FUNDTYPE', '14', 2017, null, '行政事业性收费', '000000');
insert into SYS_RIGHT_GROUP_DETAIL (right_group_id, ele_code, ele_value, set_year, last_ver, ele_name, RG_CODE)
values ('{726015A9-0C9A-11DE-893A-FF3FEA27D261}', 'FUNDTYPE', '13', 2017, null, '专项收入', '000000');
insert into SYS_RIGHT_GROUP_DETAIL (right_group_id, ele_code, ele_value, set_year, last_ver, ele_name, RG_CODE)
values ('{726015A9-0C9A-11DE-893A-FF3FEA27D261}', 'FUNDTYPE', '12', 2017, null, '政府性基金', '000000');
insert into SYS_RIGHT_GROUP_DETAIL (right_group_id, ele_code, ele_value, set_year, last_ver, ele_name, RG_CODE)
values ('{726015A9-0C9A-11DE-893A-FF3FEA27D261}', 'FUNDTYPE', '11', 2017, null, '一般预算', '000000');
insert into SYS_RIGHT_GROUP_DETAIL (right_group_id, ele_code, ele_value, set_year, last_ver, ele_name, RG_CODE)
values ('{726015A9-0C9A-11DE-893A-FF3FEA27D261}', 'FUNDTYPE', '3', 2017, null, '社会保险基金收入', '000000');
insert into SYS_RIGHT_GROUP_DETAIL (right_group_id, ele_code, ele_value, set_year, last_ver, ele_name, RG_CODE)
values ('{726015A9-0C9A-11DE-893A-FF3FEA27D261}', 'FUNDTYPE', '2', 2017, null, '预算外', '000000');
insert into SYS_RIGHT_GROUP_DETAIL (right_group_id, ele_code, ele_value, set_year, last_ver, ele_name, RG_CODE)
values ('{726015A9-0C9A-11DE-893A-FF3FEA27D261}', 'FUNDTYPE', '1', 2017, null, '预算内', '000000');
insert into SYS_RIGHT_GROUP_DETAIL (right_group_id, ele_code, ele_value, set_year, last_ver, ele_name, RG_CODE)
values ('{726015A9-0C9A-11DE-893A-FF3FEA27D261}', 'BGTTYPE', '003', 2017, null, '已列支指标', '000000');
insert into SYS_RIGHT_GROUP_DETAIL (right_group_id, ele_code, ele_value, set_year, last_ver, ele_name, RG_CODE)
values ('{73B90DE9-8062-11DC-B80A-ED0541E1F351}', 'ZFCGBS', '1', 2017, null, '是', '000000');
insert into SYS_RIGHT_GROUP_DETAIL (right_group_id, ele_code, ele_value, set_year, last_ver, ele_name, RG_CODE)
values ('{7C723D03-0C97-11DE-893A-FF3FEA27D261}', 'FUNDTYPE', '48', 2017, null, '上级补助收入', '000000');
insert into SYS_RIGHT_GROUP_DETAIL (right_group_id, ele_code, ele_value, set_year, last_ver, ele_name, RG_CODE)
values ('{7C723D03-0C97-11DE-893A-FF3FEA27D261}', 'FUNDTYPE', '47', 2017, null, '其他单位对本单位的补助', '000000');
insert into SYS_RIGHT_GROUP_DETAIL (right_group_id, ele_code, ele_value, set_year, last_ver, ele_name, RG_CODE)
values ('{7C723D03-0C97-11DE-893A-FF3FEA27D261}', 'FUNDTYPE', '46', 2017, null, '外单位捐赠未限定用途的财物', '000000');
insert into SYS_RIGHT_GROUP_DETAIL (right_group_id, ele_code, ele_value, set_year, last_ver, ele_name, RG_CODE)
values ('{7C723D03-0C97-11DE-893A-FF3FEA27D261}', 'FUNDTYPE', '45', 2017, null, '固定资产出租', '000000');

insert into SYS_RIGHT_GROUP_DETAIL (right_group_id, ele_code, ele_value, set_year, last_ver, ele_name, RG_CODE)
values ('{7C723D03-0C97-11DE-893A-FF3FEA27D261}', 'FUNDTYPE', '44', 2017, null, '对外投资收益', '000000');
insert into SYS_RIGHT_GROUP_DETAIL (right_group_id, ele_code, ele_value, set_year, last_ver, ele_name, RG_CODE)
values ('{7C723D03-0C97-11DE-893A-FF3FEA27D261}', 'FUNDTYPE', '43', 2017, null, '有价证券及银行存款利息收入', '000000');
insert into SYS_RIGHT_GROUP_DETAIL (right_group_id, ele_code, ele_value, set_year, last_ver, ele_name, RG_CODE)
values ('{7C723D03-0C97-11DE-893A-FF3FEA27D261}', 'FUNDTYPE', '42', 2017, null, '有偿服务收入', '000000');
insert into SYS_RIGHT_GROUP_DETAIL (right_group_id, ele_code, ele_value, set_year, last_ver, ele_name, RG_CODE)
values ('{7C723D03-0C97-11DE-893A-FF3FEA27D261}', 'FUNDTYPE', '41', 2017, null, '零星杂项收入', '000000');
insert into SYS_RIGHT_GROUP_DETAIL (right_group_id, ele_code, ele_value, set_year, last_ver, ele_name, RG_CODE)
values ('{7C723D03-0C97-11DE-893A-FF3FEA27D261}', 'FUNDTYPE', '39', 2017, null, '其他社会保险基金收入', '000000');
insert into SYS_RIGHT_GROUP_DETAIL (right_group_id, ele_code, ele_value, set_year, last_ver, ele_name, RG_CODE)
values ('{7C723D03-0C97-11DE-893A-FF3FEA27D261}', 'FUNDTYPE', '35', 2017, null, '生育保险基金收入', '000000');
insert into SYS_RIGHT_GROUP_DETAIL (right_group_id, ele_code, ele_value, set_year, last_ver, ele_name, RG_CODE)
values ('{7C723D03-0C97-11DE-893A-FF3FEA27D261}', 'FUNDTYPE', '34', 2017, null, '工伤保险基金收入', '000000');
insert into SYS_RIGHT_GROUP_DETAIL (right_group_id, ele_code, ele_value, set_year, last_ver, ele_name, RG_CODE)
values ('{7C723D03-0C97-11DE-893A-FF3FEA27D261}', 'FUNDTYPE', '33', 2017, null, '基本医疗保险基金收入', '000000');
insert into SYS_RIGHT_GROUP_DETAIL (right_group_id, ele_code, ele_value, set_year, last_ver, ele_name, RG_CODE)
values ('{7C723D03-0C97-11DE-893A-FF3FEA27D261}', 'FUNDTYPE', '32', 2017, null, '失业保险基金收入', '000000');
insert into SYS_RIGHT_GROUP_DETAIL (right_group_id, ele_code, ele_value, set_year, last_ver, ele_name, RG_CODE)
values ('{7C723D03-0C97-11DE-893A-FF3FEA27D261}', 'FUNDTYPE', '31', 2017, null, '基本养老保险收入', '000000');
insert into SYS_RIGHT_GROUP_DETAIL (right_group_id, ele_code, ele_value, set_year, last_ver, ele_name, RG_CODE)
values ('{7C723D03-0C97-11DE-893A-FF3FEA27D261}', 'FUNDTYPE', '23', 2017, null, '彩票资金', '000000');
insert into SYS_RIGHT_GROUP_DETAIL (right_group_id, ele_code, ele_value, set_year, last_ver, ele_name, RG_CODE)
values ('{7C723D03-0C97-11DE-893A-FF3FEA27D261}', 'FUNDTYPE', '22', 2017, null, '国有资源（资产）有偿使用', '000000');
insert into SYS_RIGHT_GROUP_DETAIL (right_group_id, ele_code, ele_value, set_year, last_ver, ele_name, RG_CODE)
values ('{7C723D03-0C97-11DE-893A-FF3FEA27D261}', 'FUNDTYPE', '21', 2017, null, '行政事业性收费', '000000');
insert into SYS_RIGHT_GROUP_DETAIL (right_group_id, ele_code, ele_value, set_year, last_ver, ele_name, RG_CODE)
values ('{7C723D03-0C97-11DE-893A-FF3FEA27D261}', 'FUNDTYPE', '17', 2017, null, '其他收入', '000000');
insert into SYS_RIGHT_GROUP_DETAIL (right_group_id, ele_code, ele_value, set_year, last_ver, ele_name, RG_CODE)
values ('{7C723D03-0C97-11DE-893A-FF3FEA27D261}', 'FUNDTYPE', '16', 2017, null, '罚没收入', '000000');
insert into SYS_RIGHT_GROUP_DETAIL (right_group_id, ele_code, ele_value, set_year, last_ver, ele_name, RG_CODE)
values ('{7C723D03-0C97-11DE-893A-FF3FEA27D261}', 'FUNDTYPE', '15', 2017, null, '国有资本经营', '000000');
insert into SYS_RIGHT_GROUP_DETAIL (right_group_id, ele_code, ele_value, set_year, last_ver, ele_name, RG_CODE)
values ('{7C723D03-0C97-11DE-893A-FF3FEA27D261}', 'FUNDTYPE', '14', 2017, null, '行政事业性收费', '000000');
insert into SYS_RIGHT_GROUP_DETAIL (right_group_id, ele_code, ele_value, set_year, last_ver, ele_name, RG_CODE)
values ('{7C723D03-0C97-11DE-893A-FF3FEA27D261}', 'FUNDTYPE', '13', 2017, null, '专项收入', '000000');
insert into SYS_RIGHT_GROUP_DETAIL (right_group_id, ele_code, ele_value, set_year, last_ver, ele_name, RG_CODE)
values ('{7C723D03-0C97-11DE-893A-FF3FEA27D261}', 'FUNDTYPE', '12', 2017, null, '政府性基金', '000000');
insert into SYS_RIGHT_GROUP_DETAIL (right_group_id, ele_code, ele_value, set_year, last_ver, ele_name, RG_CODE)
values ('{7C723D03-0C97-11DE-893A-FF3FEA27D261}', 'FUNDTYPE', '11', 2017, null, '一般预算', '000000');
insert into SYS_RIGHT_GROUP_DETAIL (right_group_id, ele_code, ele_value, set_year, last_ver, ele_name, RG_CODE)
values ('{7C723D03-0C97-11DE-893A-FF3FEA27D261}', 'FUNDTYPE', '4', 2017, null, '其他', '000000');
insert into SYS_RIGHT_GROUP_DETAIL (right_group_id, ele_code, ele_value, set_year, last_ver, ele_name, RG_CODE)
values ('{7C723D03-0C97-11DE-893A-FF3FEA27D261}', 'FUNDTYPE', '3', 2017, null, '社会保险基金收入', '000000');
insert into SYS_RIGHT_GROUP_DETAIL (right_group_id, ele_code, ele_value, set_year, last_ver, ele_name, RG_CODE)
values ('{7C723D03-0C97-11DE-893A-FF3FEA27D261}', 'FUNDTYPE', '2', 2017, null, '预算外', '000000');
insert into SYS_RIGHT_GROUP_DETAIL (right_group_id, ele_code, ele_value, set_year, last_ver, ele_name, RG_CODE)
values ('{7C723D03-0C97-11DE-893A-FF3FEA27D261}', 'FUNDTYPE', '1', 2017, null, '预算内', '000000');
insert into SYS_RIGHT_GROUP_DETAIL (right_group_id, ele_code, ele_value, set_year, last_ver, ele_name, RG_CODE)
values ('{7C723D03-0C97-11DE-893A-FF3FEA27D261}', 'BGTTYPE', '003', 2017, null, '已列支指标', '000000');
insert into SYS_RIGHT_GROUP_DETAIL (right_group_id, ele_code, ele_value, set_year, last_ver, ele_name, RG_CODE)
values ('{9A7553E1-0C9E-11DE-893A-FF3FEA27D261}', 'FUNDTYPE', '39', 2017, null, '其他社会保险基金收入', '000000');
insert into SYS_RIGHT_GROUP_DETAIL (right_group_id, ele_code, ele_value, set_year, last_ver, ele_name, RG_CODE)
values ('{9A7553E1-0C9E-11DE-893A-FF3FEA27D261}', 'FUNDTYPE', '35', 2017, null, '生育保险基金收入', '000000');
insert into SYS_RIGHT_GROUP_DETAIL (right_group_id, ele_code, ele_value, set_year, last_ver, ele_name, RG_CODE)
values ('{9A7553E1-0C9E-11DE-893A-FF3FEA27D261}', 'FUNDTYPE', '34', 2017, null, '工伤保险基金收入', '000000');
insert into SYS_RIGHT_GROUP_DETAIL (right_group_id, ele_code, ele_value, set_year, last_ver, ele_name, RG_CODE)
values ('{9A7553E1-0C9E-11DE-893A-FF3FEA27D261}', 'FUNDTYPE', '33', 2017, null, '基本医疗保险基金收入', '000000');
insert into SYS_RIGHT_GROUP_DETAIL (right_group_id, ele_code, ele_value, set_year, last_ver, ele_name, RG_CODE)
values ('{9A7553E1-0C9E-11DE-893A-FF3FEA27D261}', 'FUNDTYPE', '32', 2017, null, '失业保险基金收入', '000000');
insert into SYS_RIGHT_GROUP_DETAIL (right_group_id, ele_code, ele_value, set_year, last_ver, ele_name, RG_CODE)
values ('{9A7553E1-0C9E-11DE-893A-FF3FEA27D261}', 'FUNDTYPE', '31', 2017, null, '基本养老保险收入', '000000');
insert into SYS_RIGHT_GROUP_DETAIL (right_group_id, ele_code, ele_value, set_year, last_ver, ele_name, RG_CODE)
values ('{9A7553E1-0C9E-11DE-893A-FF3FEA27D261}', 'FUNDTYPE', '23', 2017, null, '彩票资金', '000000');
insert into SYS_RIGHT_GROUP_DETAIL (right_group_id, ele_code, ele_value, set_year, last_ver, ele_name, RG_CODE)
values ('{9A7553E1-0C9E-11DE-893A-FF3FEA27D261}', 'FUNDTYPE', '22', 2017, null, '国有资源（资产）有偿使用', '000000');
insert into SYS_RIGHT_GROUP_DETAIL (right_group_id, ele_code, ele_value, set_year, last_ver, ele_name, RG_CODE)
values ('{9A7553E1-0C9E-11DE-893A-FF3FEA27D261}', 'FUNDTYPE', '21', 2017, null, '行政事业性收费', '000000');
insert into SYS_RIGHT_GROUP_DETAIL (right_group_id, ele_code, ele_value, set_year, last_ver, ele_name, RG_CODE)
values ('{9A7553E1-0C9E-11DE-893A-FF3FEA27D261}', 'FUNDTYPE', '17', 2017, null, '其他收入', '000000');
insert into SYS_RIGHT_GROUP_DETAIL (right_group_id, ele_code, ele_value, set_year, last_ver, ele_name, RG_CODE)
values ('{9A7553E1-0C9E-11DE-893A-FF3FEA27D261}', 'FUNDTYPE', '16', 2017, null, '罚没收入', '000000');
insert into SYS_RIGHT_GROUP_DETAIL (right_group_id, ele_code, ele_value, set_year, last_ver, ele_name, RG_CODE)
values ('{9A7553E1-0C9E-11DE-893A-FF3FEA27D261}', 'FUNDTYPE', '15', 2017, null, '国有资本经营', '000000');
insert into SYS_RIGHT_GROUP_DETAIL (right_group_id, ele_code, ele_value, set_year, last_ver, ele_name, RG_CODE)
values ('{9A7553E1-0C9E-11DE-893A-FF3FEA27D261}', 'FUNDTYPE', '14', 2017, null, '行政事业性收费', '000000');
insert into SYS_RIGHT_GROUP_DETAIL (right_group_id, ele_code, ele_value, set_year, last_ver, ele_name, RG_CODE)
values ('{9A7553E1-0C9E-11DE-893A-FF3FEA27D261}', 'FUNDTYPE', '13', 2017, null, '专项收入', '000000');
insert into SYS_RIGHT_GROUP_DETAIL (right_group_id, ele_code, ele_value, set_year, last_ver, ele_name, RG_CODE)
values ('{9A7553E1-0C9E-11DE-893A-FF3FEA27D261}', 'FUNDTYPE', '12', 2017, null, '政府性基金', '000000');
insert into SYS_RIGHT_GROUP_DETAIL (right_group_id, ele_code, ele_value, set_year, last_ver, ele_name, RG_CODE)
values ('{9A7553E1-0C9E-11DE-893A-FF3FEA27D261}', 'FUNDTYPE', '11', 2017, null, '一般预算', '000000');
insert into SYS_RIGHT_GROUP_DETAIL (right_group_id, ele_code, ele_value, set_year, last_ver, ele_name, RG_CODE)
values ('{9A7553E1-0C9E-11DE-893A-FF3FEA27D261}', 'FUNDTYPE', '3', 2017, null, '社会保险基金收入', '000000');
insert into SYS_RIGHT_GROUP_DETAIL (right_group_id, ele_code, ele_value, set_year, last_ver, ele_name, RG_CODE)
values ('{9A7553E1-0C9E-11DE-893A-FF3FEA27D261}', 'FUNDTYPE', '2', 2017, null, '预算外', '000000');
insert into SYS_RIGHT_GROUP_DETAIL (right_group_id, ele_code, ele_value, set_year, last_ver, ele_name, RG_CODE)
values ('{9A7553E1-0C9E-11DE-893A-FF3FEA27D261}', 'FUNDTYPE', '1', 2017, null, '预算内', '000000');
insert into SYS_RIGHT_GROUP_DETAIL (right_group_id, ele_code, ele_value, set_year, last_ver, ele_name, RG_CODE)
values ('{9A7553E1-0C9E-11DE-893A-FF3FEA27D261}', 'BGTTYPE', '001001', 2017, null, '当年预算', '000000');
insert into SYS_RIGHT_GROUP_DETAIL (right_group_id, ele_code, ele_value, set_year, last_ver, ele_name, RG_CODE)
values ('{9A7553E1-0C9E-11DE-893A-FF3FEA27D261}', 'BGTTYPE', '001', 2017, null, '当年指标', '000000');
insert into SYS_RIGHT_GROUP_DETAIL (right_group_id, ele_code, ele_value, set_year, last_ver, ele_name, RG_CODE)
values ('{A30C4CED-0C9B-11DE-893A-FF3FEA27D261}', 'FUNDTYPE', '39', 2017, null, '其他社会保险基金收入', '000000');
insert into SYS_RIGHT_GROUP_DETAIL (right_group_id, ele_code, ele_value, set_year, last_ver, ele_name, RG_CODE)
values ('{A30C4CED-0C9B-11DE-893A-FF3FEA27D261}', 'FUNDTYPE', '35', 2017, null, '生育保险基金收入', '000000');
insert into SYS_RIGHT_GROUP_DETAIL (right_group_id, ele_code, ele_value, set_year, last_ver, ele_name, RG_CODE)
values ('{A30C4CED-0C9B-11DE-893A-FF3FEA27D261}', 'FUNDTYPE', '34', 2017, null, '工伤保险基金收入', '000000');
insert into SYS_RIGHT_GROUP_DETAIL (right_group_id, ele_code, ele_value, set_year, last_ver, ele_name, RG_CODE)
values ('{A30C4CED-0C9B-11DE-893A-FF3FEA27D261}', 'FUNDTYPE', '33', 2017, null, '基本医疗保险基金收入', '000000');
insert into SYS_RIGHT_GROUP_DETAIL (right_group_id, ele_code, ele_value, set_year, last_ver, ele_name, RG_CODE)
values ('{A30C4CED-0C9B-11DE-893A-FF3FEA27D261}', 'FUNDTYPE', '32', 2017, null, '失业保险基金收入', '000000');
insert into SYS_RIGHT_GROUP_DETAIL (right_group_id, ele_code, ele_value, set_year, last_ver, ele_name, RG_CODE)
values ('{A30C4CED-0C9B-11DE-893A-FF3FEA27D261}', 'FUNDTYPE', '31', 2017, null, '基本养老保险收入', '000000');
insert into SYS_RIGHT_GROUP_DETAIL (right_group_id, ele_code, ele_value, set_year, last_ver, ele_name, RG_CODE)
values ('{A30C4CED-0C9B-11DE-893A-FF3FEA27D261}', 'FUNDTYPE', '23', 2017, null, '彩票资金', '000000');
insert into SYS_RIGHT_GROUP_DETAIL (right_group_id, ele_code, ele_value, set_year, last_ver, ele_name, RG_CODE)
values ('{A30C4CED-0C9B-11DE-893A-FF3FEA27D261}', 'FUNDTYPE', '22', 2017, null, '国有资源（资产）有偿使用', '000000');
insert into SYS_RIGHT_GROUP_DETAIL (right_group_id, ele_code, ele_value, set_year, last_ver, ele_name, RG_CODE)
values ('{A30C4CED-0C9B-11DE-893A-FF3FEA27D261}', 'FUNDTYPE', '21', 2017, null, '行政事业性收费', '000000');
insert into SYS_RIGHT_GROUP_DETAIL (right_group_id, ele_code, ele_value, set_year, last_ver, ele_name, RG_CODE)
values ('{A30C4CED-0C9B-11DE-893A-FF3FEA27D261}', 'FUNDTYPE', '17', 2017, null, '其他收入', '000000');
insert into SYS_RIGHT_GROUP_DETAIL (right_group_id, ele_code, ele_value, set_year, last_ver, ele_name, RG_CODE)
values ('{A30C4CED-0C9B-11DE-893A-FF3FEA27D261}', 'FUNDTYPE', '16', 2017, null, '罚没收入', '000000');
insert into SYS_RIGHT_GROUP_DETAIL (right_group_id, ele_code, ele_value, set_year, last_ver, ele_name, RG_CODE)
values ('{A30C4CED-0C9B-11DE-893A-FF3FEA27D261}', 'FUNDTYPE', '15', 2017, null, '国有资本经营', '000000');
insert into SYS_RIGHT_GROUP_DETAIL (right_group_id, ele_code, ele_value, set_year, last_ver, ele_name, RG_CODE)
values ('{A30C4CED-0C9B-11DE-893A-FF3FEA27D261}', 'FUNDTYPE', '14', 2017, null, '行政事业性收费', '000000');
insert into SYS_RIGHT_GROUP_DETAIL (right_group_id, ele_code, ele_value, set_year, last_ver, ele_name, RG_CODE)
values ('{A30C4CED-0C9B-11DE-893A-FF3FEA27D261}', 'FUNDTYPE', '13', 2017, null, '专项收入', '000000');
insert into SYS_RIGHT_GROUP_DETAIL (right_group_id, ele_code, ele_value, set_year, last_ver, ele_name, RG_CODE)
values ('{A30C4CED-0C9B-11DE-893A-FF3FEA27D261}', 'FUNDTYPE', '12', 2017, null, '政府性基金', '000000');
insert into SYS_RIGHT_GROUP_DETAIL (right_group_id, ele_code, ele_value, set_year, last_ver, ele_name, RG_CODE)
values ('{A30C4CED-0C9B-11DE-893A-FF3FEA27D261}', 'FUNDTYPE', '11', 2017, null, '一般预算', '000000');
insert into SYS_RIGHT_GROUP_DETAIL (right_group_id, ele_code, ele_value, set_year, last_ver, ele_name, RG_CODE)
values ('{A30C4CED-0C9B-11DE-893A-FF3FEA27D261}', 'FUNDTYPE', '3', 2017, null, '社会保险基金收入', '000000');
insert into SYS_RIGHT_GROUP_DETAIL (right_group_id, ele_code, ele_value, set_year, last_ver, ele_name, RG_CODE)
values ('{A30C4CED-0C9B-11DE-893A-FF3FEA27D261}', 'FUNDTYPE', '2', 2017, null, '预算外', '000000');
insert into SYS_RIGHT_GROUP_DETAIL (right_group_id, ele_code, ele_value, set_year, last_ver, ele_name, RG_CODE)
values ('{A30C4CED-0C9B-11DE-893A-FF3FEA27D261}', 'FUNDTYPE', '1', 2017, null, '预算内', '000000');
insert into SYS_RIGHT_GROUP_DETAIL (right_group_id, ele_code, ele_value, set_year, last_ver, ele_name, RG_CODE)
values ('{A30C4CED-0C9B-11DE-893A-FF3FEA27D261}', 'BGTTYPE', '003', 2017, null, '已列支指标', '000000');
insert into SYS_RIGHT_GROUP_DETAIL (right_group_id, ele_code, ele_value, set_year, last_ver, ele_name, RG_CODE)
values ('{A9BBAF5A-0C9A-11DE-893A-FF3FEA27D261}', 'FUNDTYPE', '39', 2017, null, '其他社会保险基金收入', '000000');
insert into SYS_RIGHT_GROUP_DETAIL (right_group_id, ele_code, ele_value, set_year, last_ver, ele_name, RG_CODE)
values ('{A9BBAF5A-0C9A-11DE-893A-FF3FEA27D261}', 'FUNDTYPE', '35', 2017, null, '生育保险基金收入', '000000');
insert into SYS_RIGHT_GROUP_DETAIL (right_group_id, ele_code, ele_value, set_year, last_ver, ele_name, RG_CODE)
values ('{A9BBAF5A-0C9A-11DE-893A-FF3FEA27D261}', 'FUNDTYPE', '34', 2017, null, '工伤保险基金收入', '000000');
insert into SYS_RIGHT_GROUP_DETAIL (right_group_id, ele_code, ele_value, set_year, last_ver, ele_name, RG_CODE)
values ('{A9BBAF5A-0C9A-11DE-893A-FF3FEA27D261}', 'FUNDTYPE', '33', 2017, null, '基本医疗保险基金收入', '000000');
insert into SYS_RIGHT_GROUP_DETAIL (right_group_id, ele_code, ele_value, set_year, last_ver, ele_name, RG_CODE)
values ('{A9BBAF5A-0C9A-11DE-893A-FF3FEA27D261}', 'FUNDTYPE', '32', 2017, null, '失业保险基金收入', '000000');
insert into SYS_RIGHT_GROUP_DETAIL (right_group_id, ele_code, ele_value, set_year, last_ver, ele_name, RG_CODE)
values ('{A9BBAF5A-0C9A-11DE-893A-FF3FEA27D261}', 'FUNDTYPE', '31', 2017, null, '基本养老保险收入', '000000');
insert into SYS_RIGHT_GROUP_DETAIL (right_group_id, ele_code, ele_value, set_year, last_ver, ele_name, RG_CODE)
values ('{A9BBAF5A-0C9A-11DE-893A-FF3FEA27D261}', 'FUNDTYPE', '23', 2017, null, '彩票资金', '000000');
insert into SYS_RIGHT_GROUP_DETAIL (right_group_id, ele_code, ele_value, set_year, last_ver, ele_name, RG_CODE)
values ('{A9BBAF5A-0C9A-11DE-893A-FF3FEA27D261}', 'FUNDTYPE', '22', 2017, null, '国有资源（资产）有偿使用', '000000');
insert into SYS_RIGHT_GROUP_DETAIL (right_group_id, ele_code, ele_value, set_year, last_ver, ele_name, RG_CODE)
values ('{A9BBAF5A-0C9A-11DE-893A-FF3FEA27D261}', 'FUNDTYPE', '21', 2017, null, '行政事业性收费', '000000');
insert into SYS_RIGHT_GROUP_DETAIL (right_group_id, ele_code, ele_value, set_year, last_ver, ele_name, RG_CODE)
values ('{A9BBAF5A-0C9A-11DE-893A-FF3FEA27D261}', 'FUNDTYPE', '17', 2017, null, '其他收入', '000000');
insert into SYS_RIGHT_GROUP_DETAIL (right_group_id, ele_code, ele_value, set_year, last_ver, ele_name, RG_CODE)
values ('{A9BBAF5A-0C9A-11DE-893A-FF3FEA27D261}', 'FUNDTYPE', '16', 2017, null, '罚没收入', '000000');
insert into SYS_RIGHT_GROUP_DETAIL (right_group_id, ele_code, ele_value, set_year, last_ver, ele_name, RG_CODE)
values ('{A9BBAF5A-0C9A-11DE-893A-FF3FEA27D261}', 'FUNDTYPE', '15', 2017, null, '国有资本经营', '000000');
insert into SYS_RIGHT_GROUP_DETAIL (right_group_id, ele_code, ele_value, set_year, last_ver, ele_name, RG_CODE)
values ('{A9BBAF5A-0C9A-11DE-893A-FF3FEA27D261}', 'FUNDTYPE', '14', 2017, null, '行政事业性收费', '000000');
insert into SYS_RIGHT_GROUP_DETAIL (right_group_id, ele_code, ele_value, set_year, last_ver, ele_name, RG_CODE)
values ('{A9BBAF5A-0C9A-11DE-893A-FF3FEA27D261}', 'FUNDTYPE', '13', 2017, null, '专项收入', '000000');
insert into SYS_RIGHT_GROUP_DETAIL (right_group_id, ele_code, ele_value, set_year, last_ver, ele_name, RG_CODE)
values ('{A9BBAF5A-0C9A-11DE-893A-FF3FEA27D261}', 'FUNDTYPE', '12', 2017, null, '政府性基金', '000000');
insert into SYS_RIGHT_GROUP_DETAIL (right_group_id, ele_code, ele_value, set_year, last_ver, ele_name, RG_CODE)
values ('{A9BBAF5A-0C9A-11DE-893A-FF3FEA27D261}', 'FUNDTYPE', '11', 2017, null, '一般预算', '000000');
insert into SYS_RIGHT_GROUP_DETAIL (right_group_id, ele_code, ele_value, set_year, last_ver, ele_name, RG_CODE)
values ('{A9BBAF5A-0C9A-11DE-893A-FF3FEA27D261}', 'FUNDTYPE', '3', 2017, null, '社会保险基金收入', '000000');
insert into SYS_RIGHT_GROUP_DETAIL (right_group_id, ele_code, ele_value, set_year, last_ver, ele_name, RG_CODE)
values ('{A9BBAF5A-0C9A-11DE-893A-FF3FEA27D261}', 'FUNDTYPE', '2', 2017, null, '预算外', '000000');
insert into SYS_RIGHT_GROUP_DETAIL (right_group_id, ele_code, ele_value, set_year, last_ver, ele_name, RG_CODE)
values ('{A9BBAF5A-0C9A-11DE-893A-FF3FEA27D261}', 'FUNDTYPE', '1', 2017, null, '预算内', '000000');
insert into SYS_RIGHT_GROUP_DETAIL (right_group_id, ele_code, ele_value, set_year, last_ver, ele_name, RG_CODE)
values ('{A9BBAF5A-0C9A-11DE-893A-FF3FEA27D261}', 'BGTTYPE', '002', 2017, null, '预拨指标', '000000');
insert into SYS_RIGHT_GROUP_DETAIL (right_group_id, ele_code, ele_value, set_year, last_ver, ele_name, RG_CODE)
values ('{B195A063-0C9F-11DE-893A-FF3FEA27D261}', 'FUNDTYPE', '53', 2017, null, '待确认自筹', '000000');
insert into SYS_RIGHT_GROUP_DETAIL (right_group_id, ele_code, ele_value, set_year, last_ver, ele_name, RG_CODE)
values ('{B195A063-0C9F-11DE-893A-FF3FEA27D261}', 'FUNDTYPE', '5', 2017, null, '单位自筹', '000000');
insert into SYS_RIGHT_GROUP_DETAIL (right_group_id, ele_code, ele_value, set_year, last_ver, ele_name, RG_CODE)
values ('{C052AEF5-0C98-11DE-893A-FF3FEA27D261}', 'FUNDTYPE', '48', 2017, null, '上级补助收入', '000000');
insert into SYS_RIGHT_GROUP_DETAIL (right_group_id, ele_code, ele_value, set_year, last_ver, ele_name, RG_CODE)
values ('{C052AEF5-0C98-11DE-893A-FF3FEA27D261}', 'FUNDTYPE', '47', 2017, null, '其他单位对本单位的补助', '000000');
insert into SYS_RIGHT_GROUP_DETAIL (right_group_id, ele_code, ele_value, set_year, last_ver, ele_name, RG_CODE)
values ('{C052AEF5-0C98-11DE-893A-FF3FEA27D261}', 'FUNDTYPE', '46', 2017, null, '外单位捐赠未限定用途的财物', '000000');
insert into SYS_RIGHT_GROUP_DETAIL (right_group_id, ele_code, ele_value, set_year, last_ver, ele_name, RG_CODE)
values ('{C052AEF5-0C98-11DE-893A-FF3FEA27D261}', 'FUNDTYPE', '45', 2017, null, '固定资产出租', '000000');
insert into SYS_RIGHT_GROUP_DETAIL (right_group_id, ele_code, ele_value, set_year, last_ver, ele_name, RG_CODE)
values ('{C052AEF5-0C98-11DE-893A-FF3FEA27D261}', 'FUNDTYPE', '44', 2017, null, '对外投资收益', '000000');
insert into SYS_RIGHT_GROUP_DETAIL (right_group_id, ele_code, ele_value, set_year, last_ver, ele_name, RG_CODE)
values ('{C052AEF5-0C98-11DE-893A-FF3FEA27D261}', 'FUNDTYPE', '43', 2017, null, '有价证券及银行存款利息收入', '000000');
insert into SYS_RIGHT_GROUP_DETAIL (right_group_id, ele_code, ele_value, set_year, last_ver, ele_name, RG_CODE)
values ('{C052AEF5-0C98-11DE-893A-FF3FEA27D261}', 'FUNDTYPE', '42', 2017, null, '有偿服务收入', '000000');
insert into SYS_RIGHT_GROUP_DETAIL (right_group_id, ele_code, ele_value, set_year, last_ver, ele_name, RG_CODE)
values ('{C052AEF5-0C98-11DE-893A-FF3FEA27D261}', 'FUNDTYPE', '41', 2017, null, '零星杂项收入', '000000');
insert into SYS_RIGHT_GROUP_DETAIL (right_group_id, ele_code, ele_value, set_year, last_ver, ele_name, RG_CODE)
values ('{C052AEF5-0C98-11DE-893A-FF3FEA27D261}', 'FUNDTYPE', '39', 2017, null, '其他社会保险基金收入', '000000');
insert into SYS_RIGHT_GROUP_DETAIL (right_group_id, ele_code, ele_value, set_year, last_ver, ele_name, RG_CODE)
values ('{C052AEF5-0C98-11DE-893A-FF3FEA27D261}', 'FUNDTYPE', '35', 2017, null, '生育保险基金收入', '000000');
insert into SYS_RIGHT_GROUP_DETAIL (right_group_id, ele_code, ele_value, set_year, last_ver, ele_name, RG_CODE)
values ('{C052AEF5-0C98-11DE-893A-FF3FEA27D261}', 'FUNDTYPE', '34', 2017, null, '工伤保险基金收入', '000000');
insert into SYS_RIGHT_GROUP_DETAIL (right_group_id, ele_code, ele_value, set_year, last_ver, ele_name, RG_CODE)
values ('{C052AEF5-0C98-11DE-893A-FF3FEA27D261}', 'FUNDTYPE', '33', 2017, null, '基本医疗保险基金收入', '000000');

insert into SYS_RIGHT_GROUP_DETAIL (right_group_id, ele_code, ele_value, set_year, last_ver, ele_name, RG_CODE)
values ('{C052AEF5-0C98-11DE-893A-FF3FEA27D261}', 'FUNDTYPE', '32', 2017, null, '失业保险基金收入', '000000');
insert into SYS_RIGHT_GROUP_DETAIL (right_group_id, ele_code, ele_value, set_year, last_ver, ele_name, RG_CODE)
values ('{C052AEF5-0C98-11DE-893A-FF3FEA27D261}', 'FUNDTYPE', '31', 2017, null, '基本养老保险收入', '000000');
insert into SYS_RIGHT_GROUP_DETAIL (right_group_id, ele_code, ele_value, set_year, last_ver, ele_name, RG_CODE)
values ('{C052AEF5-0C98-11DE-893A-FF3FEA27D261}', 'FUNDTYPE', '23', 2017, null, '彩票资金', '000000');
insert into SYS_RIGHT_GROUP_DETAIL (right_group_id, ele_code, ele_value, set_year, last_ver, ele_name, RG_CODE)
values ('{C052AEF5-0C98-11DE-893A-FF3FEA27D261}', 'FUNDTYPE', '22', 2017, null, '国有资源（资产）有偿使用', '000000');
insert into SYS_RIGHT_GROUP_DETAIL (right_group_id, ele_code, ele_value, set_year, last_ver, ele_name, RG_CODE)
values ('{C052AEF5-0C98-11DE-893A-FF3FEA27D261}', 'FUNDTYPE', '21', 2017, null, '行政事业性收费', '000000');
insert into SYS_RIGHT_GROUP_DETAIL (right_group_id, ele_code, ele_value, set_year, last_ver, ele_name, RG_CODE)
values ('{C052AEF5-0C98-11DE-893A-FF3FEA27D261}', 'FUNDTYPE', '17', 2017, null, '其他收入', '000000');
insert into SYS_RIGHT_GROUP_DETAIL (right_group_id, ele_code, ele_value, set_year, last_ver, ele_name, RG_CODE)
values ('{C052AEF5-0C98-11DE-893A-FF3FEA27D261}', 'FUNDTYPE', '16', 2017, null, '罚没收入', '000000');
insert into SYS_RIGHT_GROUP_DETAIL (right_group_id, ele_code, ele_value, set_year, last_ver, ele_name, RG_CODE)
values ('{C052AEF5-0C98-11DE-893A-FF3FEA27D261}', 'FUNDTYPE', '15', 2017, null, '国有资本经营', '000000');
insert into SYS_RIGHT_GROUP_DETAIL (right_group_id, ele_code, ele_value, set_year, last_ver, ele_name, RG_CODE)
values ('{C052AEF5-0C98-11DE-893A-FF3FEA27D261}', 'FUNDTYPE', '14', 2017, null, '行政事业性收费', '000000');
insert into SYS_RIGHT_GROUP_DETAIL (right_group_id, ele_code, ele_value, set_year, last_ver, ele_name, RG_CODE)
values ('{C052AEF5-0C98-11DE-893A-FF3FEA27D261}', 'FUNDTYPE', '13', 2017, null, '专项收入', '000000');
insert into SYS_RIGHT_GROUP_DETAIL (right_group_id, ele_code, ele_value, set_year, last_ver, ele_name, RG_CODE)
values ('{C052AEF5-0C98-11DE-893A-FF3FEA27D261}', 'FUNDTYPE', '12', 2017, null, '政府性基金', '000000');
insert into SYS_RIGHT_GROUP_DETAIL (right_group_id, ele_code, ele_value, set_year, last_ver, ele_name, RG_CODE)
values ('{C052AEF5-0C98-11DE-893A-FF3FEA27D261}', 'FUNDTYPE', '11', 2017, null, '一般预算', '000000');
insert into SYS_RIGHT_GROUP_DETAIL (right_group_id, ele_code, ele_value, set_year, last_ver, ele_name, RG_CODE)
values ('{C052AEF5-0C98-11DE-893A-FF3FEA27D261}', 'FUNDTYPE', '4', 2017, null, '其他', '000000');
insert into SYS_RIGHT_GROUP_DETAIL (right_group_id, ele_code, ele_value, set_year, last_ver, ele_name, RG_CODE)
values ('{C052AEF5-0C98-11DE-893A-FF3FEA27D261}', 'FUNDTYPE', '3', 2017, null, '社会保险基金收入', '000000');
insert into SYS_RIGHT_GROUP_DETAIL (right_group_id, ele_code, ele_value, set_year, last_ver, ele_name, RG_CODE)
values ('{C052AEF5-0C98-11DE-893A-FF3FEA27D261}', 'FUNDTYPE', '2', 2017, null, '预算外', '000000');
insert into SYS_RIGHT_GROUP_DETAIL (right_group_id, ele_code, ele_value, set_year, last_ver, ele_name, RG_CODE)
values ('{C052AEF5-0C98-11DE-893A-FF3FEA27D261}', 'FUNDTYPE', '1', 2017, null, '预算内', '000000');
insert into SYS_RIGHT_GROUP_DETAIL (right_group_id, ele_code, ele_value, set_year, last_ver, ele_name, RG_CODE)
values ('{C052AEF5-0C98-11DE-893A-FF3FEA27D261}', 'BGTTYPE', '002', 2017, null, '预拨指标', '000000');
insert into SYS_RIGHT_GROUP_DETAIL (right_group_id, ele_code, ele_value, set_year, last_ver, ele_name, RG_CODE)
values ('{CAD68A4F-0C9D-11DE-893A-FF3FEA27D261}', 'FUNDTYPE', '33', 2017, null, '基本医疗保险基金收入', '000000');
insert into SYS_RIGHT_GROUP_DETAIL (right_group_id, ele_code, ele_value, set_year, last_ver, ele_name, RG_CODE)
values ('{CAD68A4F-0C9D-11DE-893A-FF3FEA27D261}', 'FUNDTYPE', '32', 2017, null, '失业保险基金收入', '000000');
insert into SYS_RIGHT_GROUP_DETAIL (right_group_id, ele_code, ele_value, set_year, last_ver, ele_name, RG_CODE)
values ('{CAD68A4F-0C9D-11DE-893A-FF3FEA27D261}', 'FUNDTYPE', '31', 2017, null, '基本养老保险收入', '000000');
insert into SYS_RIGHT_GROUP_DETAIL (right_group_id, ele_code, ele_value, set_year, last_ver, ele_name, RG_CODE)
values ('{CAD68A4F-0C9D-11DE-893A-FF3FEA27D261}', 'FUNDTYPE', '3', 2017, null, '社会保险基金收入', '000000');
insert into SYS_RIGHT_GROUP_DETAIL (right_group_id, ele_code, ele_value, set_year, last_ver, ele_name, RG_CODE)
values ('{2E031D66-BD21-11DE-BAF9-F083B629B442}', 'FUNDTYPE', '1', 2017, null, '预算内', '000000');
insert into SYS_RIGHT_GROUP_DETAIL (right_group_id, ele_code, ele_value, set_year, last_ver, ele_name, RG_CODE)
values ('{2E031D66-BD21-11DE-BAF9-F083B629B442}', 'FUNDTYPE', '11', 2017, null, '一般预算', '000000');
insert into SYS_RIGHT_GROUP_DETAIL (right_group_id, ele_code, ele_value, set_year, last_ver, ele_name, RG_CODE)
values ('{2E031D66-BD21-11DE-BAF9-F083B629B442}', 'FUNDTYPE', '12', 2017, null, '政府性基金', '000000');
insert into SYS_RIGHT_GROUP_DETAIL (right_group_id, ele_code, ele_value, set_year, last_ver, ele_name, RG_CODE)
values ('{2E031D66-BD21-11DE-BAF9-F083B629B442}', 'FUNDTYPE', '13', 2017, null, '专项收入', '000000');
insert into SYS_RIGHT_GROUP_DETAIL (right_group_id, ele_code, ele_value, set_year, last_ver, ele_name, RG_CODE)
values ('{2E031D66-BD21-11DE-BAF9-F083B629B442}', 'FUNDTYPE', '14', 2017, null, '行政事业性收费', '000000');
insert into SYS_RIGHT_GROUP_DETAIL (right_group_id, ele_code, ele_value, set_year, last_ver, ele_name, RG_CODE)
values ('{2E031D66-BD21-11DE-BAF9-F083B629B442}', 'FUNDTYPE', '15', 2017, null, '国有资本经营', '000000');
insert into SYS_RIGHT_GROUP_DETAIL (right_group_id, ele_code, ele_value, set_year, last_ver, ele_name, RG_CODE)
values ('{2E031D66-BD21-11DE-BAF9-F083B629B442}', 'FUNDTYPE', '16', 2017, null, '罚没收入', '000000');
insert into SYS_RIGHT_GROUP_DETAIL (right_group_id, ele_code, ele_value, set_year, last_ver, ele_name, RG_CODE)
values ('{2E031D66-BD21-11DE-BAF9-F083B629B442}', 'FUNDTYPE', '17', 2017, null, '其他收入', '000000');
insert into SYS_RIGHT_GROUP_DETAIL (right_group_id, ele_code, ele_value, set_year, last_ver, ele_name, RG_CODE)
values ('{2E031D66-BD21-11DE-BAF9-F083B629B442}', 'FUNDTYPE', '2', 2017, null, '预算外', '000000');
insert into SYS_RIGHT_GROUP_DETAIL (right_group_id, ele_code, ele_value, set_year, last_ver, ele_name, RG_CODE)
values ('{2E031D66-BD21-11DE-BAF9-F083B629B442}', 'FUNDTYPE', '21', 2017, null, '行政事业性收费', '000000');
insert into SYS_RIGHT_GROUP_DETAIL (right_group_id, ele_code, ele_value, set_year, last_ver, ele_name, RG_CODE)
values ('{2E031D66-BD21-11DE-BAF9-F083B629B442}', 'FUNDTYPE', '22', 2017, null, '国有资源（资产）有偿使用', '000000');
insert into SYS_RIGHT_GROUP_DETAIL (right_group_id, ele_code, ele_value, set_year, last_ver, ele_name, RG_CODE)
values ('{2E031D66-BD21-11DE-BAF9-F083B629B442}', 'FUNDTYPE', '23', 2017, null, '彩票资金', '000000');
insert into SYS_RIGHT_GROUP_DETAIL (right_group_id, ele_code, ele_value, set_year, last_ver, ele_name, RG_CODE)
values ('{2E031D66-BD21-11DE-BAF9-F083B629B442}', 'FUNDTYPE', '3', 2017, null, '社会保险基金收入', '000000');
insert into SYS_RIGHT_GROUP_DETAIL (right_group_id, ele_code, ele_value, set_year, last_ver, ele_name, RG_CODE)
values ('{2E031D66-BD21-11DE-BAF9-F083B629B442}', 'FUNDTYPE', '31', 2017, null, '基本养老保险收入', '000000');
insert into SYS_RIGHT_GROUP_DETAIL (right_group_id, ele_code, ele_value, set_year, last_ver, ele_name, RG_CODE)
values ('{2E031D66-BD21-11DE-BAF9-F083B629B442}', 'FUNDTYPE', '32', 2017, null, '失业保险基金收入', '000000');
insert into SYS_RIGHT_GROUP_DETAIL (right_group_id, ele_code, ele_value, set_year, last_ver, ele_name, RG_CODE)
values ('{2E031D66-BD21-11DE-BAF9-F083B629B442}', 'FUNDTYPE', '33', 2017, null, '基本医疗保险基金收入', '000000');
insert into SYS_RIGHT_GROUP_DETAIL (right_group_id, ele_code, ele_value, set_year, last_ver, ele_name, RG_CODE)
values ('{2E031D66-BD21-11DE-BAF9-F083B629B442}', 'FUNDTYPE', '34', 2017, null, '工伤保险基金收入', '000000');
insert into SYS_RIGHT_GROUP_DETAIL (right_group_id, ele_code, ele_value, set_year, last_ver, ele_name, RG_CODE)
values ('{2E031D66-BD21-11DE-BAF9-F083B629B442}', 'FUNDTYPE', '35', 2017, null, '生育保险基金收入', '000000');
insert into SYS_RIGHT_GROUP_DETAIL (right_group_id, ele_code, ele_value, set_year, last_ver, ele_name, RG_CODE)
values ('{2E031D66-BD21-11DE-BAF9-F083B629B442}', 'FUNDTYPE', '39', 2017, null, '其他社会保险基金收入', '000000');
insert into SYS_RIGHT_GROUP_DETAIL (right_group_id, ele_code, ele_value, set_year, last_ver, ele_name, RG_CODE)
values ('{2E031D66-BD21-11DE-BAF9-F083B629B442}', 'FUNDTYPE', '4', 2017, null, '其他', '000000');
insert into SYS_RIGHT_GROUP_DETAIL (right_group_id, ele_code, ele_value, set_year, last_ver, ele_name, RG_CODE)
values ('{2E031D66-BD21-11DE-BAF9-F083B629B442}', 'FUNDTYPE', '41', 2017, null, '零星杂项收入', '000000');
insert into SYS_RIGHT_GROUP_DETAIL (right_group_id, ele_code, ele_value, set_year, last_ver, ele_name, RG_CODE)
values ('{2E031D66-BD21-11DE-BAF9-F083B629B442}', 'FUNDTYPE', '42', 2017, null, '有偿服务收入', '000000');
insert into SYS_RIGHT_GROUP_DETAIL (right_group_id, ele_code, ele_value, set_year, last_ver, ele_name, RG_CODE)
values ('{2E031D66-BD21-11DE-BAF9-F083B629B442}', 'FUNDTYPE', '43', 2017, null, '有价证券及银行存款利息收入', '000000');
insert into SYS_RIGHT_GROUP_DETAIL (right_group_id, ele_code, ele_value, set_year, last_ver, ele_name, RG_CODE)
values ('{2E031D66-BD21-11DE-BAF9-F083B629B442}', 'FUNDTYPE', '44', 2017, null, '对外投资收益', '000000');
insert into SYS_RIGHT_GROUP_DETAIL (right_group_id, ele_code, ele_value, set_year, last_ver, ele_name, RG_CODE)
values ('{2E031D66-BD21-11DE-BAF9-F083B629B442}', 'FUNDTYPE', '45', 2017, null, '固定资产出租', '000000');
insert into SYS_RIGHT_GROUP_DETAIL (right_group_id, ele_code, ele_value, set_year, last_ver, ele_name, RG_CODE)
values ('{2E031D66-BD21-11DE-BAF9-F083B629B442}', 'FUNDTYPE', '46', 2017, null, '外单位捐赠未限定用途的财物', '000000');
insert into SYS_RIGHT_GROUP_DETAIL (right_group_id, ele_code, ele_value, set_year, last_ver, ele_name, RG_CODE)
values ('{2E031D66-BD21-11DE-BAF9-F083B629B442}', 'FUNDTYPE', '47', 2017, null, '其他单位对本单位的补助', '000000');
insert into SYS_RIGHT_GROUP_DETAIL (right_group_id, ele_code, ele_value, set_year, last_ver, ele_name, RG_CODE)
values ('{2E031D66-BD21-11DE-BAF9-F083B629B442}', 'FUNDTYPE', '48', 2017, null, '上级补助收入', '000000');
insert into SYS_RIGHT_GROUP_DETAIL (right_group_id, ele_code, ele_value, set_year, last_ver, ele_name, RG_CODE)
values ('{DE8D2A55-BD20-11DE-BAF9-F083B629B442}', 'FUNDTYPE', '1', 2017, null, '预算内', '000000');
insert into SYS_RIGHT_GROUP_DETAIL (right_group_id, ele_code, ele_value, set_year, last_ver, ele_name, RG_CODE)
values ('{DE8D2A55-BD20-11DE-BAF9-F083B629B442}', 'FUNDTYPE', '11', 2017, null, '一般预算', '000000');
insert into SYS_RIGHT_GROUP_DETAIL (right_group_id, ele_code, ele_value, set_year, last_ver, ele_name, RG_CODE)
values ('{DE8D2A55-BD20-11DE-BAF9-F083B629B442}', 'FUNDTYPE', '12', 2017, null, '政府性基金', '000000');
insert into SYS_RIGHT_GROUP_DETAIL (right_group_id, ele_code, ele_value, set_year, last_ver, ele_name, RG_CODE)
values ('{DE8D2A55-BD20-11DE-BAF9-F083B629B442}', 'FUNDTYPE', '13', 2017, null, '专项收入', '000000');
insert into SYS_RIGHT_GROUP_DETAIL (right_group_id, ele_code, ele_value, set_year, last_ver, ele_name, RG_CODE)
values ('{DE8D2A55-BD20-11DE-BAF9-F083B629B442}', 'FUNDTYPE', '14', 2017, null, '行政事业性收费', '000000');
insert into SYS_RIGHT_GROUP_DETAIL (right_group_id, ele_code, ele_value, set_year, last_ver, ele_name, RG_CODE)
values ('{DE8D2A55-BD20-11DE-BAF9-F083B629B442}', 'FUNDTYPE', '15', 2017, null, '国有资本经营', '000000');
insert into SYS_RIGHT_GROUP_DETAIL (right_group_id, ele_code, ele_value, set_year, last_ver, ele_name, RG_CODE)
values ('{DE8D2A55-BD20-11DE-BAF9-F083B629B442}', 'FUNDTYPE', '16', 2017, null, '罚没收入', '000000');
insert into SYS_RIGHT_GROUP_DETAIL (right_group_id, ele_code, ele_value, set_year, last_ver, ele_name, RG_CODE)
values ('{DE8D2A55-BD20-11DE-BAF9-F083B629B442}', 'FUNDTYPE', '17', 2017, null, '其他收入', '000000');
insert into SYS_RIGHT_GROUP_DETAIL (right_group_id, ele_code, ele_value, set_year, last_ver, ele_name, RG_CODE)
values ('{DE8D2A55-BD20-11DE-BAF9-F083B629B442}', 'FUNDTYPE', '2', 2017, null, '预算外', '000000');
insert into SYS_RIGHT_GROUP_DETAIL (right_group_id, ele_code, ele_value, set_year, last_ver, ele_name, RG_CODE)
values ('{DE8D2A55-BD20-11DE-BAF9-F083B629B442}', 'FUNDTYPE', '21', 2017, null, '行政事业性收费', '000000');
insert into SYS_RIGHT_GROUP_DETAIL (right_group_id, ele_code, ele_value, set_year, last_ver, ele_name, RG_CODE)
values ('{DE8D2A55-BD20-11DE-BAF9-F083B629B442}', 'FUNDTYPE', '22', 2017, null, '国有资源（资产）有偿使用', '000000');
insert into SYS_RIGHT_GROUP_DETAIL (right_group_id, ele_code, ele_value, set_year, last_ver, ele_name, RG_CODE)
values ('{DE8D2A55-BD20-11DE-BAF9-F083B629B442}', 'FUNDTYPE', '23', 2017, null, '彩票资金', '000000');
insert into SYS_RIGHT_GROUP_DETAIL (right_group_id, ele_code, ele_value, set_year, last_ver, ele_name, RG_CODE)
values ('{DE8D2A55-BD20-11DE-BAF9-F083B629B442}', 'FUNDTYPE', '3', 2017, null, '社会保险基金收入', '000000');
insert into SYS_RIGHT_GROUP_DETAIL (right_group_id, ele_code, ele_value, set_year, last_ver, ele_name, RG_CODE)
values ('{DE8D2A55-BD20-11DE-BAF9-F083B629B442}', 'FUNDTYPE', '31', 2017, null, '基本养老保险收入', '000000');
insert into SYS_RIGHT_GROUP_DETAIL (right_group_id, ele_code, ele_value, set_year, last_ver, ele_name, RG_CODE)
values ('{DE8D2A55-BD20-11DE-BAF9-F083B629B442}', 'FUNDTYPE', '32', 2017, null, '失业保险基金收入', '000000');
insert into SYS_RIGHT_GROUP_DETAIL (right_group_id, ele_code, ele_value, set_year, last_ver, ele_name, RG_CODE)
values ('{DE8D2A55-BD20-11DE-BAF9-F083B629B442}', 'FUNDTYPE', '33', 2017, null, '基本医疗保险基金收入', '000000');
insert into SYS_RIGHT_GROUP_DETAIL (right_group_id, ele_code, ele_value, set_year, last_ver, ele_name, RG_CODE)
values ('{DE8D2A55-BD20-11DE-BAF9-F083B629B442}', 'FUNDTYPE', '34', 2017, null, '工伤保险基金收入', '000000');
insert into SYS_RIGHT_GROUP_DETAIL (right_group_id, ele_code, ele_value, set_year, last_ver, ele_name, RG_CODE)
values ('{DE8D2A55-BD20-11DE-BAF9-F083B629B442}', 'FUNDTYPE', '35', 2017, null, '生育保险基金收入', '000000');
insert into SYS_RIGHT_GROUP_DETAIL (right_group_id, ele_code, ele_value, set_year, last_ver, ele_name, RG_CODE)
values ('{DE8D2A55-BD20-11DE-BAF9-F083B629B442}', 'FUNDTYPE', '39', 2017, null, '其他社会保险基金收入', '000000');
insert into SYS_RIGHT_GROUP_DETAIL (right_group_id, ele_code, ele_value, set_year, last_ver, ele_name, RG_CODE)
values ('{DE8D2A55-BD20-11DE-BAF9-F083B629B442}', 'FUNDTYPE', '4', 2017, null, '其他', '000000');
insert into SYS_RIGHT_GROUP_DETAIL (right_group_id, ele_code, ele_value, set_year, last_ver, ele_name, RG_CODE)
values ('{DE8D2A55-BD20-11DE-BAF9-F083B629B442}', 'FUNDTYPE', '41', 2017, null, '零星杂项收入', '000000');
insert into SYS_RIGHT_GROUP_DETAIL (right_group_id, ele_code, ele_value, set_year, last_ver, ele_name, RG_CODE)
values ('{DE8D2A55-BD20-11DE-BAF9-F083B629B442}', 'FUNDTYPE', '42', 2017, null, '有偿服务收入', '000000');
insert into SYS_RIGHT_GROUP_DETAIL (right_group_id, ele_code, ele_value, set_year, last_ver, ele_name, RG_CODE)
values ('{DE8D2A55-BD20-11DE-BAF9-F083B629B442}', 'FUNDTYPE', '43', 2017, null, '有价证券及银行存款利息收入', '000000');
insert into SYS_RIGHT_GROUP_DETAIL (right_group_id, ele_code, ele_value, set_year, last_ver, ele_name, RG_CODE)
values ('{DE8D2A55-BD20-11DE-BAF9-F083B629B442}', 'FUNDTYPE', '44', 2017, null, '对外投资收益', '000000');
insert into SYS_RIGHT_GROUP_DETAIL (right_group_id, ele_code, ele_value, set_year, last_ver, ele_name, RG_CODE)
values ('{DE8D2A55-BD20-11DE-BAF9-F083B629B442}', 'FUNDTYPE', '45', 2017, null, '固定资产出租', '000000');
insert into SYS_RIGHT_GROUP_DETAIL (right_group_id, ele_code, ele_value, set_year, last_ver, ele_name, RG_CODE)
values ('{DE8D2A55-BD20-11DE-BAF9-F083B629B442}', 'FUNDTYPE', '46', 2017, null, '外单位捐赠未限定用途的财物', '000000');
insert into SYS_RIGHT_GROUP_DETAIL (right_group_id, ele_code, ele_value, set_year, last_ver, ele_name, RG_CODE)
values ('{DE8D2A55-BD20-11DE-BAF9-F083B629B442}', 'FUNDTYPE', '47', 2017, null, '其他单位对本单位的补助', '000000');
insert into SYS_RIGHT_GROUP_DETAIL (right_group_id, ele_code, ele_value, set_year, last_ver, ele_name, RG_CODE)
values ('{DE8D2A55-BD20-11DE-BAF9-F083B629B442}', 'FUNDTYPE', '48', 2017, null, '上级补助收入', '000000');
insert into SYS_RIGHT_GROUP_DETAIL (right_group_id, ele_code, ele_value, set_year, last_ver, ele_name, RG_CODE)
values ('{C625E748-BD66-11DE-B07E-ED2BBC511835}', 'FUNDTYPE', '1', 2017, null, '预算内', '000000');
insert into SYS_RIGHT_GROUP_DETAIL (right_group_id, ele_code, ele_value, set_year, last_ver, ele_name, RG_CODE)
values ('{C625E748-BD66-11DE-B07E-ED2BBC511835}', 'FUNDTYPE', '11', 2017, null, '一般预算', '000000');
insert into SYS_RIGHT_GROUP_DETAIL (right_group_id, ele_code, ele_value, set_year, last_ver, ele_name, RG_CODE)
values ('{C625E748-BD66-11DE-B07E-ED2BBC511835}', 'FUNDTYPE', '12', 2017, null, '政府性基金', '000000');
insert into SYS_RIGHT_GROUP_DETAIL (right_group_id, ele_code, ele_value, set_year, last_ver, ele_name, RG_CODE)
values ('{C625E748-BD66-11DE-B07E-ED2BBC511835}', 'FUNDTYPE', '13', 2017, null, '专项收入', '000000');
insert into SYS_RIGHT_GROUP_DETAIL (right_group_id, ele_code, ele_value, set_year, last_ver, ele_name, RG_CODE)
values ('{C625E748-BD66-11DE-B07E-ED2BBC511835}', 'FUNDTYPE', '14', 2017, null, '行政事业性收费', '000000');
insert into SYS_RIGHT_GROUP_DETAIL (right_group_id, ele_code, ele_value, set_year, last_ver, ele_name, RG_CODE)
values ('{C625E748-BD66-11DE-B07E-ED2BBC511835}', 'FUNDTYPE', '15', 2017, null, '国有资本经营', '000000');
insert into SYS_RIGHT_GROUP_DETAIL (right_group_id, ele_code, ele_value, set_year, last_ver, ele_name, RG_CODE)
values ('{C625E748-BD66-11DE-B07E-ED2BBC511835}', 'FUNDTYPE', '16', 2017, null, '罚没收入', '000000');
insert into SYS_RIGHT_GROUP_DETAIL (right_group_id, ele_code, ele_value, set_year, last_ver, ele_name, RG_CODE)
values ('{C625E748-BD66-11DE-B07E-ED2BBC511835}', 'FUNDTYPE', '17', 2017, null, '其他收入', '000000');
insert into SYS_RIGHT_GROUP_DETAIL (right_group_id, ele_code, ele_value, set_year, last_ver, ele_name, RG_CODE)
values ('{C625E748-BD66-11DE-B07E-ED2BBC511835}', 'FUNDTYPE', '2', 2017, null, '预算外', '000000');
insert into SYS_RIGHT_GROUP_DETAIL (right_group_id, ele_code, ele_value, set_year, last_ver, ele_name, RG_CODE)
values ('{C625E748-BD66-11DE-B07E-ED2BBC511835}', 'FUNDTYPE', '21', 2017, null, '行政事业性收费', '000000');
insert into SYS_RIGHT_GROUP_DETAIL (right_group_id, ele_code, ele_value, set_year, last_ver, ele_name, RG_CODE)
values ('{C625E748-BD66-11DE-B07E-ED2BBC511835}', 'FUNDTYPE', '22', 2017, null, '国有资源（资产）有偿使用', '000000');
insert into SYS_RIGHT_GROUP_DETAIL (right_group_id, ele_code, ele_value, set_year, last_ver, ele_name, RG_CODE)
values ('{C625E748-BD66-11DE-B07E-ED2BBC511835}', 'FUNDTYPE', '23', 2017, null, '彩票资金', '000000');
insert into SYS_RIGHT_GROUP_DETAIL (right_group_id, ele_code, ele_value, set_year, last_ver, ele_name, RG_CODE)
values ('{C625E748-BD66-11DE-B07E-ED2BBC511835}', 'FUNDTYPE', '3', 2017, null, '社会保险基金收入', '000000');
insert into SYS_RIGHT_GROUP_DETAIL (right_group_id, ele_code, ele_value, set_year, last_ver, ele_name, RG_CODE)
values ('{C625E748-BD66-11DE-B07E-ED2BBC511835}', 'FUNDTYPE', '31', 2017, null, '基本养老保险收入', '000000');
insert into SYS_RIGHT_GROUP_DETAIL (right_group_id, ele_code, ele_value, set_year, last_ver, ele_name, RG_CODE)
values ('{C625E748-BD66-11DE-B07E-ED2BBC511835}', 'FUNDTYPE', '32', 2017, null, '失业保险基金收入', '000000');
insert into SYS_RIGHT_GROUP_DETAIL (right_group_id, ele_code, ele_value, set_year, last_ver, ele_name, RG_CODE)
values ('{C625E748-BD66-11DE-B07E-ED2BBC511835}', 'FUNDTYPE', '33', 2017, null, '基本医疗保险基金收入', '000000');
insert into SYS_RIGHT_GROUP_DETAIL (right_group_id, ele_code, ele_value, set_year, last_ver, ele_name, RG_CODE)
values ('{C625E748-BD66-11DE-B07E-ED2BBC511835}', 'FUNDTYPE', '34', 2017, null, '工伤保险基金收入', '000000');
insert into SYS_RIGHT_GROUP_DETAIL (right_group_id, ele_code, ele_value, set_year, last_ver, ele_name, RG_CODE)
values ('{C625E748-BD66-11DE-B07E-ED2BBC511835}', 'FUNDTYPE', '35', 2017, null, '生育保险基金收入', '000000');
insert into SYS_RIGHT_GROUP_DETAIL (right_group_id, ele_code, ele_value, set_year, last_ver, ele_name, RG_CODE)
values ('{C625E748-BD66-11DE-B07E-ED2BBC511835}', 'FUNDTYPE', '39', 2017, null, '其他社会保险基金收入', '000000');
insert into SYS_RIGHT_GROUP_DETAIL (right_group_id, ele_code, ele_value, set_year, last_ver, ele_name, RG_CODE)
values ('{C625E748-BD66-11DE-B07E-ED2BBC511835}', 'FUNDTYPE', '4', 2017, null, '其他', '000000');
insert into SYS_RIGHT_GROUP_DETAIL (right_group_id, ele_code, ele_value, set_year, last_ver, ele_name, RG_CODE)
values ('{C625E748-BD66-11DE-B07E-ED2BBC511835}', 'FUNDTYPE', '41', 2017, null, '零星杂项收入', '000000');
insert into SYS_RIGHT_GROUP_DETAIL (right_group_id, ele_code, ele_value, set_year, last_ver, ele_name, RG_CODE)
values ('{C625E748-BD66-11DE-B07E-ED2BBC511835}', 'FUNDTYPE', '42', 2017, null, '有偿服务收入', '000000');
insert into SYS_RIGHT_GROUP_DETAIL (right_group_id, ele_code, ele_value, set_year, last_ver, ele_name, RG_CODE)
values ('{C625E748-BD66-11DE-B07E-ED2BBC511835}', 'FUNDTYPE', '43', 2017, null, '有价证券及银行存款利息收入', '000000');

insert into SYS_RIGHT_GROUP_DETAIL (right_group_id, ele_code, ele_value, set_year, last_ver, ele_name, RG_CODE)
values ('{C625E748-BD66-11DE-B07E-ED2BBC511835}', 'FUNDTYPE', '44', 2017, null, '对外投资收益', '000000');
insert into SYS_RIGHT_GROUP_DETAIL (right_group_id, ele_code, ele_value, set_year, last_ver, ele_name, RG_CODE)
values ('{C625E748-BD66-11DE-B07E-ED2BBC511835}', 'FUNDTYPE', '45', 2017, null, '固定资产出租', '000000');
insert into SYS_RIGHT_GROUP_DETAIL (right_group_id, ele_code, ele_value, set_year, last_ver, ele_name, RG_CODE)
values ('{C625E748-BD66-11DE-B07E-ED2BBC511835}', 'FUNDTYPE', '46', 2017, null, '外单位捐赠未限定用途的财物', '000000');
insert into SYS_RIGHT_GROUP_DETAIL (right_group_id, ele_code, ele_value, set_year, last_ver, ele_name, RG_CODE)
values ('{C625E748-BD66-11DE-B07E-ED2BBC511835}', 'FUNDTYPE', '47', 2017, null, '其他单位对本单位的补助', '000000');
insert into SYS_RIGHT_GROUP_DETAIL (right_group_id, ele_code, ele_value, set_year, last_ver, ele_name, RG_CODE)
values ('{C625E748-BD66-11DE-B07E-ED2BBC511835}', 'FUNDTYPE', '48', 2017, null, '上级补助收入', '000000');
insert into SYS_RIGHT_GROUP_DETAIL (right_group_id, ele_code, ele_value, set_year, last_ver, ele_name, RG_CODE)
values ('{F0A9B14A-BD66-11DE-B07E-ED2BBC511835}', 'FUNDTYPE', '1', 2017, null, '预算内', '000000');
insert into SYS_RIGHT_GROUP_DETAIL (right_group_id, ele_code, ele_value, set_year, last_ver, ele_name, RG_CODE)
values ('{F0A9B14A-BD66-11DE-B07E-ED2BBC511835}', 'FUNDTYPE', '11', 2017, null, '一般预算', '000000');
insert into SYS_RIGHT_GROUP_DETAIL (right_group_id, ele_code, ele_value, set_year, last_ver, ele_name, RG_CODE)
values ('{F0A9B14A-BD66-11DE-B07E-ED2BBC511835}', 'FUNDTYPE', '12', 2017, null, '政府性基金', '000000');
insert into SYS_RIGHT_GROUP_DETAIL (right_group_id, ele_code, ele_value, set_year, last_ver, ele_name, RG_CODE)
values ('{F0A9B14A-BD66-11DE-B07E-ED2BBC511835}', 'FUNDTYPE', '13', 2017, null, '专项收入', '000000');
insert into SYS_RIGHT_GROUP_DETAIL (right_group_id, ele_code, ele_value, set_year, last_ver, ele_name, RG_CODE)
values ('{F0A9B14A-BD66-11DE-B07E-ED2BBC511835}', 'FUNDTYPE', '14', 2017, null, '行政事业性收费', '000000');
insert into SYS_RIGHT_GROUP_DETAIL (right_group_id, ele_code, ele_value, set_year, last_ver, ele_name, RG_CODE)
values ('{F0A9B14A-BD66-11DE-B07E-ED2BBC511835}', 'FUNDTYPE', '15', 2017, null, '国有资本经营', '000000');
insert into SYS_RIGHT_GROUP_DETAIL (right_group_id, ele_code, ele_value, set_year, last_ver, ele_name, RG_CODE)
values ('{F0A9B14A-BD66-11DE-B07E-ED2BBC511835}', 'FUNDTYPE', '16', 2017, null, '罚没收入', '000000');
insert into SYS_RIGHT_GROUP_DETAIL (right_group_id, ele_code, ele_value, set_year, last_ver, ele_name, RG_CODE)
values ('{F0A9B14A-BD66-11DE-B07E-ED2BBC511835}', 'FUNDTYPE', '17', 2017, null, '其他收入', '000000');
insert into SYS_RIGHT_GROUP_DETAIL (right_group_id, ele_code, ele_value, set_year, last_ver, ele_name, RG_CODE)
values ('{F0A9B14A-BD66-11DE-B07E-ED2BBC511835}', 'FUNDTYPE', '2', 2017, null, '预算外', '000000');
insert into SYS_RIGHT_GROUP_DETAIL (right_group_id, ele_code, ele_value, set_year, last_ver, ele_name, RG_CODE)
values ('{F0A9B14A-BD66-11DE-B07E-ED2BBC511835}', 'FUNDTYPE', '21', 2017, null, '行政事业性收费', '000000');
insert into SYS_RIGHT_GROUP_DETAIL (right_group_id, ele_code, ele_value, set_year, last_ver, ele_name, RG_CODE)
values ('{F0A9B14A-BD66-11DE-B07E-ED2BBC511835}', 'FUNDTYPE', '22', 2017, null, '国有资源（资产）有偿使用', '000000');
insert into SYS_RIGHT_GROUP_DETAIL (right_group_id, ele_code, ele_value, set_year, last_ver, ele_name, RG_CODE)
values ('{F0A9B14A-BD66-11DE-B07E-ED2BBC511835}', 'FUNDTYPE', '23', 2017, null, '彩票资金', '000000');
insert into SYS_RIGHT_GROUP_DETAIL (right_group_id, ele_code, ele_value, set_year, last_ver, ele_name, RG_CODE)
values ('{F0A9B14A-BD66-11DE-B07E-ED2BBC511835}', 'FUNDTYPE', '3', 2017, null, '社会保险基金收入', '000000');
insert into SYS_RIGHT_GROUP_DETAIL (right_group_id, ele_code, ele_value, set_year, last_ver, ele_name, RG_CODE)
values ('{F0A9B14A-BD66-11DE-B07E-ED2BBC511835}', 'FUNDTYPE', '31', 2017, null, '基本养老保险收入', '000000');
insert into SYS_RIGHT_GROUP_DETAIL (right_group_id, ele_code, ele_value, set_year, last_ver, ele_name, RG_CODE)
values ('{F0A9B14A-BD66-11DE-B07E-ED2BBC511835}', 'FUNDTYPE', '32', 2017, null, '失业保险基金收入', '000000');
insert into SYS_RIGHT_GROUP_DETAIL (right_group_id, ele_code, ele_value, set_year, last_ver, ele_name, RG_CODE)
values ('{F0A9B14A-BD66-11DE-B07E-ED2BBC511835}', 'FUNDTYPE', '33', 2017, null, '基本医疗保险基金收入', '000000');
insert into SYS_RIGHT_GROUP_DETAIL (right_group_id, ele_code, ele_value, set_year, last_ver, ele_name, RG_CODE)
values ('{F0A9B14A-BD66-11DE-B07E-ED2BBC511835}', 'FUNDTYPE', '34', 2017, null, '工伤保险基金收入', '000000');
insert into SYS_RIGHT_GROUP_DETAIL (right_group_id, ele_code, ele_value, set_year, last_ver, ele_name, RG_CODE)
values ('{F0A9B14A-BD66-11DE-B07E-ED2BBC511835}', 'FUNDTYPE', '35', 2017, null, '生育保险基金收入', '000000');
insert into SYS_RIGHT_GROUP_DETAIL (right_group_id, ele_code, ele_value, set_year, last_ver, ele_name, RG_CODE)
values ('{F0A9B14A-BD66-11DE-B07E-ED2BBC511835}', 'FUNDTYPE', '39', 2017, null, '其他社会保险基金收入', '000000');
insert into SYS_RIGHT_GROUP_DETAIL (right_group_id, ele_code, ele_value, set_year, last_ver, ele_name, RG_CODE)
values ('{F0A9B14A-BD66-11DE-B07E-ED2BBC511835}', 'FUNDTYPE', '4', 2017, null, '其他', '000000');
insert into SYS_RIGHT_GROUP_DETAIL (right_group_id, ele_code, ele_value, set_year, last_ver, ele_name, RG_CODE)
values ('{F0A9B14A-BD66-11DE-B07E-ED2BBC511835}', 'FUNDTYPE', '41', 2017, null, '零星杂项收入', '000000');
insert into SYS_RIGHT_GROUP_DETAIL (right_group_id, ele_code, ele_value, set_year, last_ver, ele_name, RG_CODE)
values ('{F0A9B14A-BD66-11DE-B07E-ED2BBC511835}', 'FUNDTYPE', '42', 2017, null, '有偿服务收入', '000000');
insert into SYS_RIGHT_GROUP_DETAIL (right_group_id, ele_code, ele_value, set_year, last_ver, ele_name, RG_CODE)
values ('{F0A9B14A-BD66-11DE-B07E-ED2BBC511835}', 'FUNDTYPE', '43', 2017, null, '有价证券及银行存款利息收入', '000000');
insert into SYS_RIGHT_GROUP_DETAIL (right_group_id, ele_code, ele_value, set_year, last_ver, ele_name, RG_CODE)
values ('{F0A9B14A-BD66-11DE-B07E-ED2BBC511835}', 'FUNDTYPE', '44', 2017, null, '对外投资收益', '000000');
insert into SYS_RIGHT_GROUP_DETAIL (right_group_id, ele_code, ele_value, set_year, last_ver, ele_name, RG_CODE)
values ('{F0A9B14A-BD66-11DE-B07E-ED2BBC511835}', 'FUNDTYPE', '45', 2017, null, '固定资产出租', '000000');
insert into SYS_RIGHT_GROUP_DETAIL (right_group_id, ele_code, ele_value, set_year, last_ver, ele_name, RG_CODE)
values ('{F0A9B14A-BD66-11DE-B07E-ED2BBC511835}', 'FUNDTYPE', '46', 2017, null, '外单位捐赠未限定用途的财物', '000000');
insert into SYS_RIGHT_GROUP_DETAIL (right_group_id, ele_code, ele_value, set_year, last_ver, ele_name, RG_CODE)
values ('{F0A9B14A-BD66-11DE-B07E-ED2BBC511835}', 'FUNDTYPE', '47', 2017, null, '其他单位对本单位的补助', '000000');
insert into SYS_RIGHT_GROUP_DETAIL (right_group_id, ele_code, ele_value, set_year, last_ver, ele_name, RG_CODE)
values ('{F0A9B14A-BD66-11DE-B07E-ED2BBC511835}', 'FUNDTYPE', '48', 2017, null, '上级补助收入', '000000');
insert into SYS_RIGHT_GROUP_DETAIL (right_group_id, ele_code, ele_value, set_year, last_ver, ele_name, RG_CODE)
values ('{FB82A5E9-C2EB-11DE-BD06-B8E82BBC371A}', 'ZFCGBS', '0', 2017, null, '否', '000000');
insert into SYS_RIGHT_GROUP_DETAIL (right_group_id, ele_code, ele_value, set_year, last_ver, ele_name, RG_CODE)
values ('{FB82A5E9-C2EB-11DE-BD06-B8E82BBC371A}', 'FUNDTYPE', '1', 2017, null, '预算内', '000000');
insert into SYS_RIGHT_GROUP_DETAIL (right_group_id, ele_code, ele_value, set_year, last_ver, ele_name, RG_CODE)
values ('{FB82A5E9-C2EB-11DE-BD06-B8E82BBC371A}', 'FUNDTYPE', '11', 2017, null, '一般预算', '000000');
insert into SYS_RIGHT_GROUP_DETAIL (right_group_id, ele_code, ele_value, set_year, last_ver, ele_name, RG_CODE)
values ('{FB82A5E9-C2EB-11DE-BD06-B8E82BBC371A}', 'FUNDTYPE', '12', 2017, null, '政府性基金', '000000');
insert into SYS_RIGHT_GROUP_DETAIL (right_group_id, ele_code, ele_value, set_year, last_ver, ele_name, RG_CODE)
values ('{FB82A5E9-C2EB-11DE-BD06-B8E82BBC371A}', 'FUNDTYPE', '13', 2017, null, '专项收入', '000000');
insert into SYS_RIGHT_GROUP_DETAIL (right_group_id, ele_code, ele_value, set_year, last_ver, ele_name, RG_CODE)
values ('{FB82A5E9-C2EB-11DE-BD06-B8E82BBC371A}', 'FUNDTYPE', '14', 2017, null, '行政事业性收费', '000000');
insert into SYS_RIGHT_GROUP_DETAIL (right_group_id, ele_code, ele_value, set_year, last_ver, ele_name, RG_CODE)
values ('{FB82A5E9-C2EB-11DE-BD06-B8E82BBC371A}', 'FUNDTYPE', '15', 2017, null, '国有资本经营', '000000');
insert into SYS_RIGHT_GROUP_DETAIL (right_group_id, ele_code, ele_value, set_year, last_ver, ele_name, RG_CODE)
values ('{FB82A5E9-C2EB-11DE-BD06-B8E82BBC371A}', 'FUNDTYPE', '16', 2017, null, '罚没收入', '000000');
insert into SYS_RIGHT_GROUP_DETAIL (right_group_id, ele_code, ele_value, set_year, last_ver, ele_name, RG_CODE)
values ('{FB82A5E9-C2EB-11DE-BD06-B8E82BBC371A}', 'FUNDTYPE', '17', 2017, null, '其他收入', '000000');
insert into SYS_RIGHT_GROUP_DETAIL (right_group_id, ele_code, ele_value, set_year, last_ver, ele_name, RG_CODE)
values ('{FB82A5E9-C2EB-11DE-BD06-B8E82BBC371A}', 'FUNDTYPE', '2', 2017, null, '预算外', '000000');
insert into SYS_RIGHT_GROUP_DETAIL (right_group_id, ele_code, ele_value, set_year, last_ver, ele_name, RG_CODE)
values ('{FB82A5E9-C2EB-11DE-BD06-B8E82BBC371A}', 'FUNDTYPE', '21', 2017, null, '行政事业性收费', '000000');
insert into SYS_RIGHT_GROUP_DETAIL (right_group_id, ele_code, ele_value, set_year, last_ver, ele_name, RG_CODE)
values ('{FB82A5E9-C2EB-11DE-BD06-B8E82BBC371A}', 'FUNDTYPE', '22', 2017, null, '国有资源（资产）有偿使用', '000000');
insert into SYS_RIGHT_GROUP_DETAIL (right_group_id, ele_code, ele_value, set_year, last_ver, ele_name, RG_CODE)
values ('{FB82A5E9-C2EB-11DE-BD06-B8E82BBC371A}', 'FUNDTYPE', '23', 2017, null, '彩票资金', '000000');
insert into SYS_RIGHT_GROUP_DETAIL (right_group_id, ele_code, ele_value, set_year, last_ver, ele_name, RG_CODE)
values ('{FB82A5E9-C2EB-11DE-BD06-B8E82BBC371A}', 'FUNDTYPE', '3', 2017, null, '社会保险基金收入', '000000');
insert into SYS_RIGHT_GROUP_DETAIL (right_group_id, ele_code, ele_value, set_year, last_ver, ele_name, RG_CODE)
values ('{FB82A5E9-C2EB-11DE-BD06-B8E82BBC371A}', 'FUNDTYPE', '31', 2017, null, '基本养老保险收入', '000000');
insert into SYS_RIGHT_GROUP_DETAIL (right_group_id, ele_code, ele_value, set_year, last_ver, ele_name, RG_CODE)
values ('{FB82A5E9-C2EB-11DE-BD06-B8E82BBC371A}', 'FUNDTYPE', '32', 2017, null, '失业保险基金收入', '000000');
insert into SYS_RIGHT_GROUP_DETAIL (right_group_id, ele_code, ele_value, set_year, last_ver, ele_name, RG_CODE)
values ('{FB82A5E9-C2EB-11DE-BD06-B8E82BBC371A}', 'FUNDTYPE', '33', 2017, null, '基本医疗保险基金收入', '000000');
insert into SYS_RIGHT_GROUP_DETAIL (right_group_id, ele_code, ele_value, set_year, last_ver, ele_name, RG_CODE)
values ('{FB82A5E9-C2EB-11DE-BD06-B8E82BBC371A}', 'FUNDTYPE', '34', 2017, null, '工伤保险基金收入', '000000');
insert into SYS_RIGHT_GROUP_DETAIL (right_group_id, ele_code, ele_value, set_year, last_ver, ele_name, RG_CODE)
values ('{FB82A5E9-C2EB-11DE-BD06-B8E82BBC371A}', 'FUNDTYPE', '35', 2017, null, '生育保险基金收入', '000000');
insert into SYS_RIGHT_GROUP_DETAIL (right_group_id, ele_code, ele_value, set_year, last_ver, ele_name, RG_CODE)
values ('{FB82A5E9-C2EB-11DE-BD06-B8E82BBC371A}', 'FUNDTYPE', '39', 2017, null, '其他社会保险基金收入', '000000');
insert into SYS_RIGHT_GROUP_DETAIL (right_group_id, ele_code, ele_value, set_year, last_ver, ele_name, RG_CODE)
values ('{FB82A5E9-C2EB-11DE-BD06-B8E82BBC371A}', 'FUNDTYPE', '4', 2017, null, '其他', '000000');
insert into SYS_RIGHT_GROUP_DETAIL (right_group_id, ele_code, ele_value, set_year, last_ver, ele_name, RG_CODE)
values ('{FB82A5E9-C2EB-11DE-BD06-B8E82BBC371A}', 'FUNDTYPE', '41', 2017, null, '零星杂项收入', '000000');
insert into SYS_RIGHT_GROUP_DETAIL (right_group_id, ele_code, ele_value, set_year, last_ver, ele_name, RG_CODE)
values ('{FB82A5E9-C2EB-11DE-BD06-B8E82BBC371A}', 'FUNDTYPE', '42', 2017, null, '有偿服务收入', '000000');
insert into SYS_RIGHT_GROUP_DETAIL (right_group_id, ele_code, ele_value, set_year, last_ver, ele_name, RG_CODE)
values ('{FB82A5E9-C2EB-11DE-BD06-B8E82BBC371A}', 'FUNDTYPE', '43', 2017, null, '有价证券及银行存款利息收入', '000000');
insert into SYS_RIGHT_GROUP_DETAIL (right_group_id, ele_code, ele_value, set_year, last_ver, ele_name, RG_CODE)
values ('{FB82A5E9-C2EB-11DE-BD06-B8E82BBC371A}', 'FUNDTYPE', '44', 2017, null, '对外投资收益', '000000');
insert into SYS_RIGHT_GROUP_DETAIL (right_group_id, ele_code, ele_value, set_year, last_ver, ele_name, RG_CODE)
values ('{FB82A5E9-C2EB-11DE-BD06-B8E82BBC371A}', 'FUNDTYPE', '45', 2017, null, '固定资产出租', '000000');
insert into SYS_RIGHT_GROUP_DETAIL (right_group_id, ele_code, ele_value, set_year, last_ver, ele_name, RG_CODE)
values ('{FB82A5E9-C2EB-11DE-BD06-B8E82BBC371A}', 'FUNDTYPE', '46', 2017, null, '外单位捐赠未限定用途的财物', '000000');
insert into SYS_RIGHT_GROUP_DETAIL (right_group_id, ele_code, ele_value, set_year, last_ver, ele_name, RG_CODE)
values ('{FB82A5E9-C2EB-11DE-BD06-B8E82BBC371A}', 'FUNDTYPE', '47', 2017, null, '其他单位对本单位的补助', '000000');
insert into SYS_RIGHT_GROUP_DETAIL (right_group_id, ele_code, ele_value, set_year, last_ver, ele_name, RG_CODE)
values ('{FB82A5E9-C2EB-11DE-BD06-B8E82BBC371A}', 'FUNDTYPE', '48', 2017, null, '上级补助收入', '000000');
insert into SYS_RIGHT_GROUP_DETAIL (right_group_id, ele_code, ele_value, set_year, last_ver, ele_name, RG_CODE)
values ('{D2D776A5-0D34-11DE-96A1-A60521A0849D}', 'EXPFUNC', '#', 2017, null, null, '000000');
insert into SYS_RIGHT_GROUP_DETAIL (right_group_id, ele_code, ele_value, set_year, last_ver, ele_name, RG_CODE)
values ('{D2D776A5-0D34-11DE-96A1-A60521A0849D}', 'AGENCY', '#', 2017, null, null, '000000');
insert into SYS_RIGHT_GROUP_DETAIL (right_group_id, ele_code, ele_value, set_year, last_ver, ele_name, RG_CODE)
values ('{D2D776A5-0D34-11DE-96A1-A60521A0849D}', 'MB', '#', 2017, null, null, '000000');
insert into SYS_RIGHT_GROUP_DETAIL (right_group_id, ele_code, ele_value, set_year, last_ver, ele_name, RG_CODE)
values ('{D2D776A5-0D34-11DE-96A1-A60521A0849D}', 'FUNDTYPE', '#', 2017, null, null, '000000');
insert into SYS_RIGHT_GROUP_DETAIL (right_group_id, ele_code, ele_value, set_year, last_ver, ele_name, RG_CODE)
values ('{D2D776A5-0D34-11DE-96A1-A60521A0849D}', 'PAYTYPE', '#', 2017, null, null, '000000');
insert into SYS_RIGHT_GROUP_DETAIL (right_group_id, ele_code, ele_value, set_year, last_ver, ele_name, RG_CODE)
values ('{04ACBDB7-0C9A-11DE-893A-FF3FEA27D261}', 'FUNDTYPE', '48', 2017, null, '上级补助收入', '000000');
insert into SYS_RIGHT_GROUP_DETAIL (right_group_id, ele_code, ele_value, set_year, last_ver, ele_name, RG_CODE)
values ('{04ACBDB7-0C9A-11DE-893A-FF3FEA27D261}', 'FUNDTYPE', '47', 2017, null, '其他单位对本单位的补助', '000000');
insert into SYS_RIGHT_GROUP_DETAIL (right_group_id, ele_code, ele_value, set_year, last_ver, ele_name, RG_CODE)
values ('{04ACBDB7-0C9A-11DE-893A-FF3FEA27D261}', 'FUNDTYPE', '46', 2017, null, '外单位捐赠未限定用途的财物', '000000');
insert into SYS_RIGHT_GROUP_DETAIL (right_group_id, ele_code, ele_value, set_year, last_ver, ele_name, RG_CODE)
values ('{04ACBDB7-0C9A-11DE-893A-FF3FEA27D261}', 'FUNDTYPE', '45', 2017, null, '固定资产出租', '000000');
insert into SYS_RIGHT_GROUP_DETAIL (right_group_id, ele_code, ele_value, set_year, last_ver, ele_name, RG_CODE)
values ('{04ACBDB7-0C9A-11DE-893A-FF3FEA27D261}', 'FUNDTYPE', '44', 2017, null, '对外投资收益', '000000');
insert into SYS_RIGHT_GROUP_DETAIL (right_group_id, ele_code, ele_value, set_year, last_ver, ele_name, RG_CODE)
values ('{04ACBDB7-0C9A-11DE-893A-FF3FEA27D261}', 'FUNDTYPE', '43', 2017, null, '有价证券及银行存款利息收入', '000000');
insert into SYS_RIGHT_GROUP_DETAIL (right_group_id, ele_code, ele_value, set_year, last_ver, ele_name, RG_CODE)
values ('{04ACBDB7-0C9A-11DE-893A-FF3FEA27D261}', 'FUNDTYPE', '42', 2017, null, '有偿服务收入', '000000');
insert into SYS_RIGHT_GROUP_DETAIL (right_group_id, ele_code, ele_value, set_year, last_ver, ele_name, RG_CODE)
values ('{04ACBDB7-0C9A-11DE-893A-FF3FEA27D261}', 'FUNDTYPE', '41', 2017, null, '零星杂项收入', '000000');
insert into SYS_RIGHT_GROUP_DETAIL (right_group_id, ele_code, ele_value, set_year, last_ver, ele_name, RG_CODE)
values ('{04ACBDB7-0C9A-11DE-893A-FF3FEA27D261}', 'FUNDTYPE', '4', 2017, null, '其他', '000000');
insert into SYS_RIGHT_GROUP_DETAIL (right_group_id, ele_code, ele_value, set_year, last_ver, ele_name, RG_CODE)
values ('{058F89AF-8064-11DC-B80A-ED0541E1F351}', 'ZFCGBS', '1', 2017, null, '是', '000000');
insert into SYS_RIGHT_GROUP_DETAIL (right_group_id, ele_code, ele_value, set_year, last_ver, ele_name, RG_CODE)
values ('{073B1EDE-0C9C-11DE-893A-FF3FEA27D261}', 'FUNDTYPE', '48', 2017, null, '上级补助收入', '000000');
insert into SYS_RIGHT_GROUP_DETAIL (right_group_id, ele_code, ele_value, set_year, last_ver, ele_name, RG_CODE)
values ('{073B1EDE-0C9C-11DE-893A-FF3FEA27D261}', 'FUNDTYPE', '47', 2017, null, '其他单位对本单位的补助', '000000');
insert into SYS_RIGHT_GROUP_DETAIL (right_group_id, ele_code, ele_value, set_year, last_ver, ele_name, RG_CODE)
values ('{073B1EDE-0C9C-11DE-893A-FF3FEA27D261}', 'FUNDTYPE', '46', 2017, null, '外单位捐赠未限定用途的财物', '000000');
insert into SYS_RIGHT_GROUP_DETAIL (right_group_id, ele_code, ele_value, set_year, last_ver, ele_name, RG_CODE)
values ('{073B1EDE-0C9C-11DE-893A-FF3FEA27D261}', 'FUNDTYPE', '45', 2017, null, '固定资产出租', '000000');
insert into SYS_RIGHT_GROUP_DETAIL (right_group_id, ele_code, ele_value, set_year, last_ver, ele_name, RG_CODE)
values ('{073B1EDE-0C9C-11DE-893A-FF3FEA27D261}', 'FUNDTYPE', '44', 2017, null, '对外投资收益', '000000');
insert into SYS_RIGHT_GROUP_DETAIL (right_group_id, ele_code, ele_value, set_year, last_ver, ele_name, RG_CODE)
values ('{073B1EDE-0C9C-11DE-893A-FF3FEA27D261}', 'FUNDTYPE', '43', 2017, null, '有价证券及银行存款利息收入', '000000');
insert into SYS_RIGHT_GROUP_DETAIL (right_group_id, ele_code, ele_value, set_year, last_ver, ele_name, RG_CODE)
values ('{073B1EDE-0C9C-11DE-893A-FF3FEA27D261}', 'FUNDTYPE', '42', 2017, null, '有偿服务收入', '000000');
insert into SYS_RIGHT_GROUP_DETAIL (right_group_id, ele_code, ele_value, set_year, last_ver, ele_name, RG_CODE)
values ('{073B1EDE-0C9C-11DE-893A-FF3FEA27D261}', 'FUNDTYPE', '41', 2017, null, '零星杂项收入', '000000');
insert into SYS_RIGHT_GROUP_DETAIL (right_group_id, ele_code, ele_value, set_year, last_ver, ele_name, RG_CODE)
values ('{073B1EDE-0C9C-11DE-893A-FF3FEA27D261}', 'FUNDTYPE', '39', 2017, null, '其他社会保险基金收入', '000000');
insert into SYS_RIGHT_GROUP_DETAIL (right_group_id, ele_code, ele_value, set_year, last_ver, ele_name, RG_CODE)
values ('{073B1EDE-0C9C-11DE-893A-FF3FEA27D261}', 'FUNDTYPE', '35', 2017, null, '生育保险基金收入', '000000');
insert into SYS_RIGHT_GROUP_DETAIL (right_group_id, ele_code, ele_value, set_year, last_ver, ele_name, RG_CODE)
values ('{073B1EDE-0C9C-11DE-893A-FF3FEA27D261}', 'FUNDTYPE', '34', 2017, null, '工伤保险基金收入', '000000');
insert into SYS_RIGHT_GROUP_DETAIL (right_group_id, ele_code, ele_value, set_year, last_ver, ele_name, RG_CODE)
values ('{073B1EDE-0C9C-11DE-893A-FF3FEA27D261}', 'FUNDTYPE', '33', 2017, null, '基本医疗保险基金收入', '000000');
insert into SYS_RIGHT_GROUP_DETAIL (right_group_id, ele_code, ele_value, set_year, last_ver, ele_name, RG_CODE)
values ('{073B1EDE-0C9C-11DE-893A-FF3FEA27D261}', 'FUNDTYPE', '32', 2017, null, '失业保险基金收入', '000000');
insert into SYS_RIGHT_GROUP_DETAIL (right_group_id, ele_code, ele_value, set_year, last_ver, ele_name, RG_CODE)
values ('{073B1EDE-0C9C-11DE-893A-FF3FEA27D261}', 'FUNDTYPE', '31', 2017, null, '基本养老保险收入', '000000');
insert into SYS_RIGHT_GROUP_DETAIL (right_group_id, ele_code, ele_value, set_year, last_ver, ele_name, RG_CODE)
values ('{073B1EDE-0C9C-11DE-893A-FF3FEA27D261}', 'FUNDTYPE', '23', 2017, null, '彩票资金', '000000');
insert into SYS_RIGHT_GROUP_DETAIL (right_group_id, ele_code, ele_value, set_year, last_ver, ele_name, RG_CODE)
values ('{073B1EDE-0C9C-11DE-893A-FF3FEA27D261}', 'FUNDTYPE', '22', 2017, null, '国有资源（资产）有偿使用', '000000');
insert into SYS_RIGHT_GROUP_DETAIL (right_group_id, ele_code, ele_value, set_year, last_ver, ele_name, RG_CODE)
values ('{073B1EDE-0C9C-11DE-893A-FF3FEA27D261}', 'FUNDTYPE', '21', 2017, null, '行政事业性收费', '000000');
insert into SYS_RIGHT_GROUP_DETAIL (right_group_id, ele_code, ele_value, set_year, last_ver, ele_name, RG_CODE)
values ('{073B1EDE-0C9C-11DE-893A-FF3FEA27D261}', 'FUNDTYPE', '17', 2017, null, '其他收入', '000000');
insert into SYS_RIGHT_GROUP_DETAIL (right_group_id, ele_code, ele_value, set_year, last_ver, ele_name, RG_CODE)
values ('{073B1EDE-0C9C-11DE-893A-FF3FEA27D261}', 'FUNDTYPE', '16', 2017, null, '罚没收入', '000000');
insert into SYS_RIGHT_GROUP_DETAIL (right_group_id, ele_code, ele_value, set_year, last_ver, ele_name, RG_CODE)
values ('{073B1EDE-0C9C-11DE-893A-FF3FEA27D261}', 'FUNDTYPE', '15', 2017, null, '国有资本经营', '000000');
insert into SYS_RIGHT_GROUP_DETAIL (right_group_id, ele_code, ele_value, set_year, last_ver, ele_name, RG_CODE)
values ('{073B1EDE-0C9C-11DE-893A-FF3FEA27D261}', 'FUNDTYPE', '14', 2017, null, '行政事业性收费', '000000');
insert into SYS_RIGHT_GROUP_DETAIL (right_group_id, ele_code, ele_value, set_year, last_ver, ele_name, RG_CODE)
values ('{073B1EDE-0C9C-11DE-893A-FF3FEA27D261}', 'FUNDTYPE', '13', 2017, null, '专项收入', '000000');
insert into SYS_RIGHT_GROUP_DETAIL (right_group_id, ele_code, ele_value, set_year, last_ver, ele_name, RG_CODE)
values ('{073B1EDE-0C9C-11DE-893A-FF3FEA27D261}', 'FUNDTYPE', '12', 2017, null, '政府性基金', '000000');

insert into SYS_RIGHT_GROUP_DETAIL (right_group_id, ele_code, ele_value, set_year, last_ver, ele_name, RG_CODE)
values ('{073B1EDE-0C9C-11DE-893A-FF3FEA27D261}', 'FUNDTYPE', '11', 2017, null, '一般预算', '000000');
insert into SYS_RIGHT_GROUP_DETAIL (right_group_id, ele_code, ele_value, set_year, last_ver, ele_name, RG_CODE)
values ('{073B1EDE-0C9C-11DE-893A-FF3FEA27D261}', 'FUNDTYPE', '4', 2017, null, '其他', '000000');
insert into SYS_RIGHT_GROUP_DETAIL (right_group_id, ele_code, ele_value, set_year, last_ver, ele_name, RG_CODE)
values ('{073B1EDE-0C9C-11DE-893A-FF3FEA27D261}', 'FUNDTYPE', '3', 2017, null, '社会保险基金收入', '000000');
insert into SYS_RIGHT_GROUP_DETAIL (right_group_id, ele_code, ele_value, set_year, last_ver, ele_name, RG_CODE)
values ('{073B1EDE-0C9C-11DE-893A-FF3FEA27D261}', 'FUNDTYPE', '2', 2017, null, '预算外', '000000');
insert into SYS_RIGHT_GROUP_DETAIL (right_group_id, ele_code, ele_value, set_year, last_ver, ele_name, RG_CODE)
values ('{073B1EDE-0C9C-11DE-893A-FF3FEA27D261}', 'FUNDTYPE', '1', 2017, null, '预算内', '000000');
insert into SYS_RIGHT_GROUP_DETAIL (right_group_id, ele_code, ele_value, set_year, last_ver, ele_name, RG_CODE)
values ('{090F57C0-0C9E-11DE-893A-FF3FEA27D261}', 'FUNDTYPE', '31', 2017, null, '基本养老保险收入', '000000');
insert into SYS_RIGHT_GROUP_DETAIL (right_group_id, ele_code, ele_value, set_year, last_ver, ele_name, RG_CODE)
values ('{090F57C0-0C9E-11DE-893A-FF3FEA27D261}', 'FUNDTYPE', '3', 2017, null, '社会保险基金收入', '000000');
insert into SYS_RIGHT_GROUP_DETAIL (right_group_id, ele_code, ele_value, set_year, last_ver, ele_name, RG_CODE)
values ('{0AD0958D-8799-11DC-AF2B-DD66E373F7A7}', 'ZFCGBS', '0', 2017, null, '否', '000000');
insert into SYS_RIGHT_GROUP_DETAIL (right_group_id, ele_code, ele_value, set_year, last_ver, ele_name, RG_CODE)
values ('{224895FB-0C9B-11DE-893A-FF3FEA27D261}', 'FUNDTYPE', '48', 2017, null, '上级补助收入', '000000');
insert into SYS_RIGHT_GROUP_DETAIL (right_group_id, ele_code, ele_value, set_year, last_ver, ele_name, RG_CODE)
values ('{224895FB-0C9B-11DE-893A-FF3FEA27D261}', 'FUNDTYPE', '47', 2017, null, '其他单位对本单位的补助', '000000');
insert into SYS_RIGHT_GROUP_DETAIL (right_group_id, ele_code, ele_value, set_year, last_ver, ele_name, RG_CODE)
values ('{224895FB-0C9B-11DE-893A-FF3FEA27D261}', 'FUNDTYPE', '46', 2017, null, '外单位捐赠未限定用途的财物', '000000');
insert into SYS_RIGHT_GROUP_DETAIL (right_group_id, ele_code, ele_value, set_year, last_ver, ele_name, RG_CODE)
values ('{224895FB-0C9B-11DE-893A-FF3FEA27D261}', 'FUNDTYPE', '45', 2017, null, '固定资产出租', '000000');
insert into SYS_RIGHT_GROUP_DETAIL (right_group_id, ele_code, ele_value, set_year, last_ver, ele_name, RG_CODE)
values ('{224895FB-0C9B-11DE-893A-FF3FEA27D261}', 'FUNDTYPE', '44', 2017, null, '对外投资收益', '000000');
insert into SYS_RIGHT_GROUP_DETAIL (right_group_id, ele_code, ele_value, set_year, last_ver, ele_name, RG_CODE)
values ('{224895FB-0C9B-11DE-893A-FF3FEA27D261}', 'FUNDTYPE', '43', 2017, null, '有价证券及银行存款利息收入', '000000');
insert into SYS_RIGHT_GROUP_DETAIL (right_group_id, ele_code, ele_value, set_year, last_ver, ele_name, RG_CODE)
values ('{224895FB-0C9B-11DE-893A-FF3FEA27D261}', 'FUNDTYPE', '42', 2017, null, '有偿服务收入', '000000');
insert into SYS_RIGHT_GROUP_DETAIL (right_group_id, ele_code, ele_value, set_year, last_ver, ele_name, RG_CODE)
values ('{224895FB-0C9B-11DE-893A-FF3FEA27D261}', 'FUNDTYPE', '41', 2017, null, '零星杂项收入', '000000');
insert into SYS_RIGHT_GROUP_DETAIL (right_group_id, ele_code, ele_value, set_year, last_ver, ele_name, RG_CODE)
values ('{224895FB-0C9B-11DE-893A-FF3FEA27D261}', 'FUNDTYPE', '39', 2017, null, '其他社会保险基金收入', '000000');
insert into SYS_RIGHT_GROUP_DETAIL (right_group_id, ele_code, ele_value, set_year, last_ver, ele_name, RG_CODE)
values ('{224895FB-0C9B-11DE-893A-FF3FEA27D261}', 'FUNDTYPE', '35', 2017, null, '生育保险基金收入', '000000');
insert into SYS_RIGHT_GROUP_DETAIL (right_group_id, ele_code, ele_value, set_year, last_ver, ele_name, RG_CODE)
values ('{224895FB-0C9B-11DE-893A-FF3FEA27D261}', 'FUNDTYPE', '34', 2017, null, '工伤保险基金收入', '000000');
insert into SYS_RIGHT_GROUP_DETAIL (right_group_id, ele_code, ele_value, set_year, last_ver, ele_name, RG_CODE)
values ('{224895FB-0C9B-11DE-893A-FF3FEA27D261}', 'FUNDTYPE', '33', 2017, null, '基本医疗保险基金收入', '000000');
insert into SYS_RIGHT_GROUP_DETAIL (right_group_id, ele_code, ele_value, set_year, last_ver, ele_name, RG_CODE)
values ('{224895FB-0C9B-11DE-893A-FF3FEA27D261}', 'FUNDTYPE', '32', 2017, null, '失业保险基金收入', '000000');
insert into SYS_RIGHT_GROUP_DETAIL (right_group_id, ele_code, ele_value, set_year, last_ver, ele_name, RG_CODE)
values ('{224895FB-0C9B-11DE-893A-FF3FEA27D261}', 'FUNDTYPE', '31', 2017, null, '基本养老保险收入', '000000');
insert into SYS_RIGHT_GROUP_DETAIL (right_group_id, ele_code, ele_value, set_year, last_ver, ele_name, RG_CODE)
values ('{224895FB-0C9B-11DE-893A-FF3FEA27D261}', 'FUNDTYPE', '23', 2017, null, '彩票资金', '000000');
insert into SYS_RIGHT_GROUP_DETAIL (right_group_id, ele_code, ele_value, set_year, last_ver, ele_name, RG_CODE)
values ('{224895FB-0C9B-11DE-893A-FF3FEA27D261}', 'FUNDTYPE', '22', 2017, null, '国有资源（资产）有偿使用', '000000');
insert into SYS_RIGHT_GROUP_DETAIL (right_group_id, ele_code, ele_value, set_year, last_ver, ele_name, RG_CODE)
values ('{224895FB-0C9B-11DE-893A-FF3FEA27D261}', 'FUNDTYPE', '21', 2017, null, '行政事业性收费', '000000');
insert into SYS_RIGHT_GROUP_DETAIL (right_group_id, ele_code, ele_value, set_year, last_ver, ele_name, RG_CODE)
values ('{224895FB-0C9B-11DE-893A-FF3FEA27D261}', 'FUNDTYPE', '17', 2017, null, '其他收入', '000000');
insert into SYS_RIGHT_GROUP_DETAIL (right_group_id, ele_code, ele_value, set_year, last_ver, ele_name, RG_CODE)
values ('{224895FB-0C9B-11DE-893A-FF3FEA27D261}', 'FUNDTYPE', '16', 2017, null, '罚没收入', '000000');
insert into SYS_RIGHT_GROUP_DETAIL (right_group_id, ele_code, ele_value, set_year, last_ver, ele_name, RG_CODE)
values ('{224895FB-0C9B-11DE-893A-FF3FEA27D261}', 'FUNDTYPE', '15', 2017, null, '国有资本经营', '000000');
insert into SYS_RIGHT_GROUP_DETAIL (right_group_id, ele_code, ele_value, set_year, last_ver, ele_name, RG_CODE)
values ('{224895FB-0C9B-11DE-893A-FF3FEA27D261}', 'FUNDTYPE', '14', 2017, null, '行政事业性收费', '000000');
insert into SYS_RIGHT_GROUP_DETAIL (right_group_id, ele_code, ele_value, set_year, last_ver, ele_name, RG_CODE)
values ('{224895FB-0C9B-11DE-893A-FF3FEA27D261}', 'FUNDTYPE', '13', 2017, null, '专项收入', '000000');
insert into SYS_RIGHT_GROUP_DETAIL (right_group_id, ele_code, ele_value, set_year, last_ver, ele_name, RG_CODE)
values ('{224895FB-0C9B-11DE-893A-FF3FEA27D261}', 'FUNDTYPE', '12', 2017, null, '政府性基金', '000000');
insert into SYS_RIGHT_GROUP_DETAIL (right_group_id, ele_code, ele_value, set_year, last_ver, ele_name, RG_CODE)
values ('{224895FB-0C9B-11DE-893A-FF3FEA27D261}', 'FUNDTYPE', '11', 2017, null, '一般预算', '000000');
insert into SYS_RIGHT_GROUP_DETAIL (right_group_id, ele_code, ele_value, set_year, last_ver, ele_name, RG_CODE)
values ('{224895FB-0C9B-11DE-893A-FF3FEA27D261}', 'FUNDTYPE', '4', 2017, null, '其他', '000000');
insert into SYS_RIGHT_GROUP_DETAIL (right_group_id, ele_code, ele_value, set_year, last_ver, ele_name, RG_CODE)
values ('{224895FB-0C9B-11DE-893A-FF3FEA27D261}', 'FUNDTYPE', '3', 2017, null, '社会保险基金收入', '000000');
insert into SYS_RIGHT_GROUP_DETAIL (right_group_id, ele_code, ele_value, set_year, last_ver, ele_name, RG_CODE)
values ('{224895FB-0C9B-11DE-893A-FF3FEA27D261}', 'FUNDTYPE', '2', 2017, null, '预算外', '000000');
insert into SYS_RIGHT_GROUP_DETAIL (right_group_id, ele_code, ele_value, set_year, last_ver, ele_name, RG_CODE)
values ('{224895FB-0C9B-11DE-893A-FF3FEA27D261}', 'FUNDTYPE', '1', 2017, null, '预算内', '000000');
insert into SYS_RIGHT_GROUP_DETAIL (right_group_id, ele_code, ele_value, set_year, last_ver, ele_name, RG_CODE)
values ('{23327F3E-8799-11DC-AF2B-DD66E373F7A7}', 'ZFCGBS', '1', 2017, null, '是', '000000');
insert into SYS_RIGHT_GROUP_DETAIL (right_group_id, ele_code, ele_value, set_year, last_ver, ele_name, RG_CODE)
values ('{375BA602-0C9F-11DE-893A-FF3FEA27D261}', 'FUNDTYPE', '39', 2017, null, '其他社会保险基金收入', '000000');
insert into SYS_RIGHT_GROUP_DETAIL (right_group_id, ele_code, ele_value, set_year, last_ver, ele_name, RG_CODE)
values ('{375BA602-0C9F-11DE-893A-FF3FEA27D261}', 'FUNDTYPE', '35', 2017, null, '生育保险基金收入', '000000');
insert into SYS_RIGHT_GROUP_DETAIL (right_group_id, ele_code, ele_value, set_year, last_ver, ele_name, RG_CODE)
values ('{375BA602-0C9F-11DE-893A-FF3FEA27D261}', 'FUNDTYPE', '34', 2017, null, '工伤保险基金收入', '000000');
insert into SYS_RIGHT_GROUP_DETAIL (right_group_id, ele_code, ele_value, set_year, last_ver, ele_name, RG_CODE)
values ('{375BA602-0C9F-11DE-893A-FF3FEA27D261}', 'FUNDTYPE', '33', 2017, null, '基本医疗保险基金收入', '000000');
insert into SYS_RIGHT_GROUP_DETAIL (right_group_id, ele_code, ele_value, set_year, last_ver, ele_name, RG_CODE)
values ('{375BA602-0C9F-11DE-893A-FF3FEA27D261}', 'FUNDTYPE', '32', 2017, null, '失业保险基金收入', '000000');
insert into SYS_RIGHT_GROUP_DETAIL (right_group_id, ele_code, ele_value, set_year, last_ver, ele_name, RG_CODE)
values ('{375BA602-0C9F-11DE-893A-FF3FEA27D261}', 'FUNDTYPE', '31', 2017, null, '基本养老保险收入', '000000');
insert into SYS_RIGHT_GROUP_DETAIL (right_group_id, ele_code, ele_value, set_year, last_ver, ele_name, RG_CODE)
values ('{375BA602-0C9F-11DE-893A-FF3FEA27D261}', 'FUNDTYPE', '23', 2017, null, '彩票资金', '000000');
insert into SYS_RIGHT_GROUP_DETAIL (right_group_id, ele_code, ele_value, set_year, last_ver, ele_name, RG_CODE)
values ('{375BA602-0C9F-11DE-893A-FF3FEA27D261}', 'FUNDTYPE', '22', 2017, null, '国有资源（资产）有偿使用', '000000');
insert into SYS_RIGHT_GROUP_DETAIL (right_group_id, ele_code, ele_value, set_year, last_ver, ele_name, RG_CODE)
values ('{375BA602-0C9F-11DE-893A-FF3FEA27D261}', 'FUNDTYPE', '21', 2017, null, '行政事业性收费', '000000');
insert into SYS_RIGHT_GROUP_DETAIL (right_group_id, ele_code, ele_value, set_year, last_ver, ele_name, RG_CODE)
values ('{375BA602-0C9F-11DE-893A-FF3FEA27D261}', 'FUNDTYPE', '17', 2017, null, '其他收入', '000000');
insert into SYS_RIGHT_GROUP_DETAIL (right_group_id, ele_code, ele_value, set_year, last_ver, ele_name, RG_CODE)
values ('{375BA602-0C9F-11DE-893A-FF3FEA27D261}', 'FUNDTYPE', '16', 2017, null, '罚没收入', '000000');
insert into SYS_RIGHT_GROUP_DETAIL (right_group_id, ele_code, ele_value, set_year, last_ver, ele_name, RG_CODE)
values ('{375BA602-0C9F-11DE-893A-FF3FEA27D261}', 'FUNDTYPE', '15', 2017, null, '国有资本经营', '000000');
insert into SYS_RIGHT_GROUP_DETAIL (right_group_id, ele_code, ele_value, set_year, last_ver, ele_name, RG_CODE)
values ('{375BA602-0C9F-11DE-893A-FF3FEA27D261}', 'FUNDTYPE', '14', 2017, null, '行政事业性收费', '000000');
insert into SYS_RIGHT_GROUP_DETAIL (right_group_id, ele_code, ele_value, set_year, last_ver, ele_name, RG_CODE)
values ('{375BA602-0C9F-11DE-893A-FF3FEA27D261}', 'FUNDTYPE', '13', 2017, null, '专项收入', '000000');
insert into SYS_RIGHT_GROUP_DETAIL (right_group_id, ele_code, ele_value, set_year, last_ver, ele_name, RG_CODE)
values ('{375BA602-0C9F-11DE-893A-FF3FEA27D261}', 'FUNDTYPE', '12', 2017, null, '政府性基金', '000000');
insert into SYS_RIGHT_GROUP_DETAIL (right_group_id, ele_code, ele_value, set_year, last_ver, ele_name, RG_CODE)
values ('{375BA602-0C9F-11DE-893A-FF3FEA27D261}', 'FUNDTYPE', '11', 2017, null, '一般预算', '000000');
insert into SYS_RIGHT_GROUP_DETAIL (right_group_id, ele_code, ele_value, set_year, last_ver, ele_name, RG_CODE)
values ('{375BA602-0C9F-11DE-893A-FF3FEA27D261}', 'FUNDTYPE', '3', 2017, null, '社会保险基金收入', '000000');
insert into SYS_RIGHT_GROUP_DETAIL (right_group_id, ele_code, ele_value, set_year, last_ver, ele_name, RG_CODE)
values ('{375BA602-0C9F-11DE-893A-FF3FEA27D261}', 'FUNDTYPE', '2', 2017, null, '预算外', '000000');
insert into SYS_RIGHT_GROUP_DETAIL (right_group_id, ele_code, ele_value, set_year, last_ver, ele_name, RG_CODE)
values ('{375BA602-0C9F-11DE-893A-FF3FEA27D261}', 'FUNDTYPE', '1', 2017, null, '预算内', '000000');
insert into SYS_RIGHT_GROUP_DETAIL (right_group_id, ele_code, ele_value, set_year, last_ver, ele_name, RG_CODE)
values ('{375BA602-0C9F-11DE-893A-FF3FEA27D261}', 'BGTTYPE', '001002', 2017, null, '年初控制数', '000000');
insert into SYS_RIGHT_GROUP_DETAIL (right_group_id, ele_code, ele_value, set_year, last_ver, ele_name, RG_CODE)
values ('{375BA602-0C9F-11DE-893A-FF3FEA27D261}', 'BGTTYPE', '001', 2017, null, '当年指标', '000000');
insert into SYS_RIGHT_GROUP_DETAIL (right_group_id, ele_code, ele_value, set_year, last_ver, ele_name, RG_CODE)
values ('{3A70A068-0C9A-11DE-893A-FF3FEA27D261}', 'BGTTYPE', '001', 2017, null, '当年指标', '000000');
insert into SYS_RIGHT_GROUP_DETAIL (right_group_id, ele_code, ele_value, set_year, last_ver, ele_name, RG_CODE)
values ('{3A70A068-0C9A-11DE-893A-FF3FEA27D261}', 'FUNDTYPE', '39', 2017, null, '其他社会保险基金收入', '000000');

insert into SYS_RIGHT_GROUP_TYPE (right_group_id, ele_code, right_type, set_year, last_ver, RG_CODE)
values ('{D2D776A5-0D34-11DE-96A1-A60521A0849D}', 'EXPFUNC', 0, 2017, null, '000000');
insert into SYS_RIGHT_GROUP_TYPE (right_group_id, ele_code, right_type, set_year, last_ver, RG_CODE)
values ('{D2D776A5-0D34-11DE-96A1-A60521A0849D}', 'AGENCY', 0, 2017, null, '000000');
insert into SYS_RIGHT_GROUP_TYPE (right_group_id, ele_code, right_type, set_year, last_ver, RG_CODE)
values ('{D2D776A5-0D34-11DE-96A1-A60521A0849D}', 'MB', 0, 2017, null, '000000');
insert into SYS_RIGHT_GROUP_TYPE (right_group_id, ele_code, right_type, set_year, last_ver, RG_CODE)
values ('{D2D776A5-0D34-11DE-96A1-A60521A0849D}', 'FUNDTYPE', 0, 2017, null, '000000');
insert into SYS_RIGHT_GROUP_TYPE (right_group_id, ele_code, right_type, set_year, last_ver, RG_CODE)
values ('{D2D776A5-0D34-11DE-96A1-A60521A0849D}', 'PAYTYPE', 0, 2017, null, '000000');
insert into SYS_RIGHT_GROUP_TYPE (right_group_id, ele_code, right_type, set_year, last_ver, RG_CODE)
values ('{5EC23BA8-8062-11DC-B80A-ED0541E1F351}', 'ZFCGBS', 1, 2017, null, '000000');
insert into SYS_RIGHT_GROUP_TYPE (right_group_id, ele_code, right_type, set_year, last_ver, RG_CODE)
values ('{73B90DE9-8062-11DC-B80A-ED0541E1F351}', 'ZFCGBS', 1, 2017, null, '000000');
insert into SYS_RIGHT_GROUP_TYPE (right_group_id, ele_code, right_type, set_year, last_ver, RG_CODE)
values ('{058F89AF-8064-11DC-B80A-ED0541E1F351}', 'ZFCGBS', 1, 2017, null, '000000');
insert into SYS_RIGHT_GROUP_TYPE (right_group_id, ele_code, right_type, set_year, last_ver, RG_CODE)
values ('{51EAA0D4-8067-11DC-B80A-ED0541E1F351}', 'ZFCGBS', 1, 2017, null, '000000');
insert into SYS_RIGHT_GROUP_TYPE (right_group_id, ele_code, right_type, set_year, last_ver, RG_CODE)
values ('{401D26EC-0C9B-11DE-893A-FF3FEA27D261}', 'FUNDTYPE', 1, 2017, null, '000000');
insert into SYS_RIGHT_GROUP_TYPE (right_group_id, ele_code, right_type, set_year, last_ver, RG_CODE)
values ('{A30C4CED-0C9B-11DE-893A-FF3FEA27D261}', 'BGTTYPE', 1, 2017, null, '000000');
insert into SYS_RIGHT_GROUP_TYPE (right_group_id, ele_code, right_type, set_year, last_ver, RG_CODE)
values ('{3A70A068-0C9A-11DE-893A-FF3FEA27D261}', 'FUNDTYPE', 1, 2017, null, '000000');
insert into SYS_RIGHT_GROUP_TYPE (right_group_id, ele_code, right_type, set_year, last_ver, RG_CODE)
values ('{726015A9-0C9A-11DE-893A-FF3FEA27D261}', 'BGTTYPE', 1, 2017, null, '000000');
insert into SYS_RIGHT_GROUP_TYPE (right_group_id, ele_code, right_type, set_year, last_ver, RG_CODE)
values ('{499B1A02-0C97-11DE-893A-FF3FEA27D261}', 'BGTTYPE', 1, 2017, null, '000000');
insert into SYS_RIGHT_GROUP_TYPE (right_group_id, ele_code, right_type, set_year, last_ver, RG_CODE)
values ('{499B1A02-0C97-11DE-893A-FF3FEA27D261}', 'FUNDTYPE', 1, 2017, null, '000000');
insert into SYS_RIGHT_GROUP_TYPE (right_group_id, ele_code, right_type, set_year, last_ver, RG_CODE)
values ('{7C723D03-0C97-11DE-893A-FF3FEA27D261}', 'BGTTYPE', 1, 2017, null, '000000');
insert into SYS_RIGHT_GROUP_TYPE (right_group_id, ele_code, right_type, set_year, last_ver, RG_CODE)
values ('{7C723D03-0C97-11DE-893A-FF3FEA27D261}', 'FUNDTYPE', 1, 2017, null, '000000');
insert into SYS_RIGHT_GROUP_TYPE (right_group_id, ele_code, right_type, set_year, last_ver, RG_CODE)
values ('{3D78E944-0C98-11DE-893A-FF3FEA27D261}', 'FUNDTYPE', 1, 2017, null, '000000');
insert into SYS_RIGHT_GROUP_TYPE (right_group_id, ele_code, right_type, set_year, last_ver, RG_CODE)
values ('{C052AEF5-0C98-11DE-893A-FF3FEA27D261}', 'BGTTYPE', 1, 2017, null, '000000');
insert into SYS_RIGHT_GROUP_TYPE (right_group_id, ele_code, right_type, set_year, last_ver, RG_CODE)
values ('{C052AEF5-0C98-11DE-893A-FF3FEA27D261}', 'FUNDTYPE', 1, 2017, null, '000000');
insert into SYS_RIGHT_GROUP_TYPE (right_group_id, ele_code, right_type, set_year, last_ver, RG_CODE)
values ('{04ACBDB7-0C9A-11DE-893A-FF3FEA27D261}', 'FUNDTYPE', 1, 2017, null, '000000');
insert into SYS_RIGHT_GROUP_TYPE (right_group_id, ele_code, right_type, set_year, last_ver, RG_CODE)
values ('{3A70A068-0C9A-11DE-893A-FF3FEA27D261}', 'BGTTYPE', 1, 2017, null, '000000');
insert into SYS_RIGHT_GROUP_TYPE (right_group_id, ele_code, right_type, set_year, last_ver, RG_CODE)
values ('{726015A9-0C9A-11DE-893A-FF3FEA27D261}', 'FUNDTYPE', 1, 2017, null, '000000');
insert into SYS_RIGHT_GROUP_TYPE (right_group_id, ele_code, right_type, set_year, last_ver, RG_CODE)
values ('{A9BBAF5A-0C9A-11DE-893A-FF3FEA27D261}', 'BGTTYPE', 1, 2017, null, '000000');
insert into SYS_RIGHT_GROUP_TYPE (right_group_id, ele_code, right_type, set_year, last_ver, RG_CODE)
values ('{A9BBAF5A-0C9A-11DE-893A-FF3FEA27D261}', 'FUNDTYPE', 1, 2017, null, '000000');
insert into SYS_RIGHT_GROUP_TYPE (right_group_id, ele_code, right_type, set_year, last_ver, RG_CODE)
values ('{224895FB-0C9B-11DE-893A-FF3FEA27D261}', 'FUNDTYPE', 1, 2017, null, '000000');
insert into SYS_RIGHT_GROUP_TYPE (right_group_id, ele_code, right_type, set_year, last_ver, RG_CODE)
values ('{401D26EC-0C9B-11DE-893A-FF3FEA27D261}', 'BGTTYPE', 1, 2017, null, '000000');
insert into SYS_RIGHT_GROUP_TYPE (right_group_id, ele_code, right_type, set_year, last_ver, RG_CODE)
values ('{A30C4CED-0C9B-11DE-893A-FF3FEA27D261}', 'FUNDTYPE', 1, 2017, null, '000000');
insert into SYS_RIGHT_GROUP_TYPE (right_group_id, ele_code, right_type, set_year, last_ver, RG_CODE)
values ('{073B1EDE-0C9C-11DE-893A-FF3FEA27D261}', 'FUNDTYPE', 1, 2017, null, '000000');
insert into SYS_RIGHT_GROUP_TYPE (right_group_id, ele_code, right_type, set_year, last_ver, RG_CODE)
values ('{CAD68A4F-0C9D-11DE-893A-FF3FEA27D261}', 'FUNDTYPE', 1, 2017, null, '000000');
insert into SYS_RIGHT_GROUP_TYPE (right_group_id, ele_code, right_type, set_year, last_ver, RG_CODE)
values ('{090F57C0-0C9E-11DE-893A-FF3FEA27D261}', 'FUNDTYPE', 1, 2017, null, '000000');
insert into SYS_RIGHT_GROUP_TYPE (right_group_id, ele_code, right_type, set_year, last_ver, RG_CODE)
values ('{9A7553E1-0C9E-11DE-893A-FF3FEA27D261}', 'BGTTYPE', 1, 2017, null, '000000');
insert into SYS_RIGHT_GROUP_TYPE (right_group_id, ele_code, right_type, set_year, last_ver, RG_CODE)
values ('{9A7553E1-0C9E-11DE-893A-FF3FEA27D261}', 'FUNDTYPE', 1, 2017, null, '000000');
insert into SYS_RIGHT_GROUP_TYPE (right_group_id, ele_code, right_type, set_year, last_ver, RG_CODE)
values ('{375BA602-0C9F-11DE-893A-FF3FEA27D261}', 'BGTTYPE', 1, 2017, null, '000000');
insert into SYS_RIGHT_GROUP_TYPE (right_group_id, ele_code, right_type, set_year, last_ver, RG_CODE)
values ('{375BA602-0C9F-11DE-893A-FF3FEA27D261}', 'FUNDTYPE', 1, 2017, null, '000000');
insert into SYS_RIGHT_GROUP_TYPE (right_group_id, ele_code, right_type, set_year, last_ver, RG_CODE)
values ('{B195A063-0C9F-11DE-893A-FF3FEA27D261}', 'FUNDTYPE', 1, 2017, null, '000000');
insert into SYS_RIGHT_GROUP_TYPE (right_group_id, ele_code, right_type, set_year, last_ver, RG_CODE)
values ('{0AD0958D-8799-11DC-AF2B-DD66E373F7A7}', 'ZFCGBS', 1, 2017, null, '000000');
insert into SYS_RIGHT_GROUP_TYPE (right_group_id, ele_code, right_type, set_year, last_ver, RG_CODE)
values ('{23327F3E-8799-11DC-AF2B-DD66E373F7A7}', 'ZFCGBS', 1, 2017, null, '000000');
insert into SYS_RIGHT_GROUP_TYPE (right_group_id, ele_code, right_type, set_year, last_ver, RG_CODE)
values ('{2E031D66-BD21-11DE-BAF9-F083B629B442}', 'FUNDTYPE', 1, 2017, null, '000000');
insert into SYS_RIGHT_GROUP_TYPE (right_group_id, ele_code, right_type, set_year, last_ver, RG_CODE)
values ('{DE8D2A55-BD20-11DE-BAF9-F083B629B442}', 'FUNDTYPE', 1, 2017, null, '000000');
insert into SYS_RIGHT_GROUP_TYPE (right_group_id, ele_code, right_type, set_year, last_ver, RG_CODE)
values ('{C625E748-BD66-11DE-B07E-ED2BBC511835}', 'FUNDTYPE', 1, 2017, null, '000000');
insert into SYS_RIGHT_GROUP_TYPE (right_group_id, ele_code, right_type, set_year, last_ver, RG_CODE)
values ('{F0A9B14A-BD66-11DE-B07E-ED2BBC511835}', 'FUNDTYPE', 1, 2017, null, '000000');
insert into SYS_RIGHT_GROUP_TYPE (right_group_id, ele_code, right_type, set_year, last_ver, RG_CODE)
values ('{FB82A5E9-C2EB-11DE-BD06-B8E82BBC371A}', 'ZFCGBS', 1, 2017, null, '000000');
insert into SYS_RIGHT_GROUP_TYPE (right_group_id, ele_code, right_type, set_year, last_ver, RG_CODE)
values ('{FB82A5E9-C2EB-11DE-BD06-B8E82BBC371A}', 'FUNDTYPE', 1, 2017, null, '000000');

insert into SYS_ROLE (role_id, role_code, role_name, user_sys_id, enabled, role_type, last_ver, RG_CODE, set_year)
values (73, '001010', '开发公司内部使用', '001', 1, null, '2006-11-02 20:56:11', '000000', 2017);
insert into SYS_ROLE (role_id, role_code, role_name, user_sys_id, enabled, role_type, last_ver, RG_CODE, set_year)
values (9000, '000100', '综合系统实施专用', '001', 0, null, '2009-03-16 14:35:17', '000000', 2017);
insert into SYS_ROLE (role_id, role_code, role_name, user_sys_id, enabled, role_type, last_ver, RG_CODE, set_year)
values (9001, '999000001', '预算单位角色', '800', 1, null, '2009-09-27 10:48:48', '000000', 2017);

insert into SYS_ROLE_MENU (role_id, menu_id, set_year, last_ver, RG_CODE)
values (73, 1000100010, 2017, '2007-06-13 09:26:01', '000000');
insert into SYS_ROLE_MENU (role_id, menu_id, set_year, last_ver, RG_CODE)
values (73, 1000100020, 2017, '2007-06-13 09:26:01', '000000');
insert into SYS_ROLE_MENU (role_id, menu_id, set_year, last_ver, RG_CODE)
values (73, 1000100040, 2017, '2007-06-13 09:26:01', '000000');
insert into SYS_ROLE_MENU (role_id, menu_id, set_year, last_ver, RG_CODE)
values (73, 1000100, 2017, '2007-06-13 09:26:01', '000000');
insert into SYS_ROLE_MENU (role_id, menu_id, set_year, last_ver, RG_CODE)
values (73, 1001002, 2017, '2008-03-10 09:39:32', '000000');
insert into SYS_ROLE_MENU (role_id, menu_id, set_year, last_ver, RG_CODE)
values (73, 1000100030, 2017, '2008-07-21 12:00:00', '000000');
insert into SYS_ROLE_MENU (role_id, menu_id, set_year, last_ver, RG_CODE)
values (9000, 1000600030020, 2017, '2009-03-15 01:01:01', '000000');
insert into SYS_ROLE_MENU (role_id, menu_id, set_year, last_ver, RG_CODE)
values (9000, 1000100, 2017, '2009-03-15 01:01:01', '000000');
insert into SYS_ROLE_MENU (role_id, menu_id, set_year, last_ver, RG_CODE)
values (9000, 1000100020, 2017, '2009-03-15 01:01:01', '000000');
insert into SYS_ROLE_MENU (role_id, menu_id, set_year, last_ver, RG_CODE)
values (9000, 1000100040, 2017, '2009-03-15 01:01:01', '000000');
insert into SYS_ROLE_MENU (role_id, menu_id, set_year, last_ver, RG_CODE)
values (9000, 1000100045, 2017, '2009-08-18 17:54:01', '000000');
insert into SYS_ROLE_MENU (role_id, menu_id, set_year, last_ver, RG_CODE)
values (73, 1000100045, 2017, '2009-08-18 17:54:01', '000000');
insert into SYS_ROLE_MENU (role_id, menu_id, set_year, last_ver, RG_CODE)
values (9001, 1000100, 2017, '2009-09-27 11:16:01', '000000');
insert into SYS_ROLE_MENU (role_id, menu_id, set_year, last_ver, RG_CODE)
values (9001, 1000100020, 2017, '2009-09-27 11:16:01', '000000');
insert into SYS_ROLE_MENU (role_id, menu_id, set_year, last_ver, RG_CODE)
values (9001, 1000100040, 2017, '2009-09-27 11:16:01', '000000');
insert into SYS_ROLE_MENU (role_id, menu_id, set_year, last_ver, RG_CODE)
values (9001, 1000100045, 2017, '2009-09-27 11:16:01', '000000');
insert into SYS_ROLE_MENU (role_id, menu_id, set_year, last_ver, RG_CODE)
values (9000, 1000600060, 2017, '2009-03-15 01:01:01', '000000');
insert into SYS_ROLE_MENU (role_id, menu_id, set_year, last_ver, RG_CODE)
values (9000, 1000100010, 2017, '2009-03-15 01:01:01', '000000');
insert into SYS_ROLE_MENU (role_id, menu_id, set_year, last_ver, RG_CODE)
values (9000, 1000100030, 2017, '2009-03-15 01:01:01', '000000');
insert into SYS_ROLE_MENU (role_id, menu_id, set_year, last_ver, RG_CODE)
values (9001, 1000100010, 2017, '2009-09-27 11:16:01', '000000');
insert into SYS_ROLE_MENU (role_id, menu_id, set_year, last_ver, RG_CODE)
values (73, 1000600060, 2017, '2015-04-08 15:30:24', '000000');

insert into SYS_ROLE_MENU_MODULE (role_id, menu_id, module_id, set_year, last_ver, RG_CODE)
values (9000, 1000100020, 1000100020, 2017, '2009-03-15 01:01:01', '000000');
insert into SYS_ROLE_MENU_MODULE (role_id, menu_id, module_id, set_year, last_ver, RG_CODE)
values (9000, 1000100030, 1000100030, 2017, '2009-03-15 01:01:01', '000000');
insert into SYS_ROLE_MENU_MODULE (role_id, menu_id, module_id, set_year, last_ver, RG_CODE)
values (9000, 1000100040, 1000100040, 2017, '2009-03-15 01:01:01', '000000');
insert into SYS_ROLE_MENU_MODULE (role_id, menu_id, module_id, set_year, last_ver, RG_CODE)
values (9000, 1000600060, 1000600060, 2017, '2009-03-15 01:01:01', '000000');
insert into SYS_ROLE_MENU_MODULE (role_id, menu_id, module_id, set_year, last_ver, RG_CODE)
values (9000, 1000600030020, 1000600030020, 2017, '2009-03-15 01:01:01', '000000');
insert into SYS_ROLE_MENU_MODULE (role_id, menu_id, module_id, set_year, last_ver, RG_CODE)
values (9000, 1000100045, 1000100045, 2017, '2009-08-18 18:26:52', '000000');
insert into SYS_ROLE_MENU_MODULE (role_id, menu_id, module_id, set_year, last_ver, RG_CODE)
values (73, 1000100045, 1000100045, 2017, '2009-08-18 18:26:52', '000000');
insert into SYS_ROLE_MENU_MODULE (role_id, menu_id, module_id, set_year, last_ver, RG_CODE)
values (9001, 1000100010, 1000100010, 2017, '2009-09-27 11:16:01', '000000');
insert into SYS_ROLE_MENU_MODULE (role_id, menu_id, module_id, set_year, last_ver, RG_CODE)
values (9001, 1000100020, 1000100020, 2017, '2009-09-27 11:16:01', '000000');
insert into SYS_ROLE_MENU_MODULE (role_id, menu_id, module_id, set_year, last_ver, RG_CODE)
values (9001, 1000100040, 1000100040, 2017, '2009-09-27 11:16:01', '000000');
insert into SYS_ROLE_MENU_MODULE (role_id, menu_id, module_id, set_year, last_ver, RG_CODE)
values (9001, 1000100045, 1000100045, 2017, '2009-09-27 11:16:01', '000000');
insert into SYS_ROLE_MENU_MODULE (role_id, menu_id, module_id, set_year, last_ver, RG_CODE)
values (73, 1000100030, 1000100030, 2017, '2012-09-18 00:00:00', '000000');
insert into SYS_ROLE_MENU_MODULE (role_id, menu_id, module_id, set_year, last_ver, RG_CODE)
values (73, 1000100020, 1000100020, 2017, '2007-06-13 09:26:01', '000000');
insert into SYS_ROLE_MENU_MODULE (role_id, menu_id, module_id, set_year, last_ver, RG_CODE)
values (73, 1000100010, 1000100010, 2017, '2007-06-13 09:26:01', '000000');
insert into SYS_ROLE_MENU_MODULE (role_id, menu_id, module_id, set_year, last_ver, RG_CODE)
values (73, 1000100040, 1000100040, 2017, '2007-06-13 09:26:01', '000000');
insert into SYS_ROLE_MENU_MODULE (role_id, menu_id, module_id, set_year, last_ver, RG_CODE)
values (9000, 1000100010, 1000100010, 2017, '2009-03-15 01:01:01', '000000');

insert into SYS_ROLE_MODULE (role_id, module_id, set_year, last_ver, RG_CODE)
values (73, 121008001003, 2017, '2007-03-17 15:00:58', '000000');
insert into SYS_ROLE_MODULE (role_id, module_id, set_year, last_ver, RG_CODE)
values (73, 121008001004, 2017, '2007-03-17 15:00:58', '000000');
insert into SYS_ROLE_MODULE (role_id, module_id, set_year, last_ver, RG_CODE)
values (73, 111101002, 2017, '2007-03-17 15:00:58', '000000');
insert into SYS_ROLE_MODULE (role_id, module_id, set_year, last_ver, RG_CODE)
values (73, 111101003, 2017, '2007-03-17 15:00:58', '000000');
insert into SYS_ROLE_MODULE (role_id, module_id, set_year, last_ver, RG_CODE)
values (73, 111101004, 2017, '2007-03-17 15:00:58', '000000');
insert into SYS_ROLE_MODULE (role_id, module_id, set_year, last_ver, RG_CODE)
values (73, 111120005, 2017, '2007-03-17 15:00:58', '000000');
insert into SYS_ROLE_MODULE (role_id, module_id, set_year, last_ver, RG_CODE)
values (73, 111301003, 2017, '2007-03-17 15:00:58', '000000');
insert into SYS_ROLE_MODULE (role_id, module_id, set_year, last_ver, RG_CODE)
values (73, 111401001, 2017, '2007-03-17 15:00:58', '000000');
insert into SYS_ROLE_MODULE (role_id, module_id, set_year, last_ver, RG_CODE)
values (73, 111401003, 2017, '2007-03-17 15:00:58', '000000');
insert into SYS_ROLE_MODULE (role_id, module_id, set_year, last_ver, RG_CODE)
values (73, 111401006, 2017, '2007-03-17 15:00:58', '000000');
insert into SYS_ROLE_MODULE (role_id, module_id, set_year, last_ver, RG_CODE)
values (73, 111401007, 2017, '2007-03-17 15:00:58', '000000');
insert into SYS_ROLE_MODULE (role_id, module_id, set_year, last_ver, RG_CODE)
values (73, 112020010, 2017, '2007-03-17 15:00:58', '000000');
insert into SYS_ROLE_MODULE (role_id, module_id, set_year, last_ver, RG_CODE)
values (73, 112020030, 2017, '2007-03-17 15:00:58', '000000');
insert into SYS_ROLE_MODULE (role_id, module_id, set_year, last_ver, RG_CODE)
values (73, 112020040, 2017, '2007-03-17 15:00:58', '000000');
insert into SYS_ROLE_MODULE (role_id, module_id, set_year, last_ver, RG_CODE)
values (73, 112030030, 2017, '2007-03-17 15:00:58', '000000');
insert into SYS_ROLE_MODULE (role_id, module_id, set_year, last_ver, RG_CODE)
values (73, 112030040, 2017, '2007-03-17 15:00:58', '000000');
insert into SYS_ROLE_MODULE (role_id, module_id, set_year, last_ver, RG_CODE)
values (73, 112030050, 2017, '2007-03-17 15:00:58', '000000');
insert into SYS_ROLE_MODULE (role_id, module_id, set_year, last_ver, RG_CODE)
values (73, 112040050, 2017, '2007-03-17 15:00:58', '000000');
insert into SYS_ROLE_MODULE (role_id, module_id, set_year, last_ver, RG_CODE)
values (73, 112040015, 2017, '2007-03-17 15:00:58', '000000');
insert into SYS_ROLE_MODULE (role_id, module_id, set_year, last_ver, RG_CODE)
values (73, 112200010, 2017, '2007-03-17 15:00:58', '000000');
insert into SYS_ROLE_MODULE (role_id, module_id, set_year, last_ver, RG_CODE)
values (73, 112040100, 2017, '2007-03-17 15:00:58', '000000');
insert into SYS_ROLE_MODULE (role_id, module_id, set_year, last_ver, RG_CODE)
values (73, 115100010, 2017, '2007-03-17 15:00:58', '000000');
insert into SYS_ROLE_MODULE (role_id, module_id, set_year, last_ver, RG_CODE)
values (73, 115100020, 2017, '2007-03-17 15:00:58', '000000');
insert into SYS_ROLE_MODULE (role_id, module_id, set_year, last_ver, RG_CODE)
values (73, 115100050, 2017, '2007-03-17 15:00:58', '000000');
insert into SYS_ROLE_MODULE (role_id, module_id, set_year, last_ver, RG_CODE)
values (73, 115100060, 2017, '2007-03-17 15:00:58', '000000');
insert into SYS_ROLE_MODULE (role_id, module_id, set_year, last_ver, RG_CODE)
values (73, 115500010, 2017, '2007-03-17 15:00:58', '000000');
insert into SYS_ROLE_MODULE (role_id, module_id, set_year, last_ver, RG_CODE)
values (73, 115500020, 2017, '2007-03-17 15:00:58', '000000');
insert into SYS_ROLE_MODULE (role_id, module_id, set_year, last_ver, RG_CODE)
values (73, 115500040, 2017, '2007-03-17 15:00:58', '000000');
insert into SYS_ROLE_MODULE (role_id, module_id, set_year, last_ver, RG_CODE)
values (73, 115500060, 2017, '2007-03-17 15:00:58', '000000');
insert into SYS_ROLE_MODULE (role_id, module_id, set_year, last_ver, RG_CODE)
values (73, 115100070, 2017, '2007-03-17 15:00:58', '000000');
insert into SYS_ROLE_MODULE (role_id, module_id, set_year, last_ver, RG_CODE)
values (73, 115600010, 2017, '2007-03-17 15:00:58', '000000');
insert into SYS_ROLE_MODULE (role_id, module_id, set_year, last_ver, RG_CODE)
values (73, 115100100, 2017, '2007-03-17 15:00:58', '000000');
insert into SYS_ROLE_MODULE (role_id, module_id, set_year, last_ver, RG_CODE)
values (73, 115500045, 2017, '2007-03-17 15:00:58', '000000');
insert into SYS_ROLE_MODULE (role_id, module_id, set_year, last_ver, RG_CODE)
values (73, 115500210, 2017, '2007-03-17 15:00:58', '000000');
insert into SYS_ROLE_MODULE (role_id, module_id, set_year, last_ver, RG_CODE)
values (73, 115500230, 2017, '2007-03-17 15:00:58', '000000');
insert into SYS_ROLE_MODULE (role_id, module_id, set_year, last_ver, RG_CODE)
values (73, 115500260, 2017, '2007-03-17 15:00:58', '000000');
insert into SYS_ROLE_MODULE (role_id, module_id, set_year, last_ver, RG_CODE)
values (73, 115500240, 2017, '2007-03-17 15:00:58', '000000');
insert into SYS_ROLE_MODULE (role_id, module_id, set_year, last_ver, RG_CODE)
values (73, 115600030, 2017, '2007-03-17 15:00:58', '000000');
insert into SYS_ROLE_MODULE (role_id, module_id, set_year, last_ver, RG_CODE)
values (73, 115200040, 2017, '2007-03-17 15:00:58', '000000');
insert into SYS_ROLE_MODULE (role_id, module_id, set_year, last_ver, RG_CODE)
values (73, 115200020, 2017, '2007-03-17 15:00:58', '000000');
insert into SYS_ROLE_MODULE (role_id, module_id, set_year, last_ver, RG_CODE)
values (73, 115300030, 2017, '2007-03-17 15:00:58', '000000');
insert into SYS_ROLE_MODULE (role_id, module_id, set_year, last_ver, RG_CODE)
values (73, 115300010, 2017, '2007-03-17 15:00:58', '000000');
insert into SYS_ROLE_MODULE (role_id, module_id, set_year, last_ver, RG_CODE)
values (73, 115300012, 2017, '2007-03-17 15:00:58', '000000');
insert into SYS_ROLE_MODULE (role_id, module_id, set_year, last_ver, RG_CODE)
values (73, 115600050, 2017, '2007-03-17 15:00:58', '000000');
insert into SYS_ROLE_MODULE (role_id, module_id, set_year, last_ver, RG_CODE)
values (73, 115300060, 2017, '2007-03-17 15:00:58', '000000');
insert into SYS_ROLE_MODULE (role_id, module_id, set_year, last_ver, RG_CODE)
values (73, 121010001, 2017, '2007-03-17 15:00:58', '000000');
insert into SYS_ROLE_MODULE (role_id, module_id, set_year, last_ver, RG_CODE)
values (73, 121010002, 2017, '2007-03-17 15:00:58', '000000');
insert into SYS_ROLE_MODULE (role_id, module_id, set_year, last_ver, RG_CODE)
values (73, 1001025201104, 2017, '2007-03-17 15:00:58', '000000');
insert into SYS_ROLE_MODULE (role_id, module_id, set_year, last_ver, RG_CODE)
values (73, 1001025201201, 2017, '2007-03-17 15:00:58', '000000');
insert into SYS_ROLE_MODULE (role_id, module_id, set_year, last_ver, RG_CODE)
values (73, 1001025201206, 2017, '2007-03-17 15:00:58', '000000');
insert into SYS_ROLE_MODULE (role_id, module_id, set_year, last_ver, RG_CODE)
values (73, 1001025201207, 2017, '2007-03-17 15:00:58', '000000');
insert into SYS_ROLE_MODULE (role_id, module_id, set_year, last_ver, RG_CODE)
values (73, 1001025201208, 2017, '2007-03-17 15:00:58', '000000');
insert into SYS_ROLE_MODULE (role_id, module_id, set_year, last_ver, RG_CODE)
values (73, 1001025201302, 2017, '2007-03-17 15:00:58', '000000');
insert into SYS_ROLE_MODULE (role_id, module_id, set_year, last_ver, RG_CODE)
values (73, 111101001001, 2017, '2007-03-17 15:00:58', '000000');
insert into SYS_ROLE_MODULE (role_id, module_id, set_year, last_ver, RG_CODE)
values (73, 111101003001, 2017, '2007-03-17 15:00:58', '000000');
insert into SYS_ROLE_MODULE (role_id, module_id, set_year, last_ver, RG_CODE)
values (73, 111101004001, 2017, '2007-03-17 15:00:58', '000000');
insert into SYS_ROLE_MODULE (role_id, module_id, set_year, last_ver, RG_CODE)
values (73, 1000, 2017, '2007-03-17 15:00:58', '000000');
insert into SYS_ROLE_MODULE (role_id, module_id, set_year, last_ver, RG_CODE)
values (73, 1001, 2017, '2007-03-17 15:00:58', '000000');
insert into SYS_ROLE_MODULE (role_id, module_id, set_year, last_ver, RG_CODE)
values (73, 111, 2017, '2007-03-17 15:00:58', '000000');
insert into SYS_ROLE_MODULE (role_id, module_id, set_year, last_ver, RG_CODE)
values (73, 112, 2017, '2007-03-17 15:00:58', '000000');
insert into SYS_ROLE_MODULE (role_id, module_id, set_year, last_ver, RG_CODE)
values (73, 1000004, 2017, '2007-03-17 15:00:58', '000000');
insert into SYS_ROLE_MODULE (role_id, module_id, set_year, last_ver, RG_CODE)
values (73, 1000005, 2017, '2007-03-17 15:00:58', '000000');
insert into SYS_ROLE_MODULE (role_id, module_id, set_year, last_ver, RG_CODE)
values (73, 1000006, 2017, '2007-03-17 15:00:58', '000000');
insert into SYS_ROLE_MODULE (role_id, module_id, set_year, last_ver, RG_CODE)
values (73, 1000007, 2017, '2007-03-17 15:00:58', '000000');
insert into SYS_ROLE_MODULE (role_id, module_id, set_year, last_ver, RG_CODE)
values (73, 1000008, 2017, '2007-03-17 15:00:58', '000000');
insert into SYS_ROLE_MODULE (role_id, module_id, set_year, last_ver, RG_CODE)
values (73, 1000010, 2017, '2007-03-17 15:00:58', '000000');
insert into SYS_ROLE_MODULE (role_id, module_id, set_year, last_ver, RG_CODE)
values (73, 1001010, 2017, '2007-03-17 15:00:58', '000000');
insert into SYS_ROLE_MODULE (role_id, module_id, set_year, last_ver, RG_CODE)
values (73, 1001020, 2017, '2007-03-17 15:00:58', '000000');
insert into SYS_ROLE_MODULE (role_id, module_id, set_year, last_ver, RG_CODE)
values (73, 1001025, 2017, '2007-03-17 15:00:58', '000000');
insert into SYS_ROLE_MODULE (role_id, module_id, set_year, last_ver, RG_CODE)
values (73, 1001201, 2017, '2007-03-17 15:00:58', '000000');
insert into SYS_ROLE_MODULE (role_id, module_id, set_year, last_ver, RG_CODE)
values (73, 1001400, 2017, '2007-03-17 15:00:58', '000000');
insert into SYS_ROLE_MODULE (role_id, module_id, set_year, last_ver, RG_CODE)
values (73, 111101, 2017, '2007-03-17 15:00:58', '000000');
insert into SYS_ROLE_MODULE (role_id, module_id, set_year, last_ver, RG_CODE)
values (73, 111201, 2017, '2007-03-17 15:00:58', '000000');
insert into SYS_ROLE_MODULE (role_id, module_id, set_year, last_ver, RG_CODE)
values (73, 111301, 2017, '2007-03-17 15:00:58', '000000');
insert into SYS_ROLE_MODULE (role_id, module_id, set_year, last_ver, RG_CODE)
values (73, 1001201111, 2017, '2007-03-17 15:00:58', '000000');
insert into SYS_ROLE_MODULE (role_id, module_id, set_year, last_ver, RG_CODE)
values (73, 1001025701, 2017, '2007-03-17 15:00:58', '000000');
insert into SYS_ROLE_MODULE (role_id, module_id, set_year, last_ver, RG_CODE)
values (73, 1001060010, 2017, '2007-03-17 15:00:58', '000000');
insert into SYS_ROLE_MODULE (role_id, module_id, set_year, last_ver, RG_CODE)
values (73, 1001400010, 2017, '2007-03-17 15:00:58', '000000');
insert into SYS_ROLE_MODULE (role_id, module_id, set_year, last_ver, RG_CODE)
values (73, 112030070, 2017, '2007-03-17 15:00:58', '000000');
insert into SYS_ROLE_MODULE (role_id, module_id, set_year, last_ver, RG_CODE)
values (73, 115400010, 2017, '2007-03-17 15:00:58', '000000');
insert into SYS_ROLE_MODULE (role_id, module_id, set_year, last_ver, RG_CODE)
values (73, 115400020, 2017, '2007-03-17 15:00:58', '000000');
insert into SYS_ROLE_MODULE (role_id, module_id, set_year, last_ver, RG_CODE)
values (73, 115400030, 2017, '2007-03-17 15:00:58', '000000');
insert into SYS_ROLE_MODULE (role_id, module_id, set_year, last_ver, RG_CODE)
values (73, 115400040, 2017, '2007-03-17 15:00:58', '000000');
insert into SYS_ROLE_MODULE (role_id, module_id, set_year, last_ver, RG_CODE)
values (73, 115400050, 2017, '2007-03-17 15:00:58', '000000');
insert into SYS_ROLE_MODULE (role_id, module_id, set_year, last_ver, RG_CODE)
values (73, 121011, 2017, '2007-03-17 15:00:58', '000000');
insert into SYS_ROLE_MODULE (role_id, module_id, set_year, last_ver, RG_CODE)
values (73, 121002001, 2017, '2007-03-17 15:00:58', '000000');
insert into SYS_ROLE_MODULE (role_id, module_id, set_year, last_ver, RG_CODE)
values (73, 121005001, 2017, '2007-03-17 15:00:58', '000000');
insert into SYS_ROLE_MODULE (role_id, module_id, set_year, last_ver, RG_CODE)
values (73, 121005002, 2017, '2007-03-17 15:00:58', '000000');
insert into SYS_ROLE_MODULE (role_id, module_id, set_year, last_ver, RG_CODE)
values (73, 121005003, 2017, '2007-03-17 15:00:58', '000000');
insert into SYS_ROLE_MODULE (role_id, module_id, set_year, last_ver, RG_CODE)
values (73, 121008001, 2017, '2007-03-17 15:00:58', '000000');
insert into SYS_ROLE_MODULE (role_id, module_id, set_year, last_ver, RG_CODE)
values (73, 121008005, 2017, '2007-03-17 15:00:58', '000000');
insert into SYS_ROLE_MODULE (role_id, module_id, set_year, last_ver, RG_CODE)
values (73, 121008006, 2017, '2007-03-17 15:00:58', '000000');
insert into SYS_ROLE_MODULE (role_id, module_id, set_year, last_ver, RG_CODE)
values (73, 121008003, 2017, '2007-03-17 15:00:58', '000000');
insert into SYS_ROLE_MODULE (role_id, module_id, set_year, last_ver, RG_CODE)
values (73, 121008004, 2017, '2007-03-17 15:00:58', '000000');
insert into SYS_ROLE_MODULE (role_id, module_id, set_year, last_ver, RG_CODE)
values (73, 111401, 2017, '2007-03-17 15:00:58', '000000');
insert into SYS_ROLE_MODULE (role_id, module_id, set_year, last_ver, RG_CODE)
values (73, 121008001005, 2017, '2007-03-17 15:00:58', '000000');
insert into SYS_ROLE_MODULE (role_id, module_id, set_year, last_ver, RG_CODE)
values (73, 112040110, 2017, '2007-03-17 15:00:58', '000000');
insert into SYS_ROLE_MODULE (role_id, module_id, set_year, last_ver, RG_CODE)
values (73, 115100040, 2017, '2007-03-17 15:00:58', '000000');
insert into SYS_ROLE_MODULE (role_id, module_id, set_year, last_ver, RG_CODE)
values (73, 115500030, 2017, '2007-03-17 15:00:58', '000000');
insert into SYS_ROLE_MODULE (role_id, module_id, set_year, last_ver, RG_CODE)
values (73, 115100090, 2017, '2007-03-17 15:00:58', '000000');

insert into SYS_ROLE_MODULE (role_id, module_id, set_year, last_ver, RG_CODE)
values (73, 115500220, 2017, '2007-03-17 15:00:58', '000000');
insert into SYS_ROLE_MODULE (role_id, module_id, set_year, last_ver, RG_CODE)
values (73, 115200010, 2017, '2007-03-17 15:00:58', '000000');
insert into SYS_ROLE_MODULE (role_id, module_id, set_year, last_ver, RG_CODE)
values (73, 115300020, 2017, '2007-03-17 15:00:58', '000000');
insert into SYS_ROLE_MODULE (role_id, module_id, set_year, last_ver, RG_CODE)
values (73, 115300070, 2017, '2007-03-17 15:00:58', '000000');
insert into SYS_ROLE_MODULE (role_id, module_id, set_year, last_ver, RG_CODE)
values (73, 1001020090, 2017, '2007-03-17 15:00:58', '000000');
insert into SYS_ROLE_MODULE (role_id, module_id, set_year, last_ver, RG_CODE)
values (73, 121001001001, 2017, '2007-03-17 15:00:58', '000000');
insert into SYS_ROLE_MODULE (role_id, module_id, set_year, last_ver, RG_CODE)
values (73, 121001001002, 2017, '2007-03-17 15:00:58', '000000');
insert into SYS_ROLE_MODULE (role_id, module_id, set_year, last_ver, RG_CODE)
values (73, 121001001003, 2017, '2007-03-17 15:00:58', '000000');
insert into SYS_ROLE_MODULE (role_id, module_id, set_year, last_ver, RG_CODE)
values (73, 121001001004, 2017, '2007-03-17 15:00:58', '000000');
insert into SYS_ROLE_MODULE (role_id, module_id, set_year, last_ver, RG_CODE)
values (73, 121001001005, 2017, '2007-03-17 15:00:58', '000000');
insert into SYS_ROLE_MODULE (role_id, module_id, set_year, last_ver, RG_CODE)
values (73, 121001001006, 2017, '2007-03-17 15:00:58', '000000');
insert into SYS_ROLE_MODULE (role_id, module_id, set_year, last_ver, RG_CODE)
values (73, 121011002, 2017, '2007-03-17 15:00:58', '000000');
insert into SYS_ROLE_MODULE (role_id, module_id, set_year, last_ver, RG_CODE)
values (73, 121011003, 2017, '2007-03-17 15:00:58', '000000');
insert into SYS_ROLE_MODULE (role_id, module_id, set_year, last_ver, RG_CODE)
values (73, 121011004, 2017, '2007-03-17 15:00:58', '000000');
insert into SYS_ROLE_MODULE (role_id, module_id, set_year, last_ver, RG_CODE)
values (73, 121011005, 2017, '2007-03-17 15:00:58', '000000');
insert into SYS_ROLE_MODULE (role_id, module_id, set_year, last_ver, RG_CODE)
values (73, 121011006, 2017, '2007-03-17 15:00:58', '000000');
insert into SYS_ROLE_MODULE (role_id, module_id, set_year, last_ver, RG_CODE)
values (73, 121010, 2017, '2007-03-17 15:00:58', '000000');
insert into SYS_ROLE_MODULE (role_id, module_id, set_year, last_ver, RG_CODE)
values (73, 1001010020, 2017, '2007-03-17 15:00:58', '000000');
insert into SYS_ROLE_MODULE (role_id, module_id, set_year, last_ver, RG_CODE)
values (73, 1001010090, 2017, '2007-03-17 15:00:58', '000000');
insert into SYS_ROLE_MODULE (role_id, module_id, set_year, last_ver, RG_CODE)
values (73, 1001010110, 2017, '2007-03-17 15:00:58', '000000');
insert into SYS_ROLE_MODULE (role_id, module_id, set_year, last_ver, RG_CODE)
values (73, 1001010130, 2017, '2007-03-17 15:00:58', '000000');
insert into SYS_ROLE_MODULE (role_id, module_id, set_year, last_ver, RG_CODE)
values (73, 1001400140, 2017, '2007-03-17 15:00:58', '000000');
insert into SYS_ROLE_MODULE (role_id, module_id, set_year, last_ver, RG_CODE)
values (73, 1001400030, 2017, '2007-03-17 15:00:58', '000000');
insert into SYS_ROLE_MODULE (role_id, module_id, set_year, last_ver, RG_CODE)
values (73, 1001400160, 2017, '2007-03-17 15:00:58', '000000');
insert into SYS_ROLE_MODULE (role_id, module_id, set_year, last_ver, RG_CODE)
values (73, 1001020010, 2017, '2007-03-17 15:00:58', '000000');
insert into SYS_ROLE_MODULE (role_id, module_id, set_year, last_ver, RG_CODE)
values (73, 1001020020, 2017, '2007-03-17 15:00:58', '000000');
insert into SYS_ROLE_MODULE (role_id, module_id, set_year, last_ver, RG_CODE)
values (73, 1001020080, 2017, '2007-03-17 15:00:58', '000000');
insert into SYS_ROLE_MODULE (role_id, module_id, set_year, last_ver, RG_CODE)
values (73, 1001020100, 2017, '2007-03-17 15:00:58', '000000');
insert into SYS_ROLE_MODULE (role_id, module_id, set_year, last_ver, RG_CODE)
values (73, 1001025001, 2017, '2007-03-17 15:00:58', '000000');
insert into SYS_ROLE_MODULE (role_id, module_id, set_year, last_ver, RG_CODE)
values (73, 1001025003, 2017, '2007-03-17 15:00:58', '000000');
insert into SYS_ROLE_MODULE (role_id, module_id, set_year, last_ver, RG_CODE)
values (73, 1001025004, 2017, '2007-03-17 15:00:58', '000000');
insert into SYS_ROLE_MODULE (role_id, module_id, set_year, last_ver, RG_CODE)
values (73, 1001025111, 2017, '2007-03-17 15:00:58', '000000');
insert into SYS_ROLE_MODULE (role_id, module_id, set_year, last_ver, RG_CODE)
values (73, 1001025201, 2017, '2007-03-17 15:00:58', '000000');
insert into SYS_ROLE_MODULE (role_id, module_id, set_year, last_ver, RG_CODE)
values (73, 1001025601, 2017, '2007-03-17 15:00:58', '000000');
insert into SYS_ROLE_MODULE (role_id, module_id, set_year, last_ver, RG_CODE)
values (73, 1001201001, 2017, '2007-03-17 15:00:58', '000000');
insert into SYS_ROLE_MODULE (role_id, module_id, set_year, last_ver, RG_CODE)
values (73, 1001201002, 2017, '2007-03-17 15:00:58', '000000');
insert into SYS_ROLE_MODULE (role_id, module_id, set_year, last_ver, RG_CODE)
values (73, 1001201011, 2017, '2007-03-17 15:00:58', '000000');
insert into SYS_ROLE_MODULE (role_id, module_id, set_year, last_ver, RG_CODE)
values (73, 1001201101, 2017, '2007-03-17 15:00:58', '000000');
insert into SYS_ROLE_MODULE (role_id, module_id, set_year, last_ver, RG_CODE)
values (73, 1001400071, 2017, '2007-03-17 15:00:58', '000000');
insert into SYS_ROLE_MODULE (role_id, module_id, set_year, last_ver, RG_CODE)
values (73, 1001400020, 2017, '2007-03-17 15:00:58', '000000');
insert into SYS_ROLE_MODULE (role_id, module_id, set_year, last_ver, RG_CODE)
values (73, 1001400080, 2017, '2007-03-17 15:00:58', '000000');
insert into SYS_ROLE_MODULE (role_id, module_id, set_year, last_ver, RG_CODE)
values (73, 1001201210, 2017, '2007-03-17 15:00:58', '000000');
insert into SYS_ROLE_MODULE (role_id, module_id, set_year, last_ver, RG_CODE)
values (73, 111101001, 2017, '2007-03-17 15:00:58', '000000');
insert into SYS_ROLE_MODULE (role_id, module_id, set_year, last_ver, RG_CODE)
values (73, 121002001001, 2017, '2007-03-17 15:00:58', '000000');
insert into SYS_ROLE_MODULE (role_id, module_id, set_year, last_ver, RG_CODE)
values (73, 121002001002, 2017, '2007-03-17 15:00:58', '000000');
insert into SYS_ROLE_MODULE (role_id, module_id, set_year, last_ver, RG_CODE)
values (73, 121002001003, 2017, '2007-03-17 15:00:58', '000000');
insert into SYS_ROLE_MODULE (role_id, module_id, set_year, last_ver, RG_CODE)
values (73, 121002001004, 2017, '2007-03-17 15:00:58', '000000');
insert into SYS_ROLE_MODULE (role_id, module_id, set_year, last_ver, RG_CODE)
values (73, 121002001005, 2017, '2007-03-17 15:00:58', '000000');
insert into SYS_ROLE_MODULE (role_id, module_id, set_year, last_ver, RG_CODE)
values (73, 121002001006, 2017, '2007-03-17 15:00:58', '000000');
insert into SYS_ROLE_MODULE (role_id, module_id, set_year, last_ver, RG_CODE)
values (73, 121002001007, 2017, '2007-03-17 15:00:58', '000000');
insert into SYS_ROLE_MODULE (role_id, module_id, set_year, last_ver, RG_CODE)
values (73, 121011001, 2017, '2007-03-17 15:00:58', '000000');
insert into SYS_ROLE_MODULE (role_id, module_id, set_year, last_ver, RG_CODE)
values (73, 121002001008, 2017, '2007-03-17 15:00:58', '000000');
insert into SYS_ROLE_MODULE (role_id, module_id, set_year, last_ver, RG_CODE)
values (73, 121002001009, 2017, '2007-03-17 15:00:58', '000000');
insert into SYS_ROLE_MODULE (role_id, module_id, set_year, last_ver, RG_CODE)
values (73, 121002001010, 2017, '2007-03-17 15:00:58', '000000');
insert into SYS_ROLE_MODULE (role_id, module_id, set_year, last_ver, RG_CODE)
values (73, 121011007001, 2017, '2007-03-17 15:00:58', '000000');
insert into SYS_ROLE_MODULE (role_id, module_id, set_year, last_ver, RG_CODE)
values (73, 121011007002, 2017, '2007-03-17 15:00:58', '000000');
insert into SYS_ROLE_MODULE (role_id, module_id, set_year, last_ver, RG_CODE)
values (73, 121003006, 2017, '2007-03-17 15:00:58', '000000');
insert into SYS_ROLE_MODULE (role_id, module_id, set_year, last_ver, RG_CODE)
values (73, 121008001001, 2017, '2007-03-17 15:00:58', '000000');
insert into SYS_ROLE_MODULE (role_id, module_id, set_year, last_ver, RG_CODE)
values (73, 121008001002, 2017, '2007-03-17 15:00:58', '000000');

insert into SYS_RULE (rule_id, rule_code, rule_name, remark, set_year, enabled, rule_classify, sys_remark, right_type, create_user, create_date, latest_op_user, latest_op_date, last_ver, RG_CODE)
values (187, '000', '超级权限', null, 2017, 1, '006', null, 0, null, null, null, null, null, '000000');
insert into SYS_RULE (rule_id, rule_code, rule_name, remark, set_year, enabled, rule_classify, sys_remark, right_type, create_user, create_date, latest_op_user, latest_op_date, last_ver, RG_CODE)
values (297, '661001', '当年预算/年初控制数', null, 2017, 1, '003', null, 1, null, null, null, null, null, '000000');
insert into SYS_RULE (rule_id, rule_code, rule_name, remark, set_year, enabled, rule_classify, sys_remark, right_type, create_user, create_date, latest_op_user, latest_op_date, last_ver, RG_CODE)
values (305, '661005', '采购', null, 2017, 1, '003', null, 1, null, null, null, null, null, '000000');
insert into SYS_RULE (rule_id, rule_code, rule_name, remark, set_year, enabled, rule_classify, sys_remark, right_type, create_user, create_date, latest_op_user, latest_op_date, last_ver, RG_CODE)
values (303, '661004', '无指标', null, 2017, 1, '003', null, 1, null, null, null, null, null, '000000');
insert into SYS_RULE (rule_id, rule_code, rule_name, remark, set_year, enabled, rule_classify, sys_remark, right_type, create_user, create_date, latest_op_user, latest_op_date, last_ver, RG_CODE)
values (301, '661003', '列支指标', null, 2017, 1, '003', null, 1, null, null, null, null, null, '000000');
insert into SYS_RULE (rule_id, rule_code, rule_name, remark, set_year, enabled, rule_classify, sys_remark, right_type, create_user, create_date, latest_op_user, latest_op_date, last_ver, RG_CODE)
values (299, '661002', '预拨指标', null, 2017, 1, '003', null, 1, null, null, null, null, null, '000000');
insert into SYS_RULE (rule_id, rule_code, rule_name, remark, set_year, enabled, rule_classify, sys_remark, right_type, create_user, create_date, latest_op_user, latest_op_date, last_ver, RG_CODE)
values (309, '665001', '当年预算/年初控制数', null, 2017, 1, '003', null, 1, null, null, null, null, null, '000000');
insert into SYS_RULE (rule_id, rule_code, rule_name, remark, set_year, enabled, rule_classify, sys_remark, right_type, create_user, create_date, latest_op_user, latest_op_date, last_ver, RG_CODE)
values (307, '665002', '预拨支出', null, 2017, 1, '003', null, 1, null, null, null, null, null, '000000');
insert into SYS_RULE (rule_id, rule_code, rule_name, remark, set_year, enabled, rule_classify, sys_remark, right_type, create_user, create_date, latest_op_user, latest_op_date, last_ver, RG_CODE)
values (314, '665004', '无指标', null, 2017, 1, '003', null, 1, null, null, null, null, null, '000000');
insert into SYS_RULE (rule_id, rule_code, rule_name, remark, set_year, enabled, rule_classify, sys_remark, right_type, create_user, create_date, latest_op_user, latest_op_date, last_ver, RG_CODE)
values (316, '665005', '宁波合同（采购）', null, 2017, 1, '003', null, 1, null, null, null, null, null, '000000');
insert into SYS_RULE (rule_id, rule_code, rule_name, remark, set_year, enabled, rule_classify, sys_remark, right_type, create_user, create_date, latest_op_user, latest_op_date, last_ver, RG_CODE)
values (312, '665003', '列支指标', null, 2017, 1, '003', null, 1, null, null, null, null, null, '000000');
insert into SYS_RULE (rule_id, rule_code, rule_name, remark, set_year, enabled, rule_classify, sys_remark, right_type, create_user, create_date, latest_op_user, latest_op_date, last_ver, RG_CODE)
values (322, '605001', '自筹指标', null, 2017, 1, '003', null, 1, null, null, null, null, null, '000000');
insert into SYS_RULE (rule_id, rule_code, rule_name, remark, set_year, enabled, rule_classify, sys_remark, right_type, create_user, create_date, latest_op_user, latest_op_date, last_ver, RG_CODE)
values (37, '532', '自筹以收定支', null, 2017, 1, '003', null, 1, null, null, null, null, null, '000000');
insert into SYS_RULE (rule_id, rule_code, rule_name, remark, set_year, enabled, rule_classify, sys_remark, right_type, create_user, create_date, latest_op_user, latest_op_date, last_ver, RG_CODE)
values (289, '641002', '自筹', null, 2017, 1, '003', null, 1, null, null, null, null, null, '000000');
insert into SYS_RULE (rule_id, rule_code, rule_name, remark, set_year, enabled, rule_classify, sys_remark, right_type, create_user, create_date, latest_op_user, latest_op_date, last_ver, RG_CODE)
values (287, '641001', '非自筹', null, 2017, 1, '003', null, 1, null, null, null, null, null, '000000');
insert into SYS_RULE (rule_id, rule_code, rule_name, remark, set_year, enabled, rule_classify, sys_remark, right_type, create_user, create_date, latest_op_user, latest_op_date, last_ver, RG_CODE)
values (294, '651002', '采购', null, 2017, 1, '003', null, 1, null, null, null, null, null, '000000');
insert into SYS_RULE (rule_id, rule_code, rule_name, remark, set_year, enabled, rule_classify, sys_remark, right_type, create_user, create_date, latest_op_user, latest_op_date, last_ver, RG_CODE)
values (292, '651001', '非采购', null, 2017, 1, '003', null, 1, null, null, null, null, null, '000000');
insert into SYS_RULE (rule_id, rule_code, rule_name, remark, set_year, enabled, rule_classify, sys_remark, right_type, create_user, create_date, latest_op_user, latest_op_date, last_ver, RG_CODE)
values (335, '652002', '采购', null, 2017, 1, '003', null, 1, null, null, null, null, null, '000000');
insert into SYS_RULE (rule_id, rule_code, rule_name, remark, set_year, enabled, rule_classify, sys_remark, right_type, create_user, create_date, latest_op_user, latest_op_date, last_ver, RG_CODE)
values (277, '631001', '当年正式指标', null, 2017, 1, '003', null, 1, null, null, null, null, null, '000000');
insert into SYS_RULE (rule_id, rule_code, rule_name, remark, set_year, enabled, rule_classify, sys_remark, right_type, create_user, create_date, latest_op_user, latest_op_date, last_ver, RG_CODE)
values (279, '631002', '年初控制数', null, 2017, 1, '003', null, 1, null, null, null, null, null, '000000');
insert into SYS_RULE (rule_id, rule_code, rule_name, remark, set_year, enabled, rule_classify, sys_remark, right_type, create_user, create_date, latest_op_user, latest_op_date, last_ver, RG_CODE)
values (281, '631003', '预拨指标', null, 2017, 1, '003', null, 1, null, null, null, null, null, '000000');
insert into SYS_RULE (rule_id, rule_code, rule_name, remark, set_year, enabled, rule_classify, sys_remark, right_type, create_user, create_date, latest_op_user, latest_op_date, last_ver, RG_CODE)
values (283, '631004', '列支年结指标', null, 2017, 1, '003', null, 1, null, null, null, null, null, '000000');
insert into SYS_RULE (rule_id, rule_code, rule_name, remark, set_year, enabled, rule_classify, sys_remark, right_type, create_user, create_date, latest_op_user, latest_op_date, last_ver, RG_CODE)
values (285, '631005', '其它资金', null, 2017, 1, '003', null, 1, null, null, null, null, null, '000000');
insert into SYS_RULE (rule_id, rule_code, rule_name, remark, set_year, enabled, rule_classify, sys_remark, right_type, create_user, create_date, latest_op_user, latest_op_date, last_ver, RG_CODE)
values (539, '131004', '年结计划资金权限', null, 2017, 1, '003', null, 1, null, null, null, null, null, '000000');
insert into SYS_RULE (rule_id, rule_code, rule_name, remark, set_year, enabled, rule_classify, sys_remark, right_type, create_user, create_date, latest_op_user, latest_op_date, last_ver, RG_CODE)
values (537, '131003', '计划年结权限', null, 2017, 1, '003', null, 1, null, null, null, null, null, '000000');
insert into SYS_RULE (rule_id, rule_code, rule_name, remark, set_year, enabled, rule_classify, sys_remark, right_type, create_user, create_date, latest_op_user, latest_op_date, last_ver, RG_CODE)
values (543, '654', '年结不生成自筹指标', '年结不生成自筹指标', 2017, 1, '003', null, 1, null, null, null, null, null, '000000');
insert into SYS_RULE (rule_id, rule_code, rule_name, remark, set_year, enabled, rule_classify, sys_remark, right_type, create_user, create_date, latest_op_user, latest_op_date, last_ver, RG_CODE)
values (546, '655', '年结不生成自筹指标', '年结不生成自筹指标', 2017, 1, '003', null, 1, null, null, null, null, null, '000000');
insert into SYS_RULE (rule_id, rule_code, rule_name, remark, set_year, enabled, rule_classify, sys_remark, right_type, create_user, create_date, latest_op_user, latest_op_date, last_ver, RG_CODE)
values (999, '652011', '生成计划', '生成计划', 2017, 1, '003', null, 1, null, null, null, null, null, '000000');

insert into SYS_STATUS (status_id, status_name, status_code, last_ver)
values ('{26C5597A-02B0-4B0A-8E5E-C3F30612F202}', '未确认', '001', '2006-08-29 16:45:00');
insert into SYS_STATUS (status_id, status_name, status_code, last_ver)
values ('{91FA49E4-9630-423B-8025-99CAD5ADEF50}', '已确认', '002', '2006-08-29 16:45:00');
insert into SYS_STATUS (status_id, status_name, status_code, last_ver)
values ('{610449EB-78CC-4269-9B69-1F8FB8408CFF}', '已退回', '003', '2006-08-29 16:45:00');
insert into SYS_STATUS (status_id, status_name, status_code, last_ver)
values ('{8FEDC3D1-3768-457A-9BF8-1C3319989893}', '被退回', '004', '2006-08-29 16:45:00');
insert into SYS_STATUS (status_id, status_name, status_code, last_ver)
values ('{FD62AD5B-A22D-404A-90BB-337F667A4001}', '已挂起', '101', '2006-08-29 16:45:00');
insert into SYS_STATUS (status_id, status_name, status_code, last_ver)
values ('{3EF10CA3-A1AE-4DEC-BCAD-DB1C1D2D678F}', '已删除', '102', '2006-08-29 16:45:00');
insert into SYS_STATUS (status_id, status_name, status_code, last_ver)
values ('{08DB04AC-FE69-4C7C-84E9-568E7970A024}', '已作废', '103', '2006-08-29 16:45:00');
insert into SYS_STATUS (status_id, status_name, status_code, last_ver)
values ('{7B35E12E-875F-425F-BD19-AACE4403CFFD}', '未生成', '001|004', '2006-08-29 16:45:00');
insert into SYS_STATUS (status_id, status_name, status_code, last_ver)
values ('{8A98726A-81D8-4A94-9893-CA54C448D68E}', '全部', '000', '2007-12-11 15:32:47');
insert into SYS_STATUS (status_id, status_name, status_code, last_ver)
values ('{EF6AE69E-75A4-4FEE-8D7A-7FE86774AADC}', '已修改', '005', '2006-08-29 16:45:00');
insert into SYS_STATUS (status_id, status_name, status_code, last_ver)
values ('{5BC48239-6E47-11DB-BEB7-FDB0FD63CBEC}', '回单已确认', '210003', null);
insert into SYS_STATUS (status_id, status_name, status_code, last_ver)
values ('{6289E83A-6E47-11DB-BEB7-FDB0FD63CBEC}', '回单未确认', '210004', null);
insert into SYS_STATUS (status_id, status_name, status_code, last_ver)
values ('{D757E393-6882-11DB-947D-BE743A507468}', '未审批', '210001', null);
insert into SYS_STATUS (status_id, status_name, status_code, last_ver)
values ('{DE2BA174-6882-11DB-947D-BE743A507468}', '已审批', '210002', null);
insert into SYS_STATUS (status_id, status_name, status_code, last_ver)
values ('{47379426-2E9D-4F02-9FF4-235020098801}', '曾经办', '008', '16-3月 -09');

insert into SYS_SYNC_FIELD_MAPPING (ele_code, ele_field, fasp_field)
values ('BC', 'CHR_CODE', 'CODE');
insert into SYS_SYNC_FIELD_MAPPING (ele_code, ele_field, fasp_field)
values ('BC', 'DISP_CODE', 'CODE');
insert into SYS_SYNC_FIELD_MAPPING (ele_code, ele_field, fasp_field)
values ('BIS', 'CHR_CODE', 'CODE');
insert into SYS_SYNC_FIELD_MAPPING (ele_code, ele_field, fasp_field)
values ('BIS', 'DISP_CODE', 'CODE');
insert into SYS_SYNC_FIELD_MAPPING (ele_code, ele_field, fasp_field)
values ('AGENCYEXP', 'CHR_CODE', 'CODE');
insert into SYS_SYNC_FIELD_MAPPING (ele_code, ele_field, fasp_field)
values ('AGENCYEXP', 'DISP_CODE', 'CODE');
insert into SYS_SYNC_FIELD_MAPPING (ele_code, ele_field, fasp_field)
values ('BGTSOURCE', 'CHR_CODE', 'CODE');
insert into SYS_SYNC_FIELD_MAPPING (ele_code, ele_field, fasp_field)
values ('BGTSOURCE', 'DISP_CODE', 'CODE');
insert into SYS_SYNC_FIELD_MAPPING (ele_code, ele_field, fasp_field)
values ('EXPFUNC', 'CHR_CODE', 'CODE');
insert into SYS_SYNC_FIELD_MAPPING (ele_code, ele_field, fasp_field)
values ('EXPFUNC', 'DISP_CODE', 'CODE');
insert into SYS_SYNC_FIELD_MAPPING (ele_code, ele_field, fasp_field)
values ('EXPECO', 'CHR_CODE', 'CODE');
insert into SYS_SYNC_FIELD_MAPPING (ele_code, ele_field, fasp_field)
values ('EXPECO', 'DISP_CODE', 'CODE');
insert into SYS_SYNC_FIELD_MAPPING (ele_code, ele_field, fasp_field)
values ('BGTDIR', 'CHR_CODE', 'CODE');
insert into SYS_SYNC_FIELD_MAPPING (ele_code, ele_field, fasp_field)
values ('BGTDIR', 'DISP_CODE', 'CODE');
insert into SYS_SYNC_FIELD_MAPPING (ele_code, ele_field, fasp_field)
values ('AGENCY', 'CHR_CODE', 'CODE');
insert into SYS_SYNC_FIELD_MAPPING (ele_code, ele_field, fasp_field)
values ('AGENCY', 'DISP_CODE', 'CODE');
insert into SYS_SYNC_FIELD_MAPPING (ele_code, ele_field, fasp_field)
values ('IN_BS', 'CHR_CODE', 'CODE');
insert into SYS_SYNC_FIELD_MAPPING (ele_code, ele_field, fasp_field)
values ('IN_BS', 'DISP_CODE', 'CODE');
insert into SYS_SYNC_FIELD_MAPPING (ele_code, ele_field, fasp_field)
values ('MB', 'CHR_CODE', 'CODE');
insert into SYS_SYNC_FIELD_MAPPING (ele_code, ele_field, fasp_field)
values ('MB', 'DISP_CODE', 'CODE');
insert into SYS_SYNC_FIELD_MAPPING (ele_code, ele_field, fasp_field)
values ('FUNDTYPE', 'CHR_CODE', 'CODE');
insert into SYS_SYNC_FIELD_MAPPING (ele_code, ele_field, fasp_field)
values ('FUNDTYPE', 'DISP_CODE', 'CODE');
insert into SYS_SYNC_FIELD_MAPPING (ele_code, ele_field, fasp_field)
values ('PAYTYPE', 'CHR_CODE', 'CODE');
insert into SYS_SYNC_FIELD_MAPPING (ele_code, ele_field, fasp_field)
values ('PAYTYPE', 'DISP_CODE', 'CODE');
insert into SYS_SYNC_FIELD_MAPPING (ele_code, ele_field, fasp_field)
values ('GZBS', 'CHR_CODE', 'CODE');
insert into SYS_SYNC_FIELD_MAPPING (ele_code, ele_field, fasp_field)
values ('GZBS', 'DISP_CODE', 'CODE');
insert into SYS_SYNC_FIELD_MAPPING (ele_code, ele_field, fasp_field)
values ('BGTTYPE', 'CHR_CODE', 'CODE');
insert into SYS_SYNC_FIELD_MAPPING (ele_code, ele_field, fasp_field)
values ('BGTTYPE', 'DISP_CODE', 'CODE');
insert into SYS_SYNC_FIELD_MAPPING (ele_code, ele_field, fasp_field)
values ('BP', 'CHR_CODE', 'CODE');
insert into SYS_SYNC_FIELD_MAPPING (ele_code, ele_field, fasp_field)
values ('BP', 'DISP_CODE', 'CODE');
insert into SYS_SYNC_FIELD_MAPPING (ele_code, ele_field, fasp_field)
values ('BIS', 'END_DATE', 'ENDDATE');
insert into SYS_SYNC_FIELD_MAPPING (ele_code, ele_field, fasp_field)
values ('AGENCY', 'END_DATE', 'ENDDATE');
insert into SYS_SYNC_FIELD_MAPPING (ele_code, ele_field, fasp_field)
values ('AGENCY', 'UNION_CODE', 'ISBNCODE');
insert into SYS_SYNC_FIELD_MAPPING (ele_code, ele_field, fasp_field)
values ('BIS', 'IS_LEAF', 'ISLEAF');
insert into SYS_SYNC_FIELD_MAPPING (ele_code, ele_field, fasp_field)
values ('AGENCYEXP', 'IS_LEAF', 'ISLEAF');
insert into SYS_SYNC_FIELD_MAPPING (ele_code, ele_field, fasp_field)
values ('EXPFUNC', 'IS_LEAF', 'ISLEAF');
insert into SYS_SYNC_FIELD_MAPPING (ele_code, ele_field, fasp_field)
values ('EXPECO', 'IS_LEAF', 'ISLEAF');
insert into SYS_SYNC_FIELD_MAPPING (ele_code, ele_field, fasp_field)
values ('BGTDIR', 'IS_LEAF', 'ISLEAF');
insert into SYS_SYNC_FIELD_MAPPING (ele_code, ele_field, fasp_field)
values ('AGENCY', 'IS_LEAF', 'ISLEAF');
insert into SYS_SYNC_FIELD_MAPPING (ele_code, ele_field, fasp_field)
values ('IN_BS', 'IS_LEAF', 'ISLEAF');
insert into SYS_SYNC_FIELD_MAPPING (ele_code, ele_field, fasp_field)
values ('FUNDTYPE', 'IS_LEAF', 'ISLEAF');
insert into SYS_SYNC_FIELD_MAPPING (ele_code, ele_field, fasp_field)
values ('PAYTYPE', 'IS_LEAF', 'ISLEAF');
insert into SYS_SYNC_FIELD_MAPPING (ele_code, ele_field, fasp_field)
values ('BGTTYPE', 'IS_LEAF', 'ISLEAF');
insert into SYS_SYNC_FIELD_MAPPING (ele_code, ele_field, fasp_field)
values ('BC', 'CHR_ID', 'ITEMID');
insert into SYS_SYNC_FIELD_MAPPING (ele_code, ele_field, fasp_field)
values ('BIS', 'CHR_ID', 'ITEMID');
insert into SYS_SYNC_FIELD_MAPPING (ele_code, ele_field, fasp_field)
values ('AGENCYEXP', 'CHR_ID', 'ITEMID');
insert into SYS_SYNC_FIELD_MAPPING (ele_code, ele_field, fasp_field)
values ('BGTSOURCE', 'CHR_ID', 'ITEMID');
insert into SYS_SYNC_FIELD_MAPPING (ele_code, ele_field, fasp_field)
values ('EXPFUNC', 'CHR_ID', 'ITEMID');
insert into SYS_SYNC_FIELD_MAPPING (ele_code, ele_field, fasp_field)
values ('EXPECO', 'CHR_ID', 'ITEMID');
insert into SYS_SYNC_FIELD_MAPPING (ele_code, ele_field, fasp_field)
values ('BGTDIR', 'CHR_ID', 'ITEMID');
insert into SYS_SYNC_FIELD_MAPPING (ele_code, ele_field, fasp_field)
values ('AGENCY', 'CHR_ID', 'ITEMID');
insert into SYS_SYNC_FIELD_MAPPING (ele_code, ele_field, fasp_field)
values ('IN_BS', 'CHR_ID', 'ITEMID');
insert into SYS_SYNC_FIELD_MAPPING (ele_code, ele_field, fasp_field)
values ('MB', 'CHR_ID', 'ITEMID');
insert into SYS_SYNC_FIELD_MAPPING (ele_code, ele_field, fasp_field)
values ('FUNDTYPE', 'CHR_ID', 'ITEMID');
insert into SYS_SYNC_FIELD_MAPPING (ele_code, ele_field, fasp_field)
values ('PAYTYPE', 'CHR_ID', 'ITEMID');
insert into SYS_SYNC_FIELD_MAPPING (ele_code, ele_field, fasp_field)
values ('GZBS', 'CHR_ID', 'ITEMID');
insert into SYS_SYNC_FIELD_MAPPING (ele_code, ele_field, fasp_field)
values ('BGTTYPE', 'CHR_ID', 'ITEMID');
insert into SYS_SYNC_FIELD_MAPPING (ele_code, ele_field, fasp_field)
values ('BP', 'CHR_ID', 'ITEMID');
insert into SYS_SYNC_FIELD_MAPPING (ele_code, ele_field, fasp_field)
values ('BIS', 'LEVEL_NUM', 'LEVELNO');
insert into SYS_SYNC_FIELD_MAPPING (ele_code, ele_field, fasp_field)
values ('AGENCYEXP', 'LEVEL_NUM', 'LEVELNO');
insert into SYS_SYNC_FIELD_MAPPING (ele_code, ele_field, fasp_field)
values ('EXPFUNC', 'LEVEL_NUM', 'LEVELNO');
insert into SYS_SYNC_FIELD_MAPPING (ele_code, ele_field, fasp_field)
values ('EXPECO', 'LEVEL_NUM', 'LEVELNO');
insert into SYS_SYNC_FIELD_MAPPING (ele_code, ele_field, fasp_field)
values ('BGTDIR', 'LEVEL_NUM', 'LEVELNO');
insert into SYS_SYNC_FIELD_MAPPING (ele_code, ele_field, fasp_field)
values ('AGENCY', 'LEVEL_NUM', 'LEVELNO');
insert into SYS_SYNC_FIELD_MAPPING (ele_code, ele_field, fasp_field)
values ('IN_BS', 'LEVEL_NUM', 'LEVELNO');
insert into SYS_SYNC_FIELD_MAPPING (ele_code, ele_field, fasp_field)
values ('FUNDTYPE', 'LEVEL_NUM', 'LEVELNO');
insert into SYS_SYNC_FIELD_MAPPING (ele_code, ele_field, fasp_field)
values ('PAYTYPE', 'LEVEL_NUM', 'LEVELNO');
insert into SYS_SYNC_FIELD_MAPPING (ele_code, ele_field, fasp_field)
values ('BGTTYPE', 'LEVEL_NUM', 'LEVELNO');
insert into SYS_SYNC_FIELD_MAPPING (ele_code, ele_field, fasp_field)
values ('BC', 'CHR_NAME', 'NAME');
insert into SYS_SYNC_FIELD_MAPPING (ele_code, ele_field, fasp_field)
values ('BIS', 'CHR_NAME', 'NAME');
insert into SYS_SYNC_FIELD_MAPPING (ele_code, ele_field, fasp_field)
values ('AGENCYEXP', 'CHR_NAME', 'NAME');
insert into SYS_SYNC_FIELD_MAPPING (ele_code, ele_field, fasp_field)
values ('BGTSOURCE', 'CHR_NAME', 'NAME');
insert into SYS_SYNC_FIELD_MAPPING (ele_code, ele_field, fasp_field)
values ('EXPFUNC', 'CHR_NAME', 'NAME');
insert into SYS_SYNC_FIELD_MAPPING (ele_code, ele_field, fasp_field)
values ('EXPECO', 'CHR_NAME', 'NAME');
insert into SYS_SYNC_FIELD_MAPPING (ele_code, ele_field, fasp_field)
values ('BGTDIR', 'CHR_NAME', 'NAME');
insert into SYS_SYNC_FIELD_MAPPING (ele_code, ele_field, fasp_field)
values ('AGENCY', 'CHR_NAME', 'NAME');
insert into SYS_SYNC_FIELD_MAPPING (ele_code, ele_field, fasp_field)
values ('IN_BS', 'CHR_NAME', 'NAME');
insert into SYS_SYNC_FIELD_MAPPING (ele_code, ele_field, fasp_field)
values ('MB', 'CHR_NAME', 'NAME');
insert into SYS_SYNC_FIELD_MAPPING (ele_code, ele_field, fasp_field)
values ('FUNDTYPE', 'CHR_NAME', 'NAME');
insert into SYS_SYNC_FIELD_MAPPING (ele_code, ele_field, fasp_field)
values ('PAYTYPE', 'CHR_NAME', 'NAME');
insert into SYS_SYNC_FIELD_MAPPING (ele_code, ele_field, fasp_field)
values ('GZBS', 'CHR_NAME', 'NAME');
insert into SYS_SYNC_FIELD_MAPPING (ele_code, ele_field, fasp_field)
values ('BGTTYPE', 'CHR_NAME', 'NAME');
insert into SYS_SYNC_FIELD_MAPPING (ele_code, ele_field, fasp_field)
values ('BP', 'CHR_NAME', 'NAME');
insert into SYS_SYNC_FIELD_MAPPING (ele_code, ele_field, fasp_field)
values ('AGENCY', 'SECRETDEGREE', 'SECRETDEGREE');
insert into SYS_SYNC_FIELD_MAPPING (ele_code, ele_field, fasp_field)
values ('BIS', 'START_DATE', 'STARTDATE');
insert into SYS_SYNC_FIELD_MAPPING (ele_code, ele_field, fasp_field)
values ('BIS', 'CREATE_DATE', 'STARTDATE');
insert into SYS_SYNC_FIELD_MAPPING (ele_code, ele_field, fasp_field)
values ('AGENCYEXP', 'CREATE_DATE', 'STARTDATE');
insert into SYS_SYNC_FIELD_MAPPING (ele_code, ele_field, fasp_field)
values ('EXPFUNC', 'CREATE_DATE', 'STARTDATE');
insert into SYS_SYNC_FIELD_MAPPING (ele_code, ele_field, fasp_field)
values ('EXPECO', 'CREATE_DATE', 'STARTDATE');
insert into SYS_SYNC_FIELD_MAPPING (ele_code, ele_field, fasp_field)
values ('BGTDIR', 'CREATE_DATE', 'STARTDATE');
insert into SYS_SYNC_FIELD_MAPPING (ele_code, ele_field, fasp_field)
values ('AGENCY', 'START_DATE', 'STARTDATE');
insert into SYS_SYNC_FIELD_MAPPING (ele_code, ele_field, fasp_field)
values ('AGENCY', 'CREATE_DATE', 'STARTDATE');
insert into SYS_SYNC_FIELD_MAPPING (ele_code, ele_field, fasp_field)
values ('IN_BS', 'CREATE_DATE', 'STARTDATE');
insert into SYS_SYNC_FIELD_MAPPING (ele_code, ele_field, fasp_field)
values ('FUNDTYPE', 'CREATE_DATE', 'STARTDATE');
insert into SYS_SYNC_FIELD_MAPPING (ele_code, ele_field, fasp_field)
values ('PAYTYPE', 'CREATE_DATE', 'STARTDATE');